ENTITY_ID,COMPANY_CODE,TEMPLATE_NAME,CONTENT,CLEANED_CONTENT
3,INTERPARKTICKET,인터파크티켓 _템플릿,"고객님, 안녕하세요. 인터파크 티켓을 찾아주셔서 감사합니다. 인터파크 티켓을 이용하는 모든 고객 여러분께 편리한 서비스와 다양한 혜택을 제공하도록 더 노력하겠습니다. 감사합니다.","고객님, 안녕하세요. 인터파크 티켓을 찾아주셔서 감사합니다. 인터파크 티켓을 이용하는 모든 고객 여러분께 편리한 서비스와 다양한 혜택을 제공하도록 더 노력하겠습니다. 감사합니다."
70,INTERPARKTICKET,"고객님, 안녕하세요. 인터파크 티켓을 찾아주셔서 감사합니다.","고객님, 안녕하세요. 인터파크 티켓을 찾아주셔서 감사합니다. 인터파크 티켓을 이용하는 모든 고객 여러분께 편리한 서비스와 다양한 혜택을 제공하도록 더 노력하겠습니다. 감사합니다. <인터파크티켓 고객센터> * 1:1 문의 : 인터파크티켓 앱 > [마이페이지] > [1:1 문의하기] * 전화 : 1544-1555 (해외 이용 시: +82-2-1544-1555) * 상담 가능 시간 : 09시~18시 (연중무휴)","고객님, 안녕하세요. 인터파크 티켓을 찾아주셔서 감사합니다. 인터파크 티켓을 이용하는 모든 고객 여러분께 편리한 서비스와 다양한 혜택을 제공하도록 더 노력하겠습니다. 감사합니다. <인터파크티켓 고객센터> * 1:1 문의 : 인터파크티켓 앱 > [마이페이지] > [1:1 문의하기] * 전화 : 1544-1555 (해외 이용 시: +82-2-1544-1555) * 상담 가능 시간 : 09시~18시 (연중무휴)"
92,INTERPARKTICKET,[인터파크 티켓] 예매내역 변경 (기본),"고객님, 안녕하세요. 인터파크 티켓을 찾아주셔서 감사합니다. 문의하신 좌석 변경에 대한 답변입니다.
예약번호 :
공연제목 :
공연일시 : 좌석 등의 일부 변경을 원하시면 기존 예매 건을 취소하시고
재예매하셔야 하며, 취소 시 날짜별 취소수수료가 부과됩니다.
[ 할인 또한 재예매 시점을 기준으로 적용됩니다. ] 취소 없이 변경은 어려운 점 양해해 주시기 바랍니다. 다른 문의사항은 티켓 고객센터[1544-1555] 또는 1:1문의하기로
접수 바라며, 인터파크 티켓을 이용하는 모든 고객 여러분께
편리한 서비스와 다양한 혜택을 제공하도록 더 노력하겠습니다.
감사합니다.","고객님, 안녕하세요. 인터파크 티켓을 찾아주셔서 감사합니다. 문의하신 좌석 변경에 대한 답변입니다.
예약번호 :
공연제목 :
공연일시 : 좌석 등의 일부 변경을 원하시면 기존 예매 건을 취소하시고
재예매하셔야 하며, 취소 시 날짜별 취소수수료가 부과됩니다.
[ 할인 또한 재예매 시점을 기준으로 적용됩니다. ] 취소 없이 변경은 어려운 점 양해해 주시기 바랍니다. 다른 문의사항은 티켓 고객센터[1544-1555] 또는 1:1문의하기로
접수 바라며, 인터파크 티켓을 이용하는 모든 고객 여러분께
편리한 서비스와 다양한 혜택을 제공하도록 더 노력하겠습니다.
감사합니다."
93,INTERPARKTICKET,[인터파크 티켓] 예매내역 변경 (취재예 가능),"고객님, 안녕하세요. 인터파크 티켓을 찾아주셔서 감사합니다. 문의하신 결제수단 변경에 대한 답변입니다.
예약번호 :
공연제목 :
공연일시 : 결제수단 등의 일부 변경을 원하시면 기존 예매 건을 취소하시고
재예매하셔야 하며, 취소 시 날짜별 취소수수료가 부과됩니다.
[ 할인 또한 재예매 시점을 기준으로 적용됩니다. ] 동일한 좌석에 대해서 재예매를 원하시는 경우에는 홈페이지를
통해 예매 취소 시 재로그인 후 [취소 후 재예매하기] 버튼을
클릭하시면 30분 동안은 해당 좌석으로 재예매 가능합니다. 다만, 위 서비스 이용 시에도 날짜별 취소수수료와 예매수수료가 부과됩니다. 취소 후 재예매하기 서비스는 한 공연에 2번까지 이용 가능하며,
티켓 배송이 시작된 후에는 이용이 어려우니 참고 바랍니다. 서비스 이용 방법은 아래 페이지를 확인하시기 바랍니다.
[http://ticket.interpark.com/TiKi/Info/BookingGuide.asp
?Url=guide_09.html] 취소 없이 변경은 어려운 점 양해해 주시기 바랍니다. 다른 문의사항은 티켓 고객센터[1544-1555] 또는 1:1문의하기로
접수 바라며, 인터파크 티켓을 이용하는 모든 고객 여러분께
편리한 서비스와 다양한 혜택을 제공하도록 더 노력하겠습니다.
감사합니다.","고객님, 안녕하세요. 인터파크 티켓을 찾아주셔서 감사합니다. 문의하신 결제수단 변경에 대한 답변입니다.
예약번호 :
공연제목 :
공연일시 : 결제수단 등의 일부 변경을 원하시면 기존 예매 건을 취소하시고
재예매하셔야 하며, 취소 시 날짜별 취소수수료가 부과됩니다.
[ 할인 또한 재예매 시점을 기준으로 적용됩니다. ] 동일한 좌석에 대해서 재예매를 원하시는 경우에는 홈페이지를
통해 예매 취소 시 재로그인 후 [취소 후 재예매하기] 버튼을
클릭하시면 30분 동안은 해당 좌석으로 재예매 가능합니다. 다만, 위 서비스 이용 시에도 날짜별 취소수수료와 예매수수료가 부과됩니다. 취소 후 재예매하기 서비스는 한 공연에 2번까지 이용 가능하며,
티켓 배송이 시작된 후에는 이용이 어려우니 참고 바랍니다. 서비스 이용 방법은 아래 페이지를 확인하시기 바랍니다.
[http://ticket.interpark.com/TiKi/Info/BookingGuide.asp
?Url=guide_09.html] 취소 없이 변경은 어려운 점 양해해 주시기 바랍니다. 다른 문의사항은 티켓 고객센터[1544-1555] 또는 1:1문의하기로
접수 바라며, 인터파크 티켓을 이용하는 모든 고객 여러분께
편리한 서비스와 다양한 혜택을 제공하도록 더 노력하겠습니다.
감사합니다."
94,INTERPARKTICKET,[인터파크 티켓]  예매내역 변경 (취재예 불가),"고객님, 안녕하세요. 인터파크 티켓을 찾아주셔서 감사합니다. 문의하신 결제수단 변경에 대한 답변입니다.
예약번호 :
공연제목 :
공연일시 : 결제수단 등의 일부 변경을 원하시면 기존 예매 건을 취소하시고
재예매하셔야 하며, 취소 시 날짜별 취소수수료가 부과됩니다.
[ 할인 또한 재예매 시점을 기준으로 적용됩니다. ] 다만, 취소하는 동시에 바로 주문 가능 상태로 확인되기 때문에
다른 고객님께서 먼저 좌석을 선택 후 결제를 완료하시면 고객님께서는
동일 좌석으로 재예매가 되지 않습니다. 취소 없이 변경은 어려운 점 양해해 주시기 바랍니다. 그러한 이유로 예매 시 유의사항에 [동일 상품에 대해서 회차,
좌석, 가격, 결제 등 일부 변경을 원하시는 경우, 기존 예매 건을
취소 하시고 재예매 하셔야 합니다.]를 기재해 드리고 있습니다. 다른 문의사항은 티켓 고객센터[1544-1555] 또는 1:1문의하기로
접수 바라며, 인터파크 티켓을 이용하는 모든 고객 여러분께
편리한 서비스와 다양한 혜택을 제공하도록 더 노력하겠습니다.
감사합니다.","고객님, 안녕하세요. 인터파크 티켓을 찾아주셔서 감사합니다. 문의하신 결제수단 변경에 대한 답변입니다.
예약번호 :
공연제목 :
공연일시 : 결제수단 등의 일부 변경을 원하시면 기존 예매 건을 취소하시고
재예매하셔야 하며, 취소 시 날짜별 취소수수료가 부과됩니다.
[ 할인 또한 재예매 시점을 기준으로 적용됩니다. ] 다만, 취소하는 동시에 바로 주문 가능 상태로 확인되기 때문에
다른 고객님께서 먼저 좌석을 선택 후 결제를 완료하시면 고객님께서는
동일 좌석으로 재예매가 되지 않습니다. 취소 없이 변경은 어려운 점 양해해 주시기 바랍니다. 그러한 이유로 예매 시 유의사항에 [동일 상품에 대해서 회차,
좌석, 가격, 결제 등 일부 변경을 원하시는 경우, 기존 예매 건을
취소 하시고 재예매 하셔야 합니다.]를 기재해 드리고 있습니다. 다른 문의사항은 티켓 고객센터[1544-1555] 또는 1:1문의하기로
접수 바라며, 인터파크 티켓을 이용하는 모든 고객 여러분께
편리한 서비스와 다양한 혜택을 제공하도록 더 노력하겠습니다.
감사합니다."
95,INTERPARKTICKET,[인터파크 티켓] 카드 취소 건 환불 기간,"고객님, 안녕하세요. 인터파크 티켓을 찾아주셔서 감사합니다. 문의하신 카드 취소에 대한 답변입니다.
예약번호 :
공연제목 :
공연일시 : 취소된 건은 카드 회사의 특성상 취소 요청 후 주말, 공휴일 제외
3~5일 정도 지난 후 승인 취소가 완료됩니다. 고객님 결제일에 따라 카드 대금이 청구될 수 있으며,
청구된 이후 취소가 되었으면 다음 달 카드 대금에서
상계 처리되거나 통장으로 환불되는 점 참고 바랍니다. 체크카드도 일반 신용카드와 동일하게 카드 취소 기간은
주말 제외 3~5일 정도 소요됩니다. 다만, 환불은 카드사 또는 은행에서 해드리며, 카드가
취소된 후 통장으로 입금되기 때문에 3일 정도 기간이
더 소요될 수 있음을 양해해 주시기 바랍니다. 정확한 환불 일자 확인은 카드 소유자의 개인정보 확인 후
카드사에서 안내해 드리고 있습니다. 번거로우시겠지만 고객님께서 직접 카드사나 은행으로
문의해 주셔야 합니다. 다른 문의사항은 티켓 고객센터[1544-1555] 또는 1:1문의하기로
접수 바라며, 인터파크 티켓을 이용하는 모든 고객 여러분께
편리한 서비스와 다양한 혜택을 제공하도록 더 노력하겠습니다.
감사합니다.","고객님, 안녕하세요. 인터파크 티켓을 찾아주셔서 감사합니다. 문의하신 카드 취소에 대한 답변입니다.
예약번호 :
공연제목 :
공연일시 : 취소된 건은 카드 회사의 특성상 취소 요청 후 주말, 공휴일 제외
3~5일 정도 지난 후 승인 취소가 완료됩니다. 고객님 결제일에 따라 카드 대금이 청구될 수 있으며,
청구된 이후 취소가 되었으면 다음 달 카드 대금에서
상계 처리되거나 통장으로 환불되는 점 참고 바랍니다. 체크카드도 일반 신용카드와 동일하게 카드 취소 기간은
주말 제외 3~5일 정도 소요됩니다. 다만, 환불은 카드사 또는 은행에서 해드리며, 카드가
취소된 후 통장으로 입금되기 때문에 3일 정도 기간이
더 소요될 수 있음을 양해해 주시기 바랍니다. 정확한 환불 일자 확인은 카드 소유자의 개인정보 확인 후
카드사에서 안내해 드리고 있습니다. 번거로우시겠지만 고객님께서 직접 카드사나 은행으로
문의해 주셔야 합니다. 다른 문의사항은 티켓 고객센터[1544-1555] 또는 1:1문의하기로
접수 바라며, 인터파크 티켓을 이용하는 모든 고객 여러분께
편리한 서비스와 다양한 혜택을 제공하도록 더 노력하겠습니다.
감사합니다."
96,INTERPARKTICKET,[인터파크 티켓] 취소 (취소 마감시간 이후 예매 건),"고객님, 안녕하세요. 인터파크 티켓을 찾아주셔서 감사합니다. 문의하신 예매 취소에 대한 답변입니다.
예약번호 :
공연제목 :
공연일시 : 공연 예매 취소 마감시간은 공연 하루 전 평일/일요일/공휴일
오후 5시이며, 토요일은 오전 11시까지입니다. 취소 마감시간 이후 예매 시에는 예매 취소가 어려운 부분에
대해서 예매 전 팝업 창으로 확인해 드리고 있으며,
예매과정, 예매 완료 시 여러 경로를 통해서 확인하실 수
있도록 기재해 드리고 있기 때문에 현재 예매하신 내역은
취소 처리가 어려운 점 양해해 주시기 바랍니다. 만족스러운 도움을 드리지 못해 죄송합니다. 인터파크 티켓을 이용하는 모든 고객 여러분께 편리한
서비스와 다양한 혜택을 제공하도록 더 노력하겠습니다.
감사합니다.","고객님, 안녕하세요. 인터파크 티켓을 찾아주셔서 감사합니다. 문의하신 예매 취소에 대한 답변입니다.
예약번호 :
공연제목 :
공연일시 : 공연 예매 취소 마감시간은 공연 하루 전 평일/일요일/공휴일
오후 5시이며, 토요일은 오전 11시까지입니다. 취소 마감시간 이후 예매 시에는 예매 취소가 어려운 부분에
대해서 예매 전 팝업 창으로 확인해 드리고 있으며,
예매과정, 예매 완료 시 여러 경로를 통해서 확인하실 수
있도록 기재해 드리고 있기 때문에 현재 예매하신 내역은
취소 처리가 어려운 점 양해해 주시기 바랍니다. 만족스러운 도움을 드리지 못해 죄송합니다. 인터파크 티켓을 이용하는 모든 고객 여러분께 편리한
서비스와 다양한 혜택을 제공하도록 더 노력하겠습니다.
감사합니다."
97,INTERPARKTICKET,[인터파크 티켓] 배송 문의 (우체국 이관으로 배송지연),"고객님, 안녕하세요. 인터파크 티켓을 찾아주셔서 감사합니다. 문의하신 배송에 대한 답변입니다.
예약번호 :
공연제목 :
공연일시 : 티켓은 월 일에 일괄 발송되었으나 배송하는 [주식회사 국제]
업체의 물량이 너무 많아 월 일 우체국 등기로 전환 발송된 점
양해해 주시기 바랍니다. 아래 주소로 등기번호를 입력하시면 배송 정보 확인이 가능하오니
참고 바랍니다.
등기번호 :
[우체국 : https://service.epost.go.kr/iservice/usr/trace/usrtrc001k01.jsp] 다른 문의사항은 티켓 고객센터[1544-1555] 또는 1:1문의하기로
접수 바라며, 인터파크 티켓을 이용하는 모든 고객 여러분께
편리한 서비스와 다양한 혜택을 제공하도록 더 노력하겠습니다.
감사합니다.","고객님, 안녕하세요. 인터파크 티켓을 찾아주셔서 감사합니다. 문의하신 배송에 대한 답변입니다.
예약번호 :
공연제목 :
공연일시 : 티켓은 월 일에 일괄 발송되었으나 배송하는 [주식회사 국제]
업체의 물량이 너무 많아 월 일 우체국 등기로 전환 발송된 점
양해해 주시기 바랍니다. 아래 주소로 등기번호를 입력하시면 배송 정보 확인이 가능하오니
참고 바랍니다.
등기번호 :
[우체국 : https://service.epost.go.kr/iservice/usr/trace/usrtrc001k01.jsp] 다른 문의사항은 티켓 고객센터[1544-1555] 또는 1:1문의하기로
접수 바라며, 인터파크 티켓을 이용하는 모든 고객 여러분께
편리한 서비스와 다양한 혜택을 제공하도록 더 노력하겠습니다.
감사합니다."
98,INTERPARKTICKET,[인터파크 티켓] 배송문의 (배송완료),"고객님, 안녕하세요. 인터파크 티켓을 찾아주셔서 감사합니다. 문의하신 티켓 배송에 대한 답변입니다.
예약번호 :
공연제목 :
공연일시 : 예매하신 티켓은 월 일에 발송되어 월 일 [요일]
고객님께서 수령하신 것으로 확인됩니다. 배송은 [마이페이지 > 상세 > 등기번호확인 > 등기조회하기]에서
조회 가능합니다. 다른 문의사항은 티켓 고객센터[1544-1555] 또는 1:1문의하기로
접수 바라며, 인터파크 티켓을 이용하는 모든 고객 여러분께
편리한 서비스와 다양한 혜택을 제공하도록 더 노력하겠습니다.
감사합니다.","고객님, 안녕하세요. 인터파크 티켓을 찾아주셔서 감사합니다. 문의하신 티켓 배송에 대한 답변입니다.
예약번호 :
공연제목 :
공연일시 : 예매하신 티켓은 월 일에 발송되어 월 일 [요일]
고객님께서 수령하신 것으로 확인됩니다. 배송은 [마이페이지 > 상세 > 등기번호확인 > 등기조회하기]에서
조회 가능합니다. 다른 문의사항은 티켓 고객센터[1544-1555] 또는 1:1문의하기로
접수 바라며, 인터파크 티켓을 이용하는 모든 고객 여러분께
편리한 서비스와 다양한 혜택을 제공하도록 더 노력하겠습니다.
감사합니다."
99,INTERPARKTICKET,[인터파크 티켓] 배송문의 (묶음배송 문의),"고객님, 안녕하세요. 인터파크 티켓을 찾아주셔서 감사합니다. 문의하신 티켓 배송에 대한 답변입니다.
예약번호 :
공연제목 :
공연일시 : 같은 공연이라 하더라도 예매일이 다르거나 예매를
각각 진행하시게 되면 날짜와 시간별 회차, 좌석의 특성에
따라 다르게 출력을 담당하고 있습니다. 예매건 마다 각각의 티켓이 출력되기 때문에 티켓은
묶음 배송이 어려운 점 양해해 주시기 바랍니다. 묶음 배송이 어려운 부분은 예매 시 유의 사항으로
안내드리고 있습니다. 다른 문의사항은 티켓 고객센터[1544-1555] 또는 1:1문의하기로
접수 바라며, 인터파크 티켓을 이용하는 모든 고객 여러분께
편리한 서비스와 다양한 혜택을 제공하도록 더 노력하겠습니다.
감사합니다.","고객님, 안녕하세요. 인터파크 티켓을 찾아주셔서 감사합니다. 문의하신 티켓 배송에 대한 답변입니다.
예약번호 :
공연제목 :
공연일시 : 같은 공연이라 하더라도 예매일이 다르거나 예매를
각각 진행하시게 되면 날짜와 시간별 회차, 좌석의 특성에
따라 다르게 출력을 담당하고 있습니다. 예매건 마다 각각의 티켓이 출력되기 때문에 티켓은
묶음 배송이 어려운 점 양해해 주시기 바랍니다. 묶음 배송이 어려운 부분은 예매 시 유의 사항으로
안내드리고 있습니다. 다른 문의사항은 티켓 고객센터[1544-1555] 또는 1:1문의하기로
접수 바라며, 인터파크 티켓을 이용하는 모든 고객 여러분께
편리한 서비스와 다양한 혜택을 제공하도록 더 노력하겠습니다.
감사합니다."
108,INTERPARKTICKET,[인터파크 티켓] 티켓 공통_고객센터 기처리,"고객님, 안녕하세요. 인터파크 티켓을 찾아주셔서 감사합니다. 문의하신 내용에 대한 답변입니다.
예약번호 :
공연제목 :
공연일시 : 문의하신 내용은 당사 고객센터 상담원과 통화하여
안내받으신 것으로 확인하였습니다. 1:1문의하기는 차례대로 답변이 진행됨을 양해해 주시기 바랍니다. 다른 문의사항은 티켓 고객센터[1544-1555] 또는 1:1문의하기로
접수 바라며, 인터파크 티켓을 이용하는 모든 고객 여러분께
편리한 서비스와 다양한 혜택을 제공하도록 더 노력하겠습니다.
 감사합니다.","고객님, 안녕하세요. 인터파크 티켓을 찾아주셔서 감사합니다. 문의하신 내용에 대한 답변입니다.
예약번호 :
공연제목 :
공연일시 : 문의하신 내용은 당사 고객센터 상담원과 통화하여
안내받으신 것으로 확인하였습니다. 1:1문의하기는 차례대로 답변이 진행됨을 양해해 주시기 바랍니다. 다른 문의사항은 티켓 고객센터[1544-1555] 또는 1:1문의하기로
접수 바라며, 인터파크 티켓을 이용하는 모든 고객 여러분께
편리한 서비스와 다양한 혜택을 제공하도록 더 노력하겠습니다.
 감사합니다."
109,INTERPARKTICKET,[인터파크 티켓] 고객 전화상담 요청 시,"고객님, 안녕하세요. 인터파크 티켓을 찾아주셔서 감사합니다. 문의하신 내용에 대한 답변입니다. 1:1문의하기로는 전화 연락을 드리기 어려운 점 양해해 주시기 바랍니다. 전화 상담을 원하신다면 번거로우시더라도 고객센터[1544-1555]로
직접 연락해 주시기 바랍니다. 고객센터는 주말, 공휴일 포함 오전 9시부터 오후 6시까지
연결이 진행되고 있습니다. 인터파크 티켓을 이용하는 모든 고객 여러분께 편리한
서비스와 다양한 혜택을 제공하도록 더 노력하겠습니다.
감사합니다.","고객님, 안녕하세요. 인터파크 티켓을 찾아주셔서 감사합니다. 문의하신 내용에 대한 답변입니다. 1:1문의하기로는 전화 연락을 드리기 어려운 점 양해해 주시기 바랍니다. 전화 상담을 원하신다면 번거로우시더라도 고객센터[1544-1555]로
직접 연락해 주시기 바랍니다. 고객센터는 주말, 공휴일 포함 오전 9시부터 오후 6시까지
연결이 진행되고 있습니다. 인터파크 티켓을 이용하는 모든 고객 여러분께 편리한
서비스와 다양한 혜택을 제공하도록 더 노력하겠습니다.
감사합니다."
110,INTERPARKTICKET,[인터파크 티켓] 팬클럽 배송문의 시 (운송장번호 확인가능할 경우),"고객님, 안녕하세요. 인터파크 티켓을 찾아주셔서 감사합니다. 문의하신 배송에 대한 답변입니다.
예약번호 :
상품명 : 예매하신 상품은 순차적으로 배송이 진행되고 있습니다. [CJ 대한통운 택배 송장번호 : ]
[우체국 택배 송장번호 : ] 아래의 페이지에서 배송 조회 가능하오니 참고 바랍니다.
[https://www.doortodoor.co.kr/parcel/pa_004.jsp]
[https://service.epost.go.kr/iservice/usr/trace/usrtrc001k01.jsp] 다른 문의사항은 티켓 고객센터[1544-1555] 또는 1:1문의하기로
접수 바라며, 인터파크 티켓을 이용하는 모든 고객 여러분께
편리한 서비스와 다양한 혜택을 제공하도록 더 노력하겠습니다.
감사합니다.","고객님, 안녕하세요. 인터파크 티켓을 찾아주셔서 감사합니다. 문의하신 배송에 대한 답변입니다.
예약번호 :
상품명 : 예매하신 상품은 순차적으로 배송이 진행되고 있습니다. [CJ 대한통운 택배 송장번호 : ]
[우체국 택배 송장번호 : ] 아래의 페이지에서 배송 조회 가능하오니 참고 바랍니다.
[https://www.doortodoor.co.kr/parcel/pa_004.jsp]
[https://service.epost.go.kr/iservice/usr/trace/usrtrc001k01.jsp] 다른 문의사항은 티켓 고객센터[1544-1555] 또는 1:1문의하기로
접수 바라며, 인터파크 티켓을 이용하는 모든 고객 여러분께
편리한 서비스와 다양한 혜택을 제공하도록 더 노력하겠습니다.
감사합니다."
111,INTERPARKTICKET,[인터파크 티켓] 팬클럽 배송문의 시 (운송장번호 확인불가),"고객님, 안녕하세요. 인터파크 티켓을 찾아주셔서 감사합니다. 문의하신 배송에 대한 답변입니다.
예약번호 :
상품명 : 예매하신 상품은 순차적으로 배송이 진행되고 있습니다. 정확한 배송일자 및 운송장번호는 아직 확인이 어려운 점
양해해 주시기 바랍니다. 다른 문의사항은 티켓 고객센터[1544-1555] 또는 1:1문의하기로
접수 바라며, 인터파크 티켓을 이용하는 모든 고객 여러분께
편리한 서비스와 다양한 혜택을 제공하도록 더 노력하겠습니다.
감사합니다.","고객님, 안녕하세요. 인터파크 티켓을 찾아주셔서 감사합니다. 문의하신 배송에 대한 답변입니다.
예약번호 :
상품명 : 예매하신 상품은 순차적으로 배송이 진행되고 있습니다. 정확한 배송일자 및 운송장번호는 아직 확인이 어려운 점
양해해 주시기 바랍니다. 다른 문의사항은 티켓 고객센터[1544-1555] 또는 1:1문의하기로
접수 바라며, 인터파크 티켓을 이용하는 모든 고객 여러분께
편리한 서비스와 다양한 혜택을 제공하도록 더 노력하겠습니다.
감사합니다."
112,INTERPARKTICKET,[인터파크 티켓] 팬클럽 배송문의 시 (배송완료),"고객님, 안녕하세요. 인터파크 티켓을 찾아주셔서 감사합니다. 문의하신 배송에 대한 답변입니다.
예약번호 :
상품명 : 위 내역은 월 일에 배송 완료되었습니다. [CJ 대한통운 택배 송장번호 : ]
[우체국 택배 송장번호 : ] 아래의 페이지에서 배송 조회 가능하오니 참고 바랍니다.
[https://www.doortodoor.co.kr/parcel/pa_004.jsp]
[https://service.epost.go.kr/iservice/usr/trace/usrtrc001k01.jsp] 다른 문의사항은 티켓 고객센터[1544-1555] 또는 1:1문의하기로
접수 바라며, 인터파크 티켓을 이용하는 모든 고객 여러분께
편리한 서비스와 다양한 혜택을 제공하도록 더 노력하겠습니다.
감사합니다.","고객님, 안녕하세요. 인터파크 티켓을 찾아주셔서 감사합니다. 문의하신 배송에 대한 답변입니다.
예약번호 :
상품명 : 위 내역은 월 일에 배송 완료되었습니다. [CJ 대한통운 택배 송장번호 : ]
[우체국 택배 송장번호 : ] 아래의 페이지에서 배송 조회 가능하오니 참고 바랍니다.
[https://www.doortodoor.co.kr/parcel/pa_004.jsp]
[https://service.epost.go.kr/iservice/usr/trace/usrtrc001k01.jsp] 다른 문의사항은 티켓 고객센터[1544-1555] 또는 1:1문의하기로
접수 바라며, 인터파크 티켓을 이용하는 모든 고객 여러분께
편리한 서비스와 다양한 혜택을 제공하도록 더 노력하겠습니다.
감사합니다."
113,INTERPARKTICKET,[인터파크 티켓] 팬클럽 배송문의 (반송처리된 건),"고객님, 안녕하세요. 인터파크 티켓을 찾아주셔서 감사합니다. 문의하신 물품 배송에 대한 답변입니다.
예약번호 :
상품명 : 물품을 수령받지 못하여 당사로 다시 반송된 경우,
아래 계좌로 재배송비 0000원 입금 후 가입자 본인께서
고객센터[1544-1555]로 연락해 주시기 바랍니다.
[하나은행 / ㈜인터파크로지스틱스 835-910006-24804] 인터파크 티켓을 이용하는 모든 고객 여러분께 편리한
서비스와 다양한 혜택을 제공하도록 더 노력하겠습니다.
감사합니다.","고객님, 안녕하세요. 인터파크 티켓을 찾아주셔서 감사합니다. 문의하신 물품 배송에 대한 답변입니다.
예약번호 :
상품명 : 물품을 수령받지 못하여 당사로 다시 반송된 경우,
아래 계좌로 재배송비 0000원 입금 후 가입자 본인께서
고객센터[1544-1555]로 연락해 주시기 바랍니다.
[하나은행 / ㈜인터파크로지스틱스 835-910006-24804] 인터파크 티켓을 이용하는 모든 고객 여러분께 편리한
서비스와 다양한 혜택을 제공하도록 더 노력하겠습니다.
감사합니다."
114,INTERPARKTICKET,[인터파크 티켓] 팬클럽 이용자정보 등록문의,"고객님, 안녕하세요. 인터파크 티켓을 찾아주셔서 감사합니다. 문의하신 이용자 정보 등록에 대한 답변입니다.
예약번호 :
상품명 : 가입하신 팬클럽 상품의 이용자 정보 등록 기간은 종료되었기
때문에 안타깝게도 현재는 추가 등록 어려운 점 양해 바랍니다. 다른 문의사항은 티켓 고객센터[1544-1555] 또는 1:1문의하기로
접수 바라며, 인터파크 티켓을 이용하는 모든 고객 여러분께
편리한 서비스와 다양한 혜택을 제공하도록 더 노력하겠습니다.
감사합니다.","고객님, 안녕하세요. 인터파크 티켓을 찾아주셔서 감사합니다. 문의하신 이용자 정보 등록에 대한 답변입니다.
예약번호 :
상품명 : 가입하신 팬클럽 상품의 이용자 정보 등록 기간은 종료되었기
때문에 안타깝게도 현재는 추가 등록 어려운 점 양해 바랍니다. 다른 문의사항은 티켓 고객센터[1544-1555] 또는 1:1문의하기로
접수 바라며, 인터파크 티켓을 이용하는 모든 고객 여러분께
편리한 서비스와 다양한 혜택을 제공하도록 더 노력하겠습니다.
감사합니다."
115,INTERPARKTICKET,[인터파크 티켓] 본인인증 문의 시,"고객님, 안녕하세요. 인터파크 티켓을 찾아주셔서 감사합니다. 문의하신 본인인증에 대한 답변입니다. 인터파크는 하나의 아이디로만 본인인증 후 예매 등의
서비스 이용 가능합니다. 고객님께서 이미 다른 아이디로 본인인증하셨다면 추가 인증은
어려운 점 양해해 주시기 바랍니다. 인증하신 아이디를 확인하시기 바라며, 아이디 확인이 어렵다면
번거로우시더라도 가입자 본인께서 고객센터[1544-1555]로
연락해 주시기 바랍니다. 인터파크 티켓을 이용하는 모든 고객 여러분께 편리한
서비스와 다양한 혜택을 제공하도록 더 노력하겠습니다.
감사합니다.","고객님, 안녕하세요. 인터파크 티켓을 찾아주셔서 감사합니다. 문의하신 본인인증에 대한 답변입니다. 인터파크는 하나의 아이디로만 본인인증 후 예매 등의
서비스 이용 가능합니다. 고객님께서 이미 다른 아이디로 본인인증하셨다면 추가 인증은
어려운 점 양해해 주시기 바랍니다. 인증하신 아이디를 확인하시기 바라며, 아이디 확인이 어렵다면
번거로우시더라도 가입자 본인께서 고객센터[1544-1555]로
연락해 주시기 바랍니다. 인터파크 티켓을 이용하는 모든 고객 여러분께 편리한
서비스와 다양한 혜택을 제공하도록 더 노력하겠습니다.
감사합니다."
116,INTERPARKTICKET,[인터파크 티켓] 탈퇴 후 인증 불가 시,"고객님, 안녕하세요. 인터파크 티켓을 찾아주셔서 감사합니다. 문의하신 본인인증에 대한 답변입니다. 회원 탈퇴 후 7일 동안은 재가입 및 본인인증이 어려운 점
양해해 주시기 바랍니다. 다른 문의사항은 티켓 고객센터[1544-1555] 또는 1:1문의하기로
접수 바라며, 인터파크 티켓을 이용하는 모든 고객 여러분께
편리한 서비스와 다양한 혜택을 제공하도록 더 노력하겠습니다.
감사합니다.","고객님, 안녕하세요. 인터파크 티켓을 찾아주셔서 감사합니다. 문의하신 본인인증에 대한 답변입니다. 회원 탈퇴 후 7일 동안은 재가입 및 본인인증이 어려운 점
양해해 주시기 바랍니다. 다른 문의사항은 티켓 고객센터[1544-1555] 또는 1:1문의하기로
접수 바라며, 인터파크 티켓을 이용하는 모든 고객 여러분께
편리한 서비스와 다양한 혜택을 제공하도록 더 노력하겠습니다.
감사합니다."
117,INTERPARKTICKET,[인터파크 티켓] 베송사 불만 민원,"고객님, 안녕하세요. 인터파크 티켓을 찾아주셔서 감사합니다. 문의하신 배송에 대한 답변입니다. 고객님께 티켓을 배송하는 과정에서 실망과 불편을 안기어
드림에 죄송스러운 마음 이루 말할 수 없습니다. 당사 배송을 담당하는 국제 정보 통신으로 고객님께 불편을 드린
사항에 대하여 전달하였으며, 추후 같은 사항으로 불편을 끼치지
않도록 요청하였습니다. 불편드린 점 다시 한번 사과드리며, 이번과 같은 불편을 다시
전해드리지 않도록 노력하겠습니다.
감사합니다.","고객님, 안녕하세요. 인터파크 티켓을 찾아주셔서 감사합니다. 문의하신 배송에 대한 답변입니다. 고객님께 티켓을 배송하는 과정에서 실망과 불편을 안기어
드림에 죄송스러운 마음 이루 말할 수 없습니다. 당사 배송을 담당하는 국제 정보 통신으로 고객님께 불편을 드린
사항에 대하여 전달하였으며, 추후 같은 사항으로 불편을 끼치지
않도록 요청하였습니다. 불편드린 점 다시 한번 사과드리며, 이번과 같은 불편을 다시
전해드리지 않도록 노력하겠습니다.
감사합니다."
118,INTERPARKTICKET,[인터파크 티켓] 불편접수 /민원 접수,"고객님, 안녕하세요. 인터파크 티켓을 찾아주셔서 감사합니다. 문의하신 내용에 대한 답변입니다. 고객님께서 접수해 주신 내용은 해당 부서로 전달하였습니다. 보내주신 의견에 지금 바로 도움드리기는 어려우나 고객의
소리에 불편사항이 접수되고 있음을 강조하여 차후 개선된
서비스로 보답해 드리겠습니다. 앞으로도 많은 관심 부탁 드리며, 개선할 점이나 제안사항이
있다면 언제든지 문의해 주시길 바랍니다. 감사합니다.","고객님, 안녕하세요. 인터파크 티켓을 찾아주셔서 감사합니다. 문의하신 내용에 대한 답변입니다. 고객님께서 접수해 주신 내용은 해당 부서로 전달하였습니다. 보내주신 의견에 지금 바로 도움드리기는 어려우나 고객의
소리에 불편사항이 접수되고 있음을 강조하여 차후 개선된
서비스로 보답해 드리겠습니다. 앞으로도 많은 관심 부탁 드리며, 개선할 점이나 제안사항이
있다면 언제든지 문의해 주시길 바랍니다. 감사합니다."
119,INTERPARKTICKET,[인터파크 티켓] 브라우저 오류 문의 시,"고객님, 안녕하세요. 인터파크 티켓을 찾아주셔서 감사합니다. 문의하신 내용에 대한 답변입니다. 접수하신 내용은 사용하시는 PC 또는 네트워크 환경에 따라
발생하는 부분으로 접속 환경이 워낙 다양하여 정확한 오류 확인은
어려운 점 양해해 주시기 바랍니다. 특정 접속 환경에 의한 오류일 수 있으니 다른 PC 또는 브라우저를
이용하시기 바랍니다. 흡족한 도움을 드리지 못해 안타까운 마음입니다. 인터파크 티켓을 이용하는 모든 고객 여러분께 편리한
서비스와 다양한 혜택을 제공하도록 더 노력하겠습니다.
감사합니다.","고객님, 안녕하세요. 인터파크 티켓을 찾아주셔서 감사합니다. 문의하신 내용에 대한 답변입니다. 접수하신 내용은 사용하시는 PC 또는 네트워크 환경에 따라
발생하는 부분으로 접속 환경이 워낙 다양하여 정확한 오류 확인은
어려운 점 양해해 주시기 바랍니다. 특정 접속 환경에 의한 오류일 수 있으니 다른 PC 또는 브라우저를
이용하시기 바랍니다. 흡족한 도움을 드리지 못해 안타까운 마음입니다. 인터파크 티켓을 이용하는 모든 고객 여러분께 편리한
서비스와 다양한 혜택을 제공하도록 더 노력하겠습니다.
감사합니다."
120,INTERPARKTICKET,[인터파크 티켓] 예매내역 확인 불가 시,"고객님, 안녕하세요. 인터파크 티켓을 찾아주셔서 감사합니다. 문의하신 예매 내역 확인에 대한 답변입니다. 고객님의 아이디[]로는 예매 내역이 확인되지 않습니다. 예매 진행하신 아이디를 다시 한번 확인해 주시기 바랍니다. 아이디 확인이 어렵다면 예매자 본인께서 고객센터[1544-1555]로
연락해 주시기 바랍니다. 인터파크 티켓을 이용하는 모든 고객 여러분께 편리한
서비스와 다양한 혜택을 제공하도록 더 노력하겠습니다.
감사합니다.","고객님, 안녕하세요. 인터파크 티켓을 찾아주셔서 감사합니다. 문의하신 예매 내역 확인에 대한 답변입니다. 고객님의 아이디[]로는 예매 내역이 확인되지 않습니다. 예매 진행하신 아이디를 다시 한번 확인해 주시기 바랍니다. 아이디 확인이 어렵다면 예매자 본인께서 고객센터[1544-1555]로
연락해 주시기 바랍니다. 인터파크 티켓을 이용하는 모든 고객 여러분께 편리한
서비스와 다양한 혜택을 제공하도록 더 노력하겠습니다.
감사합니다."
121,INTERPARKTICKET,[인터파크 티켓] 탈퇴 된 계정 문의,"고객님, 안녕하세요. 인터파크 티켓을 찾아주셔서 감사합니다. 문의하신 내용에 대한 답변입니다. 고객님의 아이디[]로는 예매 내역이 확인되지 않습니다. 1:1문의하기는 고객님의 아이디로 예매된 내역에 대한 안내가
가능하며, 이미 탈퇴하신 아이디의 내역과 관련된 사항은
번거로우시더라도 고객센터[1544-1555]로 문의해 주시기 바랍니다. 빠른 도움을 드리지 못해 정말 죄송합니다.","고객님, 안녕하세요. 인터파크 티켓을 찾아주셔서 감사합니다. 문의하신 내용에 대한 답변입니다. 고객님의 아이디[]로는 예매 내역이 확인되지 않습니다. 1:1문의하기는 고객님의 아이디로 예매된 내역에 대한 안내가
가능하며, 이미 탈퇴하신 아이디의 내역과 관련된 사항은
번거로우시더라도 고객센터[1544-1555]로 문의해 주시기 바랍니다. 빠른 도움을 드리지 못해 정말 죄송합니다."
122,INTERPARKTICKET,[인터파크 티켓] 예매 실패 후 좌석 미노출 시 (단순 비활성화),"고객님, 안녕하세요. 인터파크 티켓을 찾아주셔서 감사합니다. 문의하신 티켓 예매에 대한 답변입니다. 예매가 정상적으로 완료되지 않은 경우, 선택하신 좌석은
5분 ~ 10분 정도 비활성화됩니다. 일정 시간 이후 다시 예매를 진행하셔야 하는 점 양해해 주시기 바랍니다. 참고로, 고객님과 동일한 시간에 동일한 좌석을 선택하셔서
먼저 결제 단계를 완료하신 다른 고객님이 계시다면 좌석은
업데이트 되지 않습니다. 다른 문의사항은 티켓 고객센터[1544-1555] 또는 1:1문의하기로
접수 바라며, 인터파크 티켓을 이용하는 모든 고객 여러분께
편리한 서비스와 다양한 혜택을 제공하도록 더 노력하겠습니다.
감사합니다.","고객님, 안녕하세요. 인터파크 티켓을 찾아주셔서 감사합니다. 문의하신 티켓 예매에 대한 답변입니다. 예매가 정상적으로 완료되지 않은 경우, 선택하신 좌석은
5분 ~ 10분 정도 비활성화됩니다. 일정 시간 이후 다시 예매를 진행하셔야 하는 점 양해해 주시기 바랍니다. 참고로, 고객님과 동일한 시간에 동일한 좌석을 선택하셔서
먼저 결제 단계를 완료하신 다른 고객님이 계시다면 좌석은
업데이트 되지 않습니다. 다른 문의사항은 티켓 고객센터[1544-1555] 또는 1:1문의하기로
접수 바라며, 인터파크 티켓을 이용하는 모든 고객 여러분께
편리한 서비스와 다양한 혜택을 제공하도록 더 노력하겠습니다.
감사합니다."
123,INTERPARKTICKET,[인터파크 티켓] 복합결제 문의 시,"고객님, 안녕하세요. 인터파크 티켓을 찾아주셔서 감사합니다. 문의하신 결제에 대한 답변입니다. 당사는 예매 건 별로 하나의 결제 수단만 이용할 수 있습니다. 두 개 이상의 카드로 분할하여 결제는 어려운 점 양해 바랍니다. 다른 문의사항은 티켓 고객센터[1544-1555] 또는 1:1문의하기로
접수 바라며, 인터파크 티켓을 이용하는 모든 고객 여러분께
편리한 서비스와 다양한 혜택을 제공하도록 더 노력하겠습니다.
감사합니다","고객님, 안녕하세요. 인터파크 티켓을 찾아주셔서 감사합니다. 문의하신 결제에 대한 답변입니다. 당사는 예매 건 별로 하나의 결제 수단만 이용할 수 있습니다. 두 개 이상의 카드로 분할하여 결제는 어려운 점 양해 바랍니다. 다른 문의사항은 티켓 고객센터[1544-1555] 또는 1:1문의하기로
접수 바라며, 인터파크 티켓을 이용하는 모든 고객 여러분께
편리한 서비스와 다양한 혜택을 제공하도록 더 노력하겠습니다.
감사합니다"
124,INTERPARKTICKET,[인터파크 티켓] 핸드폰 결제 방법 문의,"고객님, 안녕하세요. 인터파크 티켓을 찾아주셔서 감사합니다. 문의하신 휴대폰 결제에 대한 답변입니다. 휴대폰 결제는 통신사 정산 방식에 따라 당월[0월] 공연에
한해 이용 가능합니다. 익월 공연은 현재 휴대폰 결제를 이용할 수 없는 점 양해해
주시기 바랍니다. 다른 문의사항은 티켓 고객센터[1544-1555] 또는 1:1문의하기로
접수 바라며, 인터파크 티켓을 이용하는 모든 고객 여러분께
편리한 서비스와 다양한 혜택을 제공하도록 더 노력하겠습니다.
감사합니다.","고객님, 안녕하세요. 인터파크 티켓을 찾아주셔서 감사합니다. 문의하신 휴대폰 결제에 대한 답변입니다. 휴대폰 결제는 통신사 정산 방식에 따라 당월[0월] 공연에
한해 이용 가능합니다. 익월 공연은 현재 휴대폰 결제를 이용할 수 없는 점 양해해
주시기 바랍니다. 다른 문의사항은 티켓 고객센터[1544-1555] 또는 1:1문의하기로
접수 바라며, 인터파크 티켓을 이용하는 모든 고객 여러분께
편리한 서비스와 다양한 혜택을 제공하도록 더 노력하겠습니다.
감사합니다."
129,INTERPARKTICKET,[인터파크 티켓] 아이포인트 결제 문의,"고객님, 안녕하세요. 인터파크 티켓을 찾아주셔서 감사합니다. 문의하신 아이포인트에 대한 답변입니다. 티켓 예매 시 아이포인트를 사용할 수 있습니다. 다만, 대형 공연 및 스포츠 경기 오픈 시에는 원활한 이용을 위해
전체 공연에 대해 일시적으로 아이포인트 결제가 제한될 수 있는 점
양해해 주시기 바랍니다. 기획사의 요청이 있을 경우에도 결제 수단은 제한될 수 있는 점
이용에 참고해 주시기 바랍니다. 다른 문의사항은 티켓 고객센터[1544-1555] 또는 1:1문의하기로
접수 바라며, 인터파크 티켓을 이용하는 모든 고객 여러분께
편리한 서비스와 다양한 혜택을 제공하도록 더 노력하겠습니다.
감사합니다.","고객님, 안녕하세요. 인터파크 티켓을 찾아주셔서 감사합니다. 문의하신 아이포인트에 대한 답변입니다. 티켓 예매 시 아이포인트를 사용할 수 있습니다. 다만, 대형 공연 및 스포츠 경기 오픈 시에는 원활한 이용을 위해
전체 공연에 대해 일시적으로 아이포인트 결제가 제한될 수 있는 점
양해해 주시기 바랍니다. 기획사의 요청이 있을 경우에도 결제 수단은 제한될 수 있는 점
이용에 참고해 주시기 바랍니다. 다른 문의사항은 티켓 고객센터[1544-1555] 또는 1:1문의하기로
접수 바라며, 인터파크 티켓을 이용하는 모든 고객 여러분께
편리한 서비스와 다양한 혜택을 제공하도록 더 노력하겠습니다.
감사합니다."
130,INTERPARKTICKET,[인터파크 티켓] 티켓 선물포장문의,"고객님, 안녕하세요. 인터파크 티켓을 찾아주셔서 감사합니다. 문의하신 선물 포장 봉투에 대한 답변입니다.
예약번호 :
공연제목 :
공연일시 : 선물 포장 봉투는 홈페이지 예매 시에만 선택 가능합니다. 예매 완료 후 봉투 추가는 어려운 점 양해해 주시기 바랍니다. 다른 문의사항은 티켓 고객센터[1544-1555] 또는 1:1문의하기로
접수 바라며, 인터파크 티켓을 이용하는 모든 고객 여러분께
편리한 서비스와 다양한 혜택을 제공하도록 더 노력하겠습니다.
감사합니다.","고객님, 안녕하세요. 인터파크 티켓을 찾아주셔서 감사합니다. 문의하신 선물 포장 봉투에 대한 답변입니다.
예약번호 :
공연제목 :
공연일시 : 선물 포장 봉투는 홈페이지 예매 시에만 선택 가능합니다. 예매 완료 후 봉투 추가는 어려운 점 양해해 주시기 바랍니다. 다른 문의사항은 티켓 고객센터[1544-1555] 또는 1:1문의하기로
접수 바라며, 인터파크 티켓을 이용하는 모든 고객 여러분께
편리한 서비스와 다양한 혜택을 제공하도록 더 노력하겠습니다.
감사합니다."
131,INTERPARKTICKET,[인터파크 티켓] 욕설/폭언/성희롱 문의 인입 시,"고객님, 안녕하세요. 인터파크 티켓을 찾아주셔서 감사합니다. 문의하신 내용에 대한 답변입니다. 2018년 10월 18일부터 [산업안전보건법]의 고객 응대 근로자
보호조치가 시행됩니다. 상담원의 인권보호를 위해 욕설 또는 반말을 자제해 주시기 바라며,
이는 정보통신망 이용촉진 및 정보보호 등에 관한 법률에 의거 공포.
불안유발 죄 등 법적 조치가 가능 할 수 있습니다. 정중한 표현으로 다시 문의해 주시기 바랍니다. 인터파크 티켓을 이용하는 모든 고객 여러분께 편리한
서비스와 다양한 혜택을 제공하도록 더 노력하겠습니다.
감사합니다.","고객님, 안녕하세요. 인터파크 티켓을 찾아주셔서 감사합니다. 문의하신 내용에 대한 답변입니다. 2018년 10월 18일부터 [산업안전보건법]의 고객 응대 근로자
보호조치가 시행됩니다. 상담원의 인권보호를 위해 욕설 또는 반말을 자제해 주시기 바라며,
이는 정보통신망 이용촉진 및 정보보호 등에 관한 법률에 의거 공포.
불안유발 죄 등 법적 조치가 가능 할 수 있습니다. 정중한 표현으로 다시 문의해 주시기 바랍니다. 인터파크 티켓을 이용하는 모든 고객 여러분께 편리한
서비스와 다양한 혜택을 제공하도록 더 노력하겠습니다.
감사합니다."
132,INTERPARKTICKET,[인터파크 티켓] 현금영수증 신청 문의  (신청정보 확인 가능할 경우),"고객님, 안녕하세요. 인터파크 티켓을 찾아주셔서 감사합니다. 문의하신 현금영수증에 대한 답변입니다.
티켓번호 :
공연제목 :
공연일시 : 요청하신 [휴대폰 번호/사업자 번호] [번호입력]으로 [소득공제용/지출증빙용]
현금영수증 신청하였습니다. 국세청 사이트 반영은 3-4일 소요될 수 있음는 점 양해해 주시기 바랍니다. 인터파크 티켓을 이용하는 모든 고객 여러분께 편리한
서비스와 다양한 혜택을 제공하도록 더 노력하겠습니다.
감사합니다.","고객님, 안녕하세요. 인터파크 티켓을 찾아주셔서 감사합니다. 문의하신 현금영수증에 대한 답변입니다.
티켓번호 :
공연제목 :
공연일시 : 요청하신 [휴대폰 번호/사업자 번호] [번호입력]으로 [소득공제용/지출증빙용]
현금영수증 신청하였습니다. 국세청 사이트 반영은 3-4일 소요될 수 있음는 점 양해해 주시기 바랍니다. 인터파크 티켓을 이용하는 모든 고객 여러분께 편리한
서비스와 다양한 혜택을 제공하도록 더 노력하겠습니다.
감사합니다."
133,INTERPARKTICKET,[인터파크 티켓] 현금영수증 신청 (정보 불확실 한 경우),"고객님, 안녕하세요. 인터파크 티켓을 찾아주셔서 감사합니다. 문의하신 현금영수증에 대한 답변입니다.
티켓번호 :
공연제목 :
공연일시 : 요청하신 [휴대폰 번호/사업자번호] [번호입력] 정보가
올바르지 않아,  현금영수증 신청이 어려운 점 양해 바랍니다. 현금영수증 신청 정보를 다시 확인하신 후 1:1문의하기 재접수 혹은,
반드시 예매자 본인께서 고객센터[1544-1555]로 문의 바랍니다. 인터파크 티켓을 이용하는 모든 고객 여러분께 편리한
서비스와 다양한 혜택을 제공하도록 더 노력하겠습니다.
감사합니다","고객님, 안녕하세요. 인터파크 티켓을 찾아주셔서 감사합니다. 문의하신 현금영수증에 대한 답변입니다.
티켓번호 :
공연제목 :
공연일시 : 요청하신 [휴대폰 번호/사업자번호] [번호입력] 정보가
올바르지 않아,  현금영수증 신청이 어려운 점 양해 바랍니다. 현금영수증 신청 정보를 다시 확인하신 후 1:1문의하기 재접수 혹은,
반드시 예매자 본인께서 고객센터[1544-1555]로 문의 바랍니다. 인터파크 티켓을 이용하는 모든 고객 여러분께 편리한
서비스와 다양한 혜택을 제공하도록 더 노력하겠습니다.
감사합니다"
134,INTERPARKTICKET,[인터파크 티켓] 현금영수증 다량신청 문의 시,"고객님, 안녕하세요. 인터파크 티켓을 찾아주셔서 감사합니다. 문의하신 현금영수증에 대한 답변입니다. 1:1 문의하기로는 하나의 문의내역 당 하나의 예매 건에 대해서만
현금영수증 신청이 가능하며, 예매 건이 여러 건이시라면
번거로우시더라도 예매 건별로 각각 문의 접수해 주시기 바랍니다. 예매 건별로 접수가 어려울 경우 반드시 예매자 본인께서 직접
고객센터[1544-1555]로 연락하셔서 현금영수증 신청 바랍니다. 인터파크 티켓을 이용하는 모든 고객 여러분께 편리한
서비스와 다양한 혜택을 제공하도록 더 노력하겠습니다.
감사합니다.","고객님, 안녕하세요. 인터파크 티켓을 찾아주셔서 감사합니다. 문의하신 현금영수증에 대한 답변입니다. 1:1 문의하기로는 하나의 문의내역 당 하나의 예매 건에 대해서만
현금영수증 신청이 가능하며, 예매 건이 여러 건이시라면
번거로우시더라도 예매 건별로 각각 문의 접수해 주시기 바랍니다. 예매 건별로 접수가 어려울 경우 반드시 예매자 본인께서 직접
고객센터[1544-1555]로 연락하셔서 현금영수증 신청 바랍니다. 인터파크 티켓을 이용하는 모든 고객 여러분께 편리한
서비스와 다양한 혜택을 제공하도록 더 노력하겠습니다.
감사합니다."
135,INTERPARKTICKET,[인터파크 티켓] 현금영수증 신청 (본인 예매건이 아닐경우),"고객님, 안녕하세요. 인터파크 티켓을 찾아주셔서 감사합니다. 문의하신 현금영수증에 대한 답변입니다. 현금영수증 신청은 본인의 예매건에 한해 신청 가능합니다. 문의하신 티켓은 [ID 기재] 계정으로 예매된 내역이 아니기에,
현금영수증 신청이 어려운 점 양해 바랍니다. 고객님의 다른 계정으로 예매하신 내역인 경우, 해당 계정으로
로그인 하여 1:1 문의하기 재접수 혹은 반드시 예매자 본인께서
고객센터[1544-1555]로 문의 바랍니다. 인터파크 티켓을 이용하는 모든 고객 여러분께 편리한
서비스와 다양한 혜택을 제공하도록 더 노력하겠습니다.
감사합니다.","고객님, 안녕하세요. 인터파크 티켓을 찾아주셔서 감사합니다. 문의하신 현금영수증에 대한 답변입니다. 현금영수증 신청은 본인의 예매건에 한해 신청 가능합니다. 문의하신 티켓은 [ID 기재] 계정으로 예매된 내역이 아니기에,
현금영수증 신청이 어려운 점 양해 바랍니다. 고객님의 다른 계정으로 예매하신 내역인 경우, 해당 계정으로
로그인 하여 1:1 문의하기 재접수 혹은 반드시 예매자 본인께서
고객센터[1544-1555]로 문의 바랍니다. 인터파크 티켓을 이용하는 모든 고객 여러분께 편리한
서비스와 다양한 혜택을 제공하도록 더 노력하겠습니다.
감사합니다."
136,INTERPARKTICKET,[인터파크 티켓] 환불계좌 접수 (본인명의 계좌 아닐경우),"고객님, 안녕하세요. 인터파크 티켓을 찾아주셔서 감사합니다. 문의하신 환불계좌 접수에 대한 답변입니다. 티켓번호 :
공연제목 :
공연일시 : 환불은 예매자 본인 혹은 가족 명의의 계좌로만 접수 가능합니다. 요청하신 [은행사 계좌번호] 계좌번호의 경우,
예매자 본인 계좌가 아니므로 환불계좌 접수가 어렵습니다. 예매자 본인 명의의 계좌를 확인하시어 1:1 문의하기 재접수
혹은, 반드시 예매자 본인께서 고객센터[1544-1555]로 문의
부탁드립니다. 인터파크 티켓을 이용하는 모든 고객 여러분께 편리한
서비스와 다양한 혜택을 제공하도록 더 노력하겠습니다.
감사합니다.","고객님, 안녕하세요. 인터파크 티켓을 찾아주셔서 감사합니다. 문의하신 환불계좌 접수에 대한 답변입니다. 티켓번호 :
공연제목 :
공연일시 : 환불은 예매자 본인 혹은 가족 명의의 계좌로만 접수 가능합니다. 요청하신 [은행사 계좌번호] 계좌번호의 경우,
예매자 본인 계좌가 아니므로 환불계좌 접수가 어렵습니다. 예매자 본인 명의의 계좌를 확인하시어 1:1 문의하기 재접수
혹은, 반드시 예매자 본인께서 고객센터[1544-1555]로 문의
부탁드립니다. 인터파크 티켓을 이용하는 모든 고객 여러분께 편리한
서비스와 다양한 혜택을 제공하도록 더 노력하겠습니다.
감사합니다."
137,INTERPARKTICKET,[인터파크 티켓] 환불계좌 접수 (가족계좌 증빙 확인불가 시),"고객님, 안녕하세요. 인터파크 티켓을 찾아주셔서 감사합니다. 문의하신 환불계좌 접수에 대한 답변입니다. 티켓번호 :
공연제목 :
공연일시 : 가족계좌 환불 접수 요청 시 3개월 이내 발급된 가족관계 증명서
사진 등록(첨부파일)이 필요합니다. 문의하신 내역은 가족관계 증명서 누락으로 계좌 접수가 어려운 점
양해 바라며, 서류를 다시 첨부 하시어 1:1 문의하기 재접수 혹은, 반드시
예매자 본인께서 고객센터[1544-1555]를 통해 문의 부탁드립니다. 인터파크 티켓을 이용하는 모든 고객 여러분께 편리한
서비스와 다양한 혜택을 제공하도록 더 노력하겠습니다.
감사합니다.","고객님, 안녕하세요. 인터파크 티켓을 찾아주셔서 감사합니다. 문의하신 환불계좌 접수에 대한 답변입니다. 티켓번호 :
공연제목 :
공연일시 : 가족계좌 환불 접수 요청 시 3개월 이내 발급된 가족관계 증명서
사진 등록(첨부파일)이 필요합니다. 문의하신 내역은 가족관계 증명서 누락으로 계좌 접수가 어려운 점
양해 바라며, 서류를 다시 첨부 하시어 1:1 문의하기 재접수 혹은, 반드시
예매자 본인께서 고객센터[1544-1555]를 통해 문의 부탁드립니다. 인터파크 티켓을 이용하는 모든 고객 여러분께 편리한
서비스와 다양한 혜택을 제공하도록 더 노력하겠습니다.
감사합니다."
138,INTERPARKTICKET,테스트,"고객님, 안녕하세요. 인터파크 티켓을 찾아주셔서 감사합니다.

문의하신 대리수령/대리관람에 대한 답변입니다.
예약번호 :
공연제목 :
공연일시 :

문의하신 공연은 [예매내역 + 예매자신분증(사본) + 등] 지참 시,
공연 당일 현장 매표소에서 대리관람자가 티켓 수령 후 관람이
가능합니다.

지참 서류를 일부 누락하거나, 지참하지 않으시는 경우 수령 및
입장에 제한이 있을 수 있으니 이용에 참고 부탁드립니다.

인터파크 티켓을 이용하는 모든 고객 여러분께 편리한
서비스와 다양한 혜택을 제공하도록 더 노력하겠습니다.
감사합니다.","고객님, 안녕하세요. 인터파크 티켓을 찾아주셔서 감사합니다.

문의하신 대리수령/대리관람에 대한 답변입니다.
예약번호 :
공연제목 :
공연일시 :

문의하신 공연은 [예매내역 + 예매자신분증(사본) + 등] 지참 시,
공연 당일 현장 매표소에서 대리관람자가 티켓 수령 후 관람이
가능합니다.

지참 서류를 일부 누락하거나, 지참하지 않으시는 경우 수령 및
입장에 제한이 있을 수 있으니 이용에 참고 부탁드립니다.

인터파크 티켓을 이용하는 모든 고객 여러분께 편리한
서비스와 다양한 혜택을 제공하도록 더 노력하겠습니다.
감사합니다."
155,INTERPARKTICKET,[인터파크 티켓] ★취소요청일 지정,"고객님, 안녕하세요. 인터파크 티켓을 찾아주셔서 감사합니다. 문의하신 예매 취소에 대한 답변입니다.
예약번호 :
공연제목 :
공연일시 : 티켓은 0월 0일부터 배송 시작 되었으며, 배송 기간은
주말, 공휴일 제외 4-5일 정도 소요 예정입니다. 배송이 시작된 티켓은 수령 후 반송하셔야 취소 가능합니다. 다만, 부득이 일괄 발송으로 배송을 받는 경우이기 때문에
이번 건에 한해서만 예외적으로 배송중인 티켓에 대해 1:1문의하기
접수하신 0월 0일 기준으로 취소 접수해 드리도록 하겠습니다.
[취소 접수는 고객센터로 연락해야만 가능하나, 현재 전화 연결이
원할하지 않아 이번 건에 한해서만 1:1문의하기로 진행해 드립니다.] 단, 취소 접수를 진행하더라도 바로 취소되지 않으며, 배송기사가
방문 시 반드시 수취 거절을 해주셔야합니다.
[가족 또는 직장 동료가 대리 수령도 가능하니 수취 거절에 대해
미리 전달해 주셔야 합니다.] 수취 거절 후 당사로 반송 도착할 경우 문자메시지가 발송되며.
반송 문자메시지 받으신 후 반드시 [문자 받은 당일] 고객센터
[1544-1555]로 연락하실 경우에만 1:1문의하기로 요청하신 6월 25일
기준으로 취소가 가능합니다. 반송 문자를 수신하였으나 익일 이후 연락을 하실 경우 연락하신 날짜
기준으로 수수료가 부과되며, 취소 마감시간 이전까지 연락이 없는 경우
취소가 되지 않는 점 참고 바랍니다. 마지막으로 티켓을 배송받으신 후에는 위의 안내드린 내용으로
도움드리기 어려우며, 배송받으신 티켓을 취소 마감 시간인
7월 19일 금요일 오후 5시까지 우체국 등기 이용하셔서 아래 주소로
반송해주셔야만 취소 가능합니다. 반송처 : 서울특별시 금천구 벚꽃로 278 SJ테크노빌 15층
                인터파크 티켓 환불담당자 이 경우의 취소수수료는 당사로 티켓 도착 기준으로 아래와 같이 부과됩니다.
2024.06.20~2024.07.10 장당 4000원 (티켓금액의 10% 한도)
2024.07.11~2024.07.13 티켓금액의 10%
2024.07.14~2024.07.17 티켓금액의 20%
2024.07.18~2024.07.19 티켓금액의 30% 인터파크 티켓을 이용하는 모든 고객 여러분께 편리한
서비스와 다양한 혜택을 제공하도록 더 노력하겠습니다.
감사합니다.","고객님, 안녕하세요. 인터파크 티켓을 찾아주셔서 감사합니다. 문의하신 예매 취소에 대한 답변입니다.
예약번호 :
공연제목 :
공연일시 : 티켓은 0월 0일부터 배송 시작 되었으며, 배송 기간은
주말, 공휴일 제외 4-5일 정도 소요 예정입니다. 배송이 시작된 티켓은 수령 후 반송하셔야 취소 가능합니다. 다만, 부득이 일괄 발송으로 배송을 받는 경우이기 때문에
이번 건에 한해서만 예외적으로 배송중인 티켓에 대해 1:1문의하기
접수하신 0월 0일 기준으로 취소 접수해 드리도록 하겠습니다.
[취소 접수는 고객센터로 연락해야만 가능하나, 현재 전화 연결이
원할하지 않아 이번 건에 한해서만 1:1문의하기로 진행해 드립니다.] 단, 취소 접수를 진행하더라도 바로 취소되지 않으며, 배송기사가
방문 시 반드시 수취 거절을 해주셔야합니다.
[가족 또는 직장 동료가 대리 수령도 가능하니 수취 거절에 대해
미리 전달해 주셔야 합니다.] 수취 거절 후 당사로 반송 도착할 경우 문자메시지가 발송되며.
반송 문자메시지 받으신 후 반드시 [문자 받은 당일] 고객센터
[1544-1555]로 연락하실 경우에만 1:1문의하기로 요청하신 6월 25일
기준으로 취소가 가능합니다. 반송 문자를 수신하였으나 익일 이후 연락을 하실 경우 연락하신 날짜
기준으로 수수료가 부과되며, 취소 마감시간 이전까지 연락이 없는 경우
취소가 되지 않는 점 참고 바랍니다. 마지막으로 티켓을 배송받으신 후에는 위의 안내드린 내용으로
도움드리기 어려우며, 배송받으신 티켓을 취소 마감 시간인
7월 19일 금요일 오후 5시까지 우체국 등기 이용하셔서 아래 주소로
반송해주셔야만 취소 가능합니다. 반송처 : 서울특별시 금천구 벚꽃로 278 SJ테크노빌 15층
                인터파크 티켓 환불담당자 이 경우의 취소수수료는 당사로 티켓 도착 기준으로 아래와 같이 부과됩니다.
2024.06.20~2024.07.10 장당 4000원 (티켓금액의 10% 한도)
2024.07.11~2024.07.13 티켓금액의 10%
2024.07.14~2024.07.17 티켓금액의 20%
2024.07.18~2024.07.19 티켓금액의 30% 인터파크 티켓을 이용하는 모든 고객 여러분께 편리한
서비스와 다양한 혜택을 제공하도록 더 노력하겠습니다.
감사합니다."
156,INTERPARKTICKET,[인터파크 티켓] 취소 (일괄 선반납),"고객님, 안녕하세요. 인터파크 티켓을 찾아주셔서 감사합니다. 문의하신 예매 취소에 대한 답변입니다.
예약번호 :
공연제목 :
공연일시 : 티켓은 분실 방지와 현장에서의 혼잡을 막고자 0월 0일
일괄 발송되었으며, 배송 기간은 주말, 공휴일 제외 4-5일 정도
소요 예정입니다. 배송이 시작된 티켓은 수령 후 반송하셔야 취소 가능합니다. 다만, 부득이 일괄 발송으로 배송을 받는 경우이기 때문에
이번 건에 한해서만 예외적으로 배송 업체 측으로 티켓 회수
요청하여 접수하신 0월 0일 기준으로 취소 접수해
드리겠습니다.
[취소 접수는 고객센터로 연락해야만 가능하나, 현재 전화 연결이
원활하지 않아 이번 건에 한해서만 1:1문의하기로 진행해 드립니다.] 회수 요청을 하더라도 배송기사가 배송을 위해 방문할 수 있으며,
그 경우 티켓을 수령받지 않고 반드시 [수취 거절] 바랍니다.
[가족 또는 직장 동료가 대리 수령도 가능하니 수취 거절에 대해
미리 전달해 주셔야 합니다.] 그렇게 티켓이 당사로 회수 또는 반송 완료되면 처음 요청하신
날짜 기준으로 취소수수료, 예매수수료, 초기배송료 제외하고
환불이 가능합니다. 마지막으로 티켓을 배송받으신 후에는 위의 안내드린 내용으로
도움드리기 어려우며, 배송받으신 티켓을 취소 마감 시간인
0월 0일 금요일 오후 5시까지 우체국 등기 이용하셔서 아래 주소로
반송해주셔야만 취소 가능합니다. 반송처 : 서울특별시 금천구 벚꽃로 278 SJ테크노빌 15층 인터파크 티켓 환불담당자 [08511] 이 경우 취소수수료는 당사 도착 기준으로 아래와 같이 부과됩니다.
2024.05.07~2024.06.26 장당 4000원 (티켓금액의 10% 한도)
2024.06.27~2024.06.29 티켓금액의 10%
2024.06.30~2024.07.03 티켓금액의 20%
2024.07.04~2024.07.05 티켓금액의 30% 예매수수료와 초기 배송료는 환불되지 않으며, 우체국 등기로
반송 시 반송 비용은 고객님께서 부담하셔야 합니다 참고로, 공연 3일 전까지 취소 알림을 받지 못하셨을 경우에는
반드시 고객센터[1544-1555]로 연락해 주시기 바랍니다. 인터파크 티켓을 이용하는 모든 고객 여러분께 편리한
서비스와 다양한 혜택을 제공하도록 더 노력하겠습니다.
감사합니다.","고객님, 안녕하세요. 인터파크 티켓을 찾아주셔서 감사합니다. 문의하신 예매 취소에 대한 답변입니다.
예약번호 :
공연제목 :
공연일시 : 티켓은 분실 방지와 현장에서의 혼잡을 막고자 0월 0일
일괄 발송되었으며, 배송 기간은 주말, 공휴일 제외 4-5일 정도
소요 예정입니다. 배송이 시작된 티켓은 수령 후 반송하셔야 취소 가능합니다. 다만, 부득이 일괄 발송으로 배송을 받는 경우이기 때문에
이번 건에 한해서만 예외적으로 배송 업체 측으로 티켓 회수
요청하여 접수하신 0월 0일 기준으로 취소 접수해
드리겠습니다.
[취소 접수는 고객센터로 연락해야만 가능하나, 현재 전화 연결이
원활하지 않아 이번 건에 한해서만 1:1문의하기로 진행해 드립니다.] 회수 요청을 하더라도 배송기사가 배송을 위해 방문할 수 있으며,
그 경우 티켓을 수령받지 않고 반드시 [수취 거절] 바랍니다.
[가족 또는 직장 동료가 대리 수령도 가능하니 수취 거절에 대해
미리 전달해 주셔야 합니다.] 그렇게 티켓이 당사로 회수 또는 반송 완료되면 처음 요청하신
날짜 기준으로 취소수수료, 예매수수료, 초기배송료 제외하고
환불이 가능합니다. 마지막으로 티켓을 배송받으신 후에는 위의 안내드린 내용으로
도움드리기 어려우며, 배송받으신 티켓을 취소 마감 시간인
0월 0일 금요일 오후 5시까지 우체국 등기 이용하셔서 아래 주소로
반송해주셔야만 취소 가능합니다. 반송처 : 서울특별시 금천구 벚꽃로 278 SJ테크노빌 15층 인터파크 티켓 환불담당자 [08511] 이 경우 취소수수료는 당사 도착 기준으로 아래와 같이 부과됩니다.
2024.05.07~2024.06.26 장당 4000원 (티켓금액의 10% 한도)
2024.06.27~2024.06.29 티켓금액의 10%
2024.06.30~2024.07.03 티켓금액의 20%
2024.07.04~2024.07.05 티켓금액의 30% 예매수수료와 초기 배송료는 환불되지 않으며, 우체국 등기로
반송 시 반송 비용은 고객님께서 부담하셔야 합니다 참고로, 공연 3일 전까지 취소 알림을 받지 못하셨을 경우에는
반드시 고객센터[1544-1555]로 연락해 주시기 바랍니다. 인터파크 티켓을 이용하는 모든 고객 여러분께 편리한
서비스와 다양한 혜택을 제공하도록 더 노력하겠습니다.
감사합니다."
157,INTERPARKTICKET,[인터파크 티켓] 배송수령 티켓 취소방법,"고객님, 안녕하세요. 인터파크 티켓을 찾아주셔서 감사합니다. 문의하신 배송 중 취소요청에 대한 답변입니다.
티켓번호 :
공연제목 :
공연일시 : 문의하신 티켓은 [본인 수령 완료]된 내역으로 확인됩니다. 취소를 희망하시는 경우, 우체국을 통해 반송처로 등기반송(선불) 부탁드리며,
반송 도착 시, [반송 도착일 기준]의 취소수수료와 예매수수료, 초기 배송비가
제외된 후 환불됩니다. [반송처]
우편번호 : 08511
주소 : 서울 금천구 벚꽃로 278 SJ테크노빌 빌딩 15층 1515호 인터파크 티켓
수령인 : 인터파크 고객센터 환불담당자
※ 단, 취소 마감시간 이후 반송 도착 시 취소 및 환불 불가 티켓 반송 이후 공연 관람 2일 전까지 취소 알림을 받지 못하신 경우에는
1:1 문의하기 재문의 또는 고객센터[1544-1555]로 연락 부탁드립니다. 인터파크 티켓을 이용하는 모든 고객 여러분께 편리한
서비스와 다양한 혜택을 제공하도록 더 노력하겠습니다.
감사합니다.","고객님, 안녕하세요. 인터파크 티켓을 찾아주셔서 감사합니다. 문의하신 배송 중 취소요청에 대한 답변입니다.
티켓번호 :
공연제목 :
공연일시 : 문의하신 티켓은 [본인 수령 완료]된 내역으로 확인됩니다. 취소를 희망하시는 경우, 우체국을 통해 반송처로 등기반송(선불) 부탁드리며,
반송 도착 시, [반송 도착일 기준]의 취소수수료와 예매수수료, 초기 배송비가
제외된 후 환불됩니다. [반송처]
우편번호 : 08511
주소 : 서울 금천구 벚꽃로 278 SJ테크노빌 빌딩 15층 1515호 인터파크 티켓
수령인 : 인터파크 고객센터 환불담당자
※ 단, 취소 마감시간 이후 반송 도착 시 취소 및 환불 불가 티켓 반송 이후 공연 관람 2일 전까지 취소 알림을 받지 못하신 경우에는
1:1 문의하기 재문의 또는 고객센터[1544-1555]로 연락 부탁드립니다. 인터파크 티켓을 이용하는 모든 고객 여러분께 편리한
서비스와 다양한 혜택을 제공하도록 더 노력하겠습니다.
감사합니다."
158,INTERPARKTICKET,[인터파크 티켓] 발권대기 상태변경 후 취소요청,"고객님, 안녕하세요. 인터파크 티켓을 찾아주셔서 감사합니다. 문의하신 배송 중 취소 요청에 대한 답변입니다.
티켓 번호 :
공연 제목 :
공연 일시 : 문의하신 티켓은 [카드 제작 티켓]으로
[20XX 년 XX 월 XX 일] 즉시 취소가 어려운 점 양해를 부탁드립니다. 취소를 희망하시는 경우 배송 시작 이후 순차적으로 취소 처리 도움드릴 예정이며,
요청해 주신 [20XX 년 XX 월 XX 일] 기준으로 취소수수료와 예매수수료 제외 후
환불 처리될 예정입니다. 만약, 배송이 정상적으로 진행되는 경우에는
배송기사를 통해 수취 거절 의사를 밝혀주시기 바라며,
수취 거절 사유로 반송 도착 시 [20XX 년 XX 월 XX 일] 기준의 취소 수수료와
예매수수료, 제외 후 환불될 예정입니다.
(배송 티켓은 대리수령이 가능합니다. 대리수령 가능성이 있는 주변 지인이
있는 경우, 반드시 공유하여 수취 거절하여 주시길 부탁드립니다.) 다만, 티켓을 수령하신 경우 우체국을 통해 반송 처로 등기반송(선불) 이 필요하며,
이 경우 [반송 도착일 기준]의 취소수수료와 예매수수료, 초기 배송비가
제외된 후 환불됩니다. [반송처]
우편번호 : 08511
주소 : 서울 금천구 벚꽃로 278 SJ테크노빌 빌딩 15층 1515호 인터파크 티켓
수령인 : 인터파크 고객센터 환불 담당자
※ 단, 취소 마감시간 이후 반송 도착 시 취소 및 환불 불가 취소 접수 이후 공연 관람 2일 전까지 취소 알림을 받지 못하신 경우에는
1:1 문의하기 재문의 또는 고객센터[1544-1555]로 연락 부탁드립니다. 인터파크 티켓을 이용하는 모든 고객 여러분께 편리한
서비스와 다양한 혜택을 제공하도록 더 노력하겠습니다.
감사합니다.","고객님, 안녕하세요. 인터파크 티켓을 찾아주셔서 감사합니다. 문의하신 배송 중 취소 요청에 대한 답변입니다.
티켓 번호 :
공연 제목 :
공연 일시 : 문의하신 티켓은 [카드 제작 티켓]으로
[20XX 년 XX 월 XX 일] 즉시 취소가 어려운 점 양해를 부탁드립니다. 취소를 희망하시는 경우 배송 시작 이후 순차적으로 취소 처리 도움드릴 예정이며,
요청해 주신 [20XX 년 XX 월 XX 일] 기준으로 취소수수료와 예매수수료 제외 후
환불 처리될 예정입니다. 만약, 배송이 정상적으로 진행되는 경우에는
배송기사를 통해 수취 거절 의사를 밝혀주시기 바라며,
수취 거절 사유로 반송 도착 시 [20XX 년 XX 월 XX 일] 기준의 취소 수수료와
예매수수료, 제외 후 환불될 예정입니다.
(배송 티켓은 대리수령이 가능합니다. 대리수령 가능성이 있는 주변 지인이
있는 경우, 반드시 공유하여 수취 거절하여 주시길 부탁드립니다.) 다만, 티켓을 수령하신 경우 우체국을 통해 반송 처로 등기반송(선불) 이 필요하며,
이 경우 [반송 도착일 기준]의 취소수수료와 예매수수료, 초기 배송비가
제외된 후 환불됩니다. [반송처]
우편번호 : 08511
주소 : 서울 금천구 벚꽃로 278 SJ테크노빌 빌딩 15층 1515호 인터파크 티켓
수령인 : 인터파크 고객센터 환불 담당자
※ 단, 취소 마감시간 이후 반송 도착 시 취소 및 환불 불가 취소 접수 이후 공연 관람 2일 전까지 취소 알림을 받지 못하신 경우에는
1:1 문의하기 재문의 또는 고객센터[1544-1555]로 연락 부탁드립니다. 인터파크 티켓을 이용하는 모든 고객 여러분께 편리한
서비스와 다양한 혜택을 제공하도록 더 노력하겠습니다.
감사합니다."
171,INTERPARKTICKET,[인터파크 티켓] 부분 취소문의  (부분취소 불가 시),"고객님, 안녕하세요. 인터파크 티켓을 찾아주셔서 감사합니다. 문의하신  부분 취소 요청에 대한 답변입니다.
티켓 번호 :
공연 제목 :
공연 일시 : 문의하신 티켓은 부분 취소가 불가한 내역으로 확인됩니다. 취소를 희망하시는 경우 전체 취소만 가능하시며
이 경우 좌석 선점 불가 및 수수료가 부과되는 점 양해 부탁드립니다. 다른 문의 사항은 1:1 문의하기 재문의 또는 고객센터[1544-1555]로 연락 부탁드립니다.
인터파크 티켓을 이용하는 모든 고객 여러분께 편리한
서비스와 다양한 혜택을 제공하도록 더 노력하겠습니다.
감사합니다.","고객님, 안녕하세요. 인터파크 티켓을 찾아주셔서 감사합니다. 문의하신  부분 취소 요청에 대한 답변입니다.
티켓 번호 :
공연 제목 :
공연 일시 : 문의하신 티켓은 부분 취소가 불가한 내역으로 확인됩니다. 취소를 희망하시는 경우 전체 취소만 가능하시며
이 경우 좌석 선점 불가 및 수수료가 부과되는 점 양해 부탁드립니다. 다른 문의 사항은 1:1 문의하기 재문의 또는 고객센터[1544-1555]로 연락 부탁드립니다.
인터파크 티켓을 이용하는 모든 고객 여러분께 편리한
서비스와 다양한 혜택을 제공하도록 더 노력하겠습니다.
감사합니다."
172,INTERPARKTICKET,"[인터파크 티켓] 부분취소 문의 (부분취소 가능하지만, 정보 확인 불가 할경우)","고객님, 안녕하세요. 인터파크 티켓을 찾아주셔서 감사합니다. 문의하신 부분 취소 요청에 대한 답변입니다.
티켓 번호 :
공연 제목 :
공연 일시 : 문의하신 티켓은 부분 취소가 가능한 내역으로 확인됩니다. 취소를 희망하시는 티켓을 선택하여 직접 취소도 가능하시며,
1:1 문의 또는 고객센터[1544-1555]를 통해 접수도 가능합니다.
다만, 고객님께서 요청 주신 부분 취소에 대한 정보가 확실하지 않아
현재 부분 취소는 어려운 점 양해 부탁드립니다. 부분 취소 원하시는 예매 정보 확인 후
1:1 문의하기 재문의 또는 고객센터[1544-1555]로 연락 주신다면
부분 취소 도움드리겠습니다. 인터파크 티켓을 이용하는 모든 고객 여러분께 편리한
서비스와 다양한 혜택을 제공하도록 더 노력하겠습니다.
감사합니다.","고객님, 안녕하세요. 인터파크 티켓을 찾아주셔서 감사합니다. 문의하신 부분 취소 요청에 대한 답변입니다.
티켓 번호 :
공연 제목 :
공연 일시 : 문의하신 티켓은 부분 취소가 가능한 내역으로 확인됩니다. 취소를 희망하시는 티켓을 선택하여 직접 취소도 가능하시며,
1:1 문의 또는 고객센터[1544-1555]를 통해 접수도 가능합니다.
다만, 고객님께서 요청 주신 부분 취소에 대한 정보가 확실하지 않아
현재 부분 취소는 어려운 점 양해 부탁드립니다. 부분 취소 원하시는 예매 정보 확인 후
1:1 문의하기 재문의 또는 고객센터[1544-1555]로 연락 주신다면
부분 취소 도움드리겠습니다. 인터파크 티켓을 이용하는 모든 고객 여러분께 편리한
서비스와 다양한 혜택을 제공하도록 더 노력하겠습니다.
감사합니다."
174,INTERPARKTICKET,[인터파크 티켓] 부분취소 문의 (부분취소 가능할떄),"고객님, 안녕하세요. 인터파크 티켓을 찾아주셔서 감사합니다. 문의하신 부분 취소 요청에 대한 답변입니다.
티켓 번호 :
공연 제목 :
공연 일시 : 문의하신 티켓은 부분 취소가 가능한 내역으로 확인됩니다. 부분 취소를 희망하시는 좌석 또는 등급은 [XXXXXX]이며
요청해 주신 [20XX년 XX월 XX일] 기준 취소수수료 예매수수료 부과 예정입니다. 취소마감 2일 전까지 취소 완료 연락받지 못하셨을 경우
1:1 문의 또는 고객센터[1544-1555] 문의 부탁드립니다. 인터파크 티켓을 이용하는 모든 고객 여러분께 편리한
서비스와 다양한 혜택을 제공하도록 더 노력하겠습니다.
감사합니다.","고객님, 안녕하세요. 인터파크 티켓을 찾아주셔서 감사합니다. 문의하신 부분 취소 요청에 대한 답변입니다.
티켓 번호 :
공연 제목 :
공연 일시 : 문의하신 티켓은 부분 취소가 가능한 내역으로 확인됩니다. 부분 취소를 희망하시는 좌석 또는 등급은 [XXXXXX]이며
요청해 주신 [20XX년 XX월 XX일] 기준 취소수수료 예매수수료 부과 예정입니다. 취소마감 2일 전까지 취소 완료 연락받지 못하셨을 경우
1:1 문의 또는 고객센터[1544-1555] 문의 부탁드립니다. 인터파크 티켓을 이용하는 모든 고객 여러분께 편리한
서비스와 다양한 혜택을 제공하도록 더 노력하겠습니다.
감사합니다."
175,INTERPARKTICKET,[인터파크 티켓] 수수료 부과 문의 (취소 수수료는 미부과/ 예매수수료만 부과),"고객님, 안녕하세요. 인터파크 티켓을 찾아주셔서 감사합니다. 문의하신 취소 수수료 부과에 대한 답변입니다.
티켓 번호 :
공연 제목 :
공연 일시 : 해당 티켓 취소수수료 부과 기간은 아래와 같습니다. [00년 00월 00일] 부터 [00년 00월 00일 까지 미부과
[00년 00월 00일] 부터 [00년 00월 00일 까지 4000원
[00년 00월 00일] 부터 [00년 00월 00일 까지 10%
[00년 00월 00일] 부터 [00년 00월 00일 까지 20%
[00년 00월 00일] 부터 [00년 00월 00일 까지 30% 현재 고객님께서는 수수료 미 부과 기간이시며,
예매 익일 취소건으로 예매수수료가 부과되셨습니다.
예매수수료는 예매 익일부터 환불되지 않는 점
양해 부탁드립니다. 다른 문의사항은 티켓 고객센터[1544-1555] 또는 1:1문의하기로
접수 바라며, 인터파크 티켓을 이용하는 모든 고객 여러분께
편리한 서비스와 다양한 혜택을 제공하도록 더 노력하겠습니다.
감사합니다.","고객님, 안녕하세요. 인터파크 티켓을 찾아주셔서 감사합니다. 문의하신 취소 수수료 부과에 대한 답변입니다.
티켓 번호 :
공연 제목 :
공연 일시 : 해당 티켓 취소수수료 부과 기간은 아래와 같습니다. [00년 00월 00일] 부터 [00년 00월 00일 까지 미부과
[00년 00월 00일] 부터 [00년 00월 00일 까지 4000원
[00년 00월 00일] 부터 [00년 00월 00일 까지 10%
[00년 00월 00일] 부터 [00년 00월 00일 까지 20%
[00년 00월 00일] 부터 [00년 00월 00일 까지 30% 현재 고객님께서는 수수료 미 부과 기간이시며,
예매 익일 취소건으로 예매수수료가 부과되셨습니다.
예매수수료는 예매 익일부터 환불되지 않는 점
양해 부탁드립니다. 다른 문의사항은 티켓 고객센터[1544-1555] 또는 1:1문의하기로
접수 바라며, 인터파크 티켓을 이용하는 모든 고객 여러분께
편리한 서비스와 다양한 혜택을 제공하도록 더 노력하겠습니다.
감사합니다."
176,INTERPARKTICKET,[인터파크 티켓] 모바일 티켓 문의 (모바일 티켓이 확인 안된다고 할 경우),"고객님, 안녕하세요. 인터파크 티켓을 찾아주셔서 감사합니다. 문의하신  모바일 티켓에 대한 답변입니다.
티켓 번호 :
공연 제목 :
공연 일시 : 해당 모바일 티켓은 인터파크 티켓을 통해 구매하신 내역이 아닌,
다른 제휴 예매처를 통해 예매하신 건으로 인터파크 예매내역에서 확인 어려운 점
양해 부탁드립니다. 인터파크 모바일 티켓 앱 설치 이후
좌측 상단 메뉴 선택 > 핸드폰 인증 연결 선택 > 예매 당시 입력하신 번호로 인증
후 모바일 티켓 확인 가능하시며,
만약 위와 같은 방법으로 진행하셨으나, 모바일 티켓 확인  불가 한 경우
1:1문의 또는 고객센터[1544-1555] 문의 부탁드립니다. 인터파크 티켓을 이용하는 모든 고객 여러분께 편리한
서비스와 다양한 혜택을 제공하도록 더 노력하겠습니다.
감사합니다.","고객님, 안녕하세요. 인터파크 티켓을 찾아주셔서 감사합니다. 문의하신  모바일 티켓에 대한 답변입니다.
티켓 번호 :
공연 제목 :
공연 일시 : 해당 모바일 티켓은 인터파크 티켓을 통해 구매하신 내역이 아닌,
다른 제휴 예매처를 통해 예매하신 건으로 인터파크 예매내역에서 확인 어려운 점
양해 부탁드립니다. 인터파크 모바일 티켓 앱 설치 이후
좌측 상단 메뉴 선택 > 핸드폰 인증 연결 선택 > 예매 당시 입력하신 번호로 인증
후 모바일 티켓 확인 가능하시며,
만약 위와 같은 방법으로 진행하셨으나, 모바일 티켓 확인  불가 한 경우
1:1문의 또는 고객센터[1544-1555] 문의 부탁드립니다. 인터파크 티켓을 이용하는 모든 고객 여러분께 편리한
서비스와 다양한 혜택을 제공하도록 더 노력하겠습니다.
감사합니다."
177,INTERPARKTICKET,[인터파크 티켓] 답변 유형 1,"고객님, 안녕하세요. 인터파크 티켓을 찾아주셔서 감사합니다. 문의하신  000 에 대한 답변입니다.
티켓 번호 :
공연 제목 :
공연 일시 : 다른 문의사항은 티켓 고객센터[1544-1555] 또는 1:1문의하기로
접수 바라며, 인터파크 티켓을 이용하는 모든 고객 여러분께
편리한 서비스와 다양한 혜택을 제공하도록 더 노력하겠습니다.
감사합니다.","고객님, 안녕하세요. 인터파크 티켓을 찾아주셔서 감사합니다. 문의하신  000 에 대한 답변입니다.
티켓 번호 :
공연 제목 :
공연 일시 : 다른 문의사항은 티켓 고객센터[1544-1555] 또는 1:1문의하기로
접수 바라며, 인터파크 티켓을 이용하는 모든 고객 여러분께
편리한 서비스와 다양한 혜택을 제공하도록 더 노력하겠습니다.
감사합니다."
178,INTERPARKTICKET,[인터파크 티켓]  답변 유형 2,"""고객님, 안녕하세요. 인터파크 티켓을 찾아주셔서 감사합니다. 문의하신 00000에 대한 답변입니다.
티켓번호 :
공연제목 :
공연일시 : 인터파크 티켓을 이용하는 모든 고객 여러분께 편리한
서비스와 다양한 혜택을 제공하도록 더 노력하겠습니다.
감사합니다.""","""고객님, 안녕하세요. 인터파크 티켓을 찾아주셔서 감사합니다. 문의하신 00000에 대한 답변입니다.
티켓번호 :
공연제목 :
공연일시 : 인터파크 티켓을 이용하는 모든 고객 여러분께 편리한
서비스와 다양한 혜택을 제공하도록 더 노력하겠습니다.
감사합니다."""
291,INTERPARKTICKET,[인터파크 티켓] 취소 (★취소요청일 지정),"고객님, 안녕하세요. 인터파크 티켓을 찾아주셔서 감사합니다. 문의하신 예매 취소에 대한 답변입니다.
예약번호 :
공연제목 :
공연일시 : 티켓은 0월 0일부터 배송 시작 되었으며, 배송 기간은
주말, 공휴일 제외 4-5일 정도 소요 예정입니다. 배송이 시작된 티켓은 수령 후 반송하셔야 취소 가능합니다. 다만, 부득이 일괄 발송으로 배송을 받는 경우이기 때문에
이번 건에 한해서만 예외적으로 배송중인 티켓에 대해
접수하신 0월 0일 기준으로 취소 접수해 드리도록 하겠습니다.
[취소 접수는 고객센터로 연락해야만 가능하나, 현재 전화 연결이
원활하지 않아 이번 건에 한해서만 1:1문의하기로 진행해 드립니다.] 단, 취소 접수를 진행하더라도 바로 취소되지 않으며, 배송기사가
방문 시 반드시 수취 거절을 해주셔야합니다.
[가족 또는 직장 동료가 대리 수령도 가능하니 수취 거절에 대해
미리 전달해 주셔야 합니다.] 수취 거절 후 당사로 반송 도착할 경우 문자메시지가 발송되며.
반송 문자메시지 받으신 후 반드시 [문자 받은 당일 18시 전까지]
고객센터 [1544-1555]로 연락하실 경우에만 1:1문의하기로 요청하신
0월 0일 기준으로 취소가 가능합니다.
[반드시 문자 수신 후 고객센터로 연락하셔야 합니다.] 반송 문자를 수신하였으나 익일 이후 연락을 하실 경우 연락하신 날짜
기준으로 수수료가 부과되며, 취소 마감시간 이전까지 연락이 없는 경우
취소가 되지 않는 점 참고 바랍니다. 마지막으로 티켓을 배송받으신 후에는 위의 안내드린 내용으로
도움드리기 어려우며, 배송받으신 티켓을 취소 마감 시간인
0월 0일 금요일 오후 5시까지 우체국 등기 이용하셔서 아래 주소로
반송해주셔야만 취소 가능합니다. 반송처 : 서울특별시 금천구 벚꽃로 278 SJ테크노빌 15층 인터파크 티켓 환불담당자 [08511] 이 경우의 취소수수료는 당사로 티켓 도착 기준으로 아래와 같이 부과됩니다.
2024.06.20~2024.07.10 장당 4000원 (티켓금액의 10% 한도)
2024.07.11~2024.07.13 티켓금액의 10%
2024.07.14~2024.07.17 티켓금액의 20%
2024.07.18~2024.07.19 티켓금액의 30% 예매수수료와 초기 배송료는 환불되지 않으며, 우체국 등기로
반송 시 반송 비용은 고객님께서 부담하셔야 합니다 인터파크 티켓을 이용하는 모든 고객 여러분께 편리한
서비스와 다양한 혜택을 제공하도록 더 노력하겠습니다.
감사합니다.","고객님, 안녕하세요. 인터파크 티켓을 찾아주셔서 감사합니다. 문의하신 예매 취소에 대한 답변입니다.
예약번호 :
공연제목 :
공연일시 : 티켓은 0월 0일부터 배송 시작 되었으며, 배송 기간은
주말, 공휴일 제외 4-5일 정도 소요 예정입니다. 배송이 시작된 티켓은 수령 후 반송하셔야 취소 가능합니다. 다만, 부득이 일괄 발송으로 배송을 받는 경우이기 때문에
이번 건에 한해서만 예외적으로 배송중인 티켓에 대해
접수하신 0월 0일 기준으로 취소 접수해 드리도록 하겠습니다.
[취소 접수는 고객센터로 연락해야만 가능하나, 현재 전화 연결이
원활하지 않아 이번 건에 한해서만 1:1문의하기로 진행해 드립니다.] 단, 취소 접수를 진행하더라도 바로 취소되지 않으며, 배송기사가
방문 시 반드시 수취 거절을 해주셔야합니다.
[가족 또는 직장 동료가 대리 수령도 가능하니 수취 거절에 대해
미리 전달해 주셔야 합니다.] 수취 거절 후 당사로 반송 도착할 경우 문자메시지가 발송되며.
반송 문자메시지 받으신 후 반드시 [문자 받은 당일 18시 전까지]
고객센터 [1544-1555]로 연락하실 경우에만 1:1문의하기로 요청하신
0월 0일 기준으로 취소가 가능합니다.
[반드시 문자 수신 후 고객센터로 연락하셔야 합니다.] 반송 문자를 수신하였으나 익일 이후 연락을 하실 경우 연락하신 날짜
기준으로 수수료가 부과되며, 취소 마감시간 이전까지 연락이 없는 경우
취소가 되지 않는 점 참고 바랍니다. 마지막으로 티켓을 배송받으신 후에는 위의 안내드린 내용으로
도움드리기 어려우며, 배송받으신 티켓을 취소 마감 시간인
0월 0일 금요일 오후 5시까지 우체국 등기 이용하셔서 아래 주소로
반송해주셔야만 취소 가능합니다. 반송처 : 서울특별시 금천구 벚꽃로 278 SJ테크노빌 15층 인터파크 티켓 환불담당자 [08511] 이 경우의 취소수수료는 당사로 티켓 도착 기준으로 아래와 같이 부과됩니다.
2024.06.20~2024.07.10 장당 4000원 (티켓금액의 10% 한도)
2024.07.11~2024.07.13 티켓금액의 10%
2024.07.14~2024.07.17 티켓금액의 20%
2024.07.18~2024.07.19 티켓금액의 30% 예매수수료와 초기 배송료는 환불되지 않으며, 우체국 등기로
반송 시 반송 비용은 고객님께서 부담하셔야 합니다 인터파크 티켓을 이용하는 모든 고객 여러분께 편리한
서비스와 다양한 혜택을 제공하도록 더 노력하겠습니다.
감사합니다."
292,INTERPARKTICKET,[인터파크 티켓] 취소 (예매 후 7일 미경과 배송중),"고객님, 안녕하세요. 인터파크 티켓을 찾아주셔서 감사합니다. 문의하신 예매 취소에 대한 답변입니다.
예약번호 :
공연제목 :
공연일시 : 예매하신 티켓은 0월 0일 발송되었으며, 배송이 시작된 티켓은
수령 후 반송해 주셔야 취소 가능합니다. 취소 수수료는 반송 티켓 도착일 기준으로 부과되나, 예매 후
7일이 경과하지 않았기 때문에 접수하신 0월 0일 기준으로
취소 접수해 드리도록 하겠습니다.
[취소 접수는 고객센터로 연락해야만 가능하나, 현재 전화 연결이
원활하지 않아 이번 건에 한해서만 1:1문의하기로 진행해 드립니다.] 단, 취소 접수를 진행하더라도 바로 취소되지 않으며, 배송기사가
방문 시 반드시 수취 거절을 해주셔야합니다.
[가족 또는 직장 동료가 대리 수령도 가능하니 수취 거절에 대해
미리 전달해 주셔야 합니다.] 수취 거절 후 당사로 반송 도착할 경우 문자메시지가 발송되며.
반송 문자메시지 받으신 후 반드시 [문자 받은 당일 18시 전까지]
고객센터[1544-1555]로 연락하실 경우에만 1:1문의하기로 요청하신
 0월 0일 기준으로 취소가 가능합니다.
[반드시 문자 수신 후 고객센터로 연락하셔야 합니다.] 반송 문자를 수신하였으나 익일 이후 연락을 하실 경우 연락하신 날짜
기준으로 수수료가 부과되며, 취소 마감시간 이전까지 연락이 없는 경우
취소가 되지 않는 점 참고 바랍니다. 마지막으로 티켓을 배송받으신 후에는 위의 안내드린 내용으로
도움드리기 어려우며, 배송받으신 티켓을 취소 마감 시간인
0월 0일 금요일 오후 5시까지 우체국 등기 이용하셔서 아래 주소로
반송해주셔야만 취소 가능합니다. 반송처 : 서울특별시 금천구 벚꽃로 278 SJ테크노빌 15층 인터파크 티켓 환불담당자 [08511] 이 경우의 취소수수료는 당사로 티켓 도착 기준으로 아래와 같이 부과됩니다.
2024.06.20~2024.07.10 장당 4000원 (티켓금액의 10% 한도)
2024.07.11~2024.07.13 티켓금액의 10%
2024.07.14~2024.07.17 티켓금액의 20%
2024.07.18~2024.07.19 티켓금액의 30% 인터파크 티켓을 이용하는 모든 고객 여러분께 편리한
서비스와 다양한 혜택을 제공하도록 더 노력하겠습니다.
감사합니다.","고객님, 안녕하세요. 인터파크 티켓을 찾아주셔서 감사합니다. 문의하신 예매 취소에 대한 답변입니다.
예약번호 :
공연제목 :
공연일시 : 예매하신 티켓은 0월 0일 발송되었으며, 배송이 시작된 티켓은
수령 후 반송해 주셔야 취소 가능합니다. 취소 수수료는 반송 티켓 도착일 기준으로 부과되나, 예매 후
7일이 경과하지 않았기 때문에 접수하신 0월 0일 기준으로
취소 접수해 드리도록 하겠습니다.
[취소 접수는 고객센터로 연락해야만 가능하나, 현재 전화 연결이
원활하지 않아 이번 건에 한해서만 1:1문의하기로 진행해 드립니다.] 단, 취소 접수를 진행하더라도 바로 취소되지 않으며, 배송기사가
방문 시 반드시 수취 거절을 해주셔야합니다.
[가족 또는 직장 동료가 대리 수령도 가능하니 수취 거절에 대해
미리 전달해 주셔야 합니다.] 수취 거절 후 당사로 반송 도착할 경우 문자메시지가 발송되며.
반송 문자메시지 받으신 후 반드시 [문자 받은 당일 18시 전까지]
고객센터[1544-1555]로 연락하실 경우에만 1:1문의하기로 요청하신
 0월 0일 기준으로 취소가 가능합니다.
[반드시 문자 수신 후 고객센터로 연락하셔야 합니다.] 반송 문자를 수신하였으나 익일 이후 연락을 하실 경우 연락하신 날짜
기준으로 수수료가 부과되며, 취소 마감시간 이전까지 연락이 없는 경우
취소가 되지 않는 점 참고 바랍니다. 마지막으로 티켓을 배송받으신 후에는 위의 안내드린 내용으로
도움드리기 어려우며, 배송받으신 티켓을 취소 마감 시간인
0월 0일 금요일 오후 5시까지 우체국 등기 이용하셔서 아래 주소로
반송해주셔야만 취소 가능합니다. 반송처 : 서울특별시 금천구 벚꽃로 278 SJ테크노빌 15층 인터파크 티켓 환불담당자 [08511] 이 경우의 취소수수료는 당사로 티켓 도착 기준으로 아래와 같이 부과됩니다.
2024.06.20~2024.07.10 장당 4000원 (티켓금액의 10% 한도)
2024.07.11~2024.07.13 티켓금액의 10%
2024.07.14~2024.07.17 티켓금액의 20%
2024.07.18~2024.07.19 티켓금액의 30% 인터파크 티켓을 이용하는 모든 고객 여러분께 편리한
서비스와 다양한 혜택을 제공하도록 더 노력하겠습니다.
감사합니다."
293,INTERPARKTICKET,[인터파크 티켓] 취소 (예매 후 7일 미경과 수령),"고객님, 안녕하세요. 인터파크 티켓을 찾아주셔서 감사합니다. 문의하신 예매 취소에 대한 답변입니다.
예약번호 :
공연제목 :
공연일시 : 예매하신 티켓은 이미 수령하신 것으로 확인되고 있으며,
수령하신 티켓은 우체국 등기를 통해 당사 반송처로 반송해
주셔야 취소가 가능합니다. 반송처 : 서울특별시 금천구 벚꽃로 278 SJ테크노빌 15층 인터파크 티켓 환불담당자 [08511] 취소 수수료는 반송 티켓 도착일 기준으로 부과되나, 예매 후
7일이 경과하지 않은 상황이기 때문에 금일 포함 3일 이내
반송 도착 시접수하신 0월 0일 기준으로 취소 접수해 드리도록 하겠습니다.
[6월 28일까지 도착 할 경우에만 요청일기준]
[취소 접수는 고객센터로 연락해야만 가능하나, 현재 전화 연결이
원활하지 않아 이번 건에 한해서만 1:1문의하기로 진행해 드립니다.] 0월 0일 이후 도착 시에는 반송 도착일 기준으로 수수료가
부과되는 점 참고 바랍니다. 2024.06.20~2024.07.10 장당 4000원 (티켓금액의 10% 한도)
2024.07.11~2024.07.13 티켓금액의 10%
2024.07.14~2024.07.17 티켓금액의 20%
2024.07.18~2024.07.19 티켓금액의 30% 예매수수료와 초기 배송료는 환불되지 않으며, 우체국 등기로
반송 시 반송 비용은 고객님께서 부담하셔야 합니다 인터파크 티켓을 이용하는 모든 고객 여러분께 편리한
서비스와 다양한 혜택을 제공하도록 더 노력하겠습니다.
감사합니다.","고객님, 안녕하세요. 인터파크 티켓을 찾아주셔서 감사합니다. 문의하신 예매 취소에 대한 답변입니다.
예약번호 :
공연제목 :
공연일시 : 예매하신 티켓은 이미 수령하신 것으로 확인되고 있으며,
수령하신 티켓은 우체국 등기를 통해 당사 반송처로 반송해
주셔야 취소가 가능합니다. 반송처 : 서울특별시 금천구 벚꽃로 278 SJ테크노빌 15층 인터파크 티켓 환불담당자 [08511] 취소 수수료는 반송 티켓 도착일 기준으로 부과되나, 예매 후
7일이 경과하지 않은 상황이기 때문에 금일 포함 3일 이내
반송 도착 시접수하신 0월 0일 기준으로 취소 접수해 드리도록 하겠습니다.
[6월 28일까지 도착 할 경우에만 요청일기준]
[취소 접수는 고객센터로 연락해야만 가능하나, 현재 전화 연결이
원활하지 않아 이번 건에 한해서만 1:1문의하기로 진행해 드립니다.] 0월 0일 이후 도착 시에는 반송 도착일 기준으로 수수료가
부과되는 점 참고 바랍니다. 2024.06.20~2024.07.10 장당 4000원 (티켓금액의 10% 한도)
2024.07.11~2024.07.13 티켓금액의 10%
2024.07.14~2024.07.17 티켓금액의 20%
2024.07.18~2024.07.19 티켓금액의 30% 예매수수료와 초기 배송료는 환불되지 않으며, 우체국 등기로
반송 시 반송 비용은 고객님께서 부담하셔야 합니다 인터파크 티켓을 이용하는 모든 고객 여러분께 편리한
서비스와 다양한 혜택을 제공하도록 더 노력하겠습니다.
감사합니다."
294,INTERPARKTICKET,[인터파크 티켓] 취소 (예매수수료 환불불가),"고객님, 안녕하세요. 인터파크 티켓을 찾아주셔서 감사합니다 문의하신 예매수수료에 대한 답변입니다.
예약번호 :
공연제목 :
공연일시 : 당사는 공연 기획사에서 판매 의뢰를 받아 예매를 진행해 드리는
대행업체이며, 예매 시 아래와 같이 예매수수료가 부과됩니다. 공연(연극외) : 온라인 장당 2,000원 / 고객센터 장당 3,000원
연극 : 온라인 장당 1,000원 / 고객센터 장당 3,000원
스포츠 : 온라인 장당 1,000원 / 고객센터 장당 3,000원
[디지털 카드 티켓이 제공되는 공연은 장당 2,000원씩 추가됩니다.] 예매수수료는 예매하시는 행동을 취했을 때 부과되는 수수료이며,
예매일 다음날부터 취소 시에는 환불되지 않는 점 양해 바랍니다. 다른 문의사항은 티켓 고객센터[1544-1555] 또는 1:1문의하기로
접수 바라며, 인터파크 티켓을 이용하는 모든 고객 여러분께
편리한 서비스와 다양한 혜택을 제공하도록 더 노력하겠습니다.
감사합니다.","고객님, 안녕하세요. 인터파크 티켓을 찾아주셔서 감사합니다 문의하신 예매수수료에 대한 답변입니다.
예약번호 :
공연제목 :
공연일시 : 당사는 공연 기획사에서 판매 의뢰를 받아 예매를 진행해 드리는
대행업체이며, 예매 시 아래와 같이 예매수수료가 부과됩니다. 공연(연극외) : 온라인 장당 2,000원 / 고객센터 장당 3,000원
연극 : 온라인 장당 1,000원 / 고객센터 장당 3,000원
스포츠 : 온라인 장당 1,000원 / 고객센터 장당 3,000원
[디지털 카드 티켓이 제공되는 공연은 장당 2,000원씩 추가됩니다.] 예매수수료는 예매하시는 행동을 취했을 때 부과되는 수수료이며,
예매일 다음날부터 취소 시에는 환불되지 않는 점 양해 바랍니다. 다른 문의사항은 티켓 고객센터[1544-1555] 또는 1:1문의하기로
접수 바라며, 인터파크 티켓을 이용하는 모든 고객 여러분께
편리한 서비스와 다양한 혜택을 제공하도록 더 노력하겠습니다.
감사합니다."
295,INTERPARKTICKET,[인터파크 티켓] 취소 (마감시간 3일 이상 남아있을 경우),"고객님, 안녕하세요. 인터파크 티켓을 찾아주셔서 감사합니다. 문의하신 예매 취소에 대한 답변입니다.
예약번호 :
공연제목 :
공연일시 : 예매 취소는 예매자 본인께서 직접 고객센터[1544-1555]로
연락하셔서 문의 바랍니다. 인터파크 티켓을 이용하는 모든 고객 여러분께 편리한
서비스와 다양한 혜택을 제공하도록 더 노력하겠습니다.
감사합니다.","고객님, 안녕하세요. 인터파크 티켓을 찾아주셔서 감사합니다. 문의하신 예매 취소에 대한 답변입니다.
예약번호 :
공연제목 :
공연일시 : 예매 취소는 예매자 본인께서 직접 고객센터[1544-1555]로
연락하셔서 문의 바랍니다. 인터파크 티켓을 이용하는 모든 고객 여러분께 편리한
서비스와 다양한 혜택을 제공하도록 더 노력하겠습니다.
감사합니다."
296,INTERPARKTICKET,[인터파크 티켓] 취소 (캐스팅변경-신용카드),"고객님, 안녕하세요. 인터파크 티켓을 찾아주셔서 감사합니다. 문의하신 캐스팅 변경 취소에 대한 답변입니다.
예약번호 :
공연제목 :
공연일시 : 캐스팅 변경으로 인한 전액 환불은 반드시 예매자 본인께서
직접 고객센터[1544-1555]로 연락하셔야 합니다. 다만, 이번 건에 한해서만 1:1문의하기를 통해 취소해 드렸으며,
카드 취소는 주말, 공휴일 제외 3~5일 후 결제하신
카드사로 확인하실 수 있습니다. 청구된 이후 취소가 된 경우 다음달 카드 대금에서
상계 처리되거나 통장으로 환불되는 점 양해해 주시기 바랍니다. 인터파크 티켓을 이용하는 모든 고객 여러분께 편리한
서비스와 다양한 혜택을 제공하도록 더 노력하겠습니다.
감사합니다.","고객님, 안녕하세요. 인터파크 티켓을 찾아주셔서 감사합니다. 문의하신 캐스팅 변경 취소에 대한 답변입니다.
예약번호 :
공연제목 :
공연일시 : 캐스팅 변경으로 인한 전액 환불은 반드시 예매자 본인께서
직접 고객센터[1544-1555]로 연락하셔야 합니다. 다만, 이번 건에 한해서만 1:1문의하기를 통해 취소해 드렸으며,
카드 취소는 주말, 공휴일 제외 3~5일 후 결제하신
카드사로 확인하실 수 있습니다. 청구된 이후 취소가 된 경우 다음달 카드 대금에서
상계 처리되거나 통장으로 환불되는 점 양해해 주시기 바랍니다. 인터파크 티켓을 이용하는 모든 고객 여러분께 편리한
서비스와 다양한 혜택을 제공하도록 더 노력하겠습니다.
감사합니다."
297,INTERPARKTICKET,[인터파크 티켓] 취소 (캐스팅변경-무통장),"고객님, 안녕하세요. 인터파크 티켓을 찾아주셔서 감사합니다. 문의하신 캐스팅 변경 취소에 대한 답변입니다.
예약번호 :
공연제목 :
공연일시 : 캐스팅 변경으로 인한 전액 환불은 반드시 예매자 본인께서
직접 고객센터[1544-1555]로 연락하셔야 합니다. 다만, 이번 건에 한해서만 1:1문의하기를 통해 취소해 드렸으며,
홈페이지의 [마이페이지 > 상세 > 환불계좌접수]에서
환불 계좌 접수가 가능합니다. 홈페이지에서 접수가 어렵다면, [ 이름 ] 고객님의 계좌를
고객센터나 1:1문의하기로 확인해 주시면 접수 가능합니다. 환불은 계좌 접수 후 주말, 공휴일 제외 2~3일 정도 소요됩니다. 인터파크 티켓을 이용하는 모든 고객 여러분께 편리한
다양한 혜택을 제공하도록 더 노력하겠습니다.
감사합니다.","고객님, 안녕하세요. 인터파크 티켓을 찾아주셔서 감사합니다. 문의하신 캐스팅 변경 취소에 대한 답변입니다.
예약번호 :
공연제목 :
공연일시 : 캐스팅 변경으로 인한 전액 환불은 반드시 예매자 본인께서
직접 고객센터[1544-1555]로 연락하셔야 합니다. 다만, 이번 건에 한해서만 1:1문의하기를 통해 취소해 드렸으며,
홈페이지의 [마이페이지 > 상세 > 환불계좌접수]에서
환불 계좌 접수가 가능합니다. 홈페이지에서 접수가 어렵다면, [ 이름 ] 고객님의 계좌를
고객센터나 1:1문의하기로 확인해 주시면 접수 가능합니다. 환불은 계좌 접수 후 주말, 공휴일 제외 2~3일 정도 소요됩니다. 인터파크 티켓을 이용하는 모든 고객 여러분께 편리한
다양한 혜택을 제공하도록 더 노력하겠습니다.
감사합니다."
298,INTERPARKTICKET,[인터파크 티켓] 입금확인 (입금 후 문자 또는 카톡 발송),"고객님, 안녕하세요. 인터파크 티켓을 찾아주셔서 감사합니다. 문의하신 입금확인에 대한 답변입니다.
예약번호 :
공연제목 :
공연일시 : 우리은행 가상계좌로 35,500원 정상 입금 확인이 되었습니다. 티켓 오픈 시 한꺼번에 많은 고객님들께서 동시에 접속하여
서버가 원활하지 않은 상태에서 예매가 진행됩니다. 그러한 경우 입금을 빠르게 완료하시게 되면 입금 완료 후
입금 요청 문자가 발송될 수 있는 점 양해해 주시기 바랍니다. 다른 문의사항은 티켓 고객센터[1544-1555] 또는 1:1문의하기로
접수 바라며, 인터파크 티켓을 이용하는 모든 고객 여러분께
편리한 서비스와 다양한 혜택을 제공하도록 더 노력하겠습니다.
감사합니다.","고객님, 안녕하세요. 인터파크 티켓을 찾아주셔서 감사합니다. 문의하신 입금확인에 대한 답변입니다.
예약번호 :
공연제목 :
공연일시 : 우리은행 가상계좌로 35,500원 정상 입금 확인이 되었습니다. 티켓 오픈 시 한꺼번에 많은 고객님들께서 동시에 접속하여
서버가 원활하지 않은 상태에서 예매가 진행됩니다. 그러한 경우 입금을 빠르게 완료하시게 되면 입금 완료 후
입금 요청 문자가 발송될 수 있는 점 양해해 주시기 바랍니다. 다른 문의사항은 티켓 고객센터[1544-1555] 또는 1:1문의하기로
접수 바라며, 인터파크 티켓을 이용하는 모든 고객 여러분께
편리한 서비스와 다양한 혜택을 제공하도록 더 노력하겠습니다.
감사합니다."
299,INTERPARKTICKET,[인터파크 티켓] 일괄 배송 (배송중),"고객님, 안녕하세요. 인터파크 티켓을 찾아주셔서 감사합니다. 문의하신 티켓 배송에 대한 답변입니다.
예약번호 :
공연제목 :
공연일시 : 티켓은 분실 방지와 현장에서의 혼잡을 막고자 0월 0일부터
일괄 발송되었으며, 배송 기간은 주말, 공휴일 제외 4~5일 정도
소요됩니다.
[배송업체 사정으로 1~2일 지연될 수 있는 점 양해 바랍니다.] 배송은 [마이페이지 > 상세 > 등기번호확인 > 등기조회하기]에서
조회 가능합니다.
[배송은 PC 홈페이지에서 조회하셔야 합니다.] 다른 문의사항은 티켓 고객센터[1544-1555] 또는 1:1문의하기로
접수 바라며, 인터파크 티켓을 이용하는 모든 고객 여러분께
편리한 서비스와 다양한 혜택을 제공하도록 더 노력하겠습니다.
감사합니다.","고객님, 안녕하세요. 인터파크 티켓을 찾아주셔서 감사합니다. 문의하신 티켓 배송에 대한 답변입니다.
예약번호 :
공연제목 :
공연일시 : 티켓은 분실 방지와 현장에서의 혼잡을 막고자 0월 0일부터
일괄 발송되었으며, 배송 기간은 주말, 공휴일 제외 4~5일 정도
소요됩니다.
[배송업체 사정으로 1~2일 지연될 수 있는 점 양해 바랍니다.] 배송은 [마이페이지 > 상세 > 등기번호확인 > 등기조회하기]에서
조회 가능합니다.
[배송은 PC 홈페이지에서 조회하셔야 합니다.] 다른 문의사항은 티켓 고객센터[1544-1555] 또는 1:1문의하기로
접수 바라며, 인터파크 티켓을 이용하는 모든 고객 여러분께
편리한 서비스와 다양한 혜택을 제공하도록 더 노력하겠습니다.
감사합니다."
300,INTERPARKTICKET,[인터파크 티켓] 일괄 배송 (현장수령 변경불가),"고객님, 안녕하세요. 인터파크 티켓을 찾아주셔서 감사합니다. 문의하신 티켓 배송에 대한 답변입니다.
예약번호 :
공연제목 :
공연일시 : 예매하신 공연 티켓은 분실 방지와 현장에서의 혼잡을 막고자
0월 0일부터 일괄 발송될 예정입니다. 예매 초기에는 [일괄 배송] 방식만으로 운영하며, 현장수령으로
변경은 어려운 점 양해해 주시기 바랍니다. 다른 문의사항은 티켓 고객센터[1544-1555] 또는 1:1문의하기로
접수 바라며, 인터파크 티켓을 이용하는 모든 고객 여러분께
편리한 서비스와 다양한 혜택을 제공하도록 더 노력하겠습니다.
감사합니다.","고객님, 안녕하세요. 인터파크 티켓을 찾아주셔서 감사합니다. 문의하신 티켓 배송에 대한 답변입니다.
예약번호 :
공연제목 :
공연일시 : 예매하신 공연 티켓은 분실 방지와 현장에서의 혼잡을 막고자
0월 0일부터 일괄 발송될 예정입니다. 예매 초기에는 [일괄 배송] 방식만으로 운영하며, 현장수령으로
변경은 어려운 점 양해해 주시기 바랍니다. 다른 문의사항은 티켓 고객센터[1544-1555] 또는 1:1문의하기로
접수 바라며, 인터파크 티켓을 이용하는 모든 고객 여러분께
편리한 서비스와 다양한 혜택을 제공하도록 더 노력하겠습니다.
감사합니다."
301,INTERPARKTICKET,[인터파크 티켓] 일반 배송 (배송중),"고객님, 안녕하세요. 인터파크 티켓을 찾아주셔서 감사합니다. 문의하신 티켓 배송에 대한 답변입니다.
예약번호 :
공연제목 :
공연일시 : 예매하신 티켓은 0월 0일 발송되었으며, 배송 기간은
주말, 공휴일 제외 4~5일 정도 소요됩니다.
[배송업체 사정으로 1~2일 지연될 수 있는 점 양해 바랍니다.] 배송은 [마이페이지 > 상세 > 등기번호확인 > 등기조회하기]에서
조회 가능합니다.
[배송은 PC 홈페이지에서 조회하셔야 합니다.] 다른 문의사항은 티켓 고객센터[1544-1555] 또는 1:1문의하기로
접수 바라며, 인터파크 티켓을 이용하는 모든 고객 여러분께
편리한 서비스와 다양한 혜택을 제공하도록 더 노력하겠습니다.
감사합니다.","고객님, 안녕하세요. 인터파크 티켓을 찾아주셔서 감사합니다. 문의하신 티켓 배송에 대한 답변입니다.
예약번호 :
공연제목 :
공연일시 : 예매하신 티켓은 0월 0일 발송되었으며, 배송 기간은
주말, 공휴일 제외 4~5일 정도 소요됩니다.
[배송업체 사정으로 1~2일 지연될 수 있는 점 양해 바랍니다.] 배송은 [마이페이지 > 상세 > 등기번호확인 > 등기조회하기]에서
조회 가능합니다.
[배송은 PC 홈페이지에서 조회하셔야 합니다.] 다른 문의사항은 티켓 고객센터[1544-1555] 또는 1:1문의하기로
접수 바라며, 인터파크 티켓을 이용하는 모든 고객 여러분께
편리한 서비스와 다양한 혜택을 제공하도록 더 노력하겠습니다.
감사합니다."
302,INTERPARKTICKET,[인터파크 티켓] 배송 지연,"고객님, 안녕하세요. 인터파크 티켓을 찾아주셔서 감사합니다. 문의하신 티켓 배송에 대한 답변입니다.
예약번호 :
공연제목 :
공연일시 : 기다리는 시간이 지루하셨을 텐데 배송으로 염려를 드려
대단히 죄송합니다. 배송업체에서 배송 현황 확인하여 고객님께 직접 연락드릴 수
있도록 요청했습니다. 배송은 [마이페이지 > 상세 > 등기번호확인 > 등기조회하기]에서
조회 가능합니다.
[배송은 PC 홈페이지에서 조회하셔야 합니다.] 참고로 고객님과 연락이 닿지 않으면 배송이 지연 또는 반송될 수
있으니 모르는 번호라도 꼭 받으셔서 수령하시기 바랍니다. 다른 문의사항은 티켓 고객센터[1544-1555] 또는 1:1문의하기로
접수 바라며, 인터파크 티켓을 이용하는 모든 고객 여러분께
편리한 서비스와 다양한 혜택을 제공하도록 더 노력하겠습니다.
감사합니다.","고객님, 안녕하세요. 인터파크 티켓을 찾아주셔서 감사합니다. 문의하신 티켓 배송에 대한 답변입니다.
예약번호 :
공연제목 :
공연일시 : 기다리는 시간이 지루하셨을 텐데 배송으로 염려를 드려
대단히 죄송합니다. 배송업체에서 배송 현황 확인하여 고객님께 직접 연락드릴 수
있도록 요청했습니다. 배송은 [마이페이지 > 상세 > 등기번호확인 > 등기조회하기]에서
조회 가능합니다.
[배송은 PC 홈페이지에서 조회하셔야 합니다.] 참고로 고객님과 연락이 닿지 않으면 배송이 지연 또는 반송될 수
있으니 모르는 번호라도 꼭 받으셔서 수령하시기 바랍니다. 다른 문의사항은 티켓 고객센터[1544-1555] 또는 1:1문의하기로
접수 바라며, 인터파크 티켓을 이용하는 모든 고객 여러분께
편리한 서비스와 다양한 혜택을 제공하도록 더 노력하겠습니다.
감사합니다."
303,INTERPARKTICKET,[인터파크 티켓] 배송중 (우체국 이관),"고객님, 안녕하세요. 인터파크 티켓을 찾아주셔서 감사합니다. 문의하신 배송에 대한 답변입니다.
예약번호 :
공연제목 :
공연일시 : 티켓은 0월 0일에 일괄 발송되었으나 배송하는 [주식회사 국제]
업체의 물량이 너무 많아 0월 0일 우체국 등기로 전환 발송된 점
양해해 주시기 바랍니다. 아래 주소로 등기번호를 입력하시면 배송 정보 확인이 가능하오니
참고 바랍니다.
등기번호 :
[우체국 : https://service.epost.go.kr/iservice/usr/trace/usrtrc001k01.jsp] 다른 문의사항은 티켓 고객센터[1544-1555] 또는 1:1문의하기로
접수 바라며, 인터파크 티켓을 이용하는 모든 고객 여러분께
편리한 서비스와 다양한 혜택을 제공하도록 더 노력하겠습니다.
감사합니다.","고객님, 안녕하세요. 인터파크 티켓을 찾아주셔서 감사합니다. 문의하신 배송에 대한 답변입니다.
예약번호 :
공연제목 :
공연일시 : 티켓은 0월 0일에 일괄 발송되었으나 배송하는 [주식회사 국제]
업체의 물량이 너무 많아 0월 0일 우체국 등기로 전환 발송된 점
양해해 주시기 바랍니다. 아래 주소로 등기번호를 입력하시면 배송 정보 확인이 가능하오니
참고 바랍니다.
등기번호 :
[우체국 : https://service.epost.go.kr/iservice/usr/trace/usrtrc001k01.jsp] 다른 문의사항은 티켓 고객센터[1544-1555] 또는 1:1문의하기로
접수 바라며, 인터파크 티켓을 이용하는 모든 고객 여러분께
편리한 서비스와 다양한 혜택을 제공하도록 더 노력하겠습니다.
감사합니다."
304,INTERPARKTICKET,[인터파크 티켓] 배송 완료,"고객님, 안녕하세요. 인터파크 티켓을 찾아주셔서 감사합니다. 문의하신 티켓 배송에 대한 답변입니다.
예약번호 :
공연제목 :
공연일시 : 예매하신 티켓은 0월 0일에 발송되어 0월 0일 [ 이름 ]
고객님께서 수령하신 것으로 확인됩니다. 배송은 [마이페이지 > 상세 > 등기번호확인 > 등기조회하기]에서
조회 가능합니다.
[배송은 PC 홈페이지에서 조회하셔야 합니다.] 다른 문의사항은 티켓 고객센터[1544-1555] 또는 1:1문의하기로
접수 바라며, 인터파크 티켓을 이용하는 모든 고객 여러분께
편리한 서비스와 다양한 혜택을 제공하도록 더 노력하겠습니다.
감사합니다.","고객님, 안녕하세요. 인터파크 티켓을 찾아주셔서 감사합니다. 문의하신 티켓 배송에 대한 답변입니다.
예약번호 :
공연제목 :
공연일시 : 예매하신 티켓은 0월 0일에 발송되어 0월 0일 [ 이름 ]
고객님께서 수령하신 것으로 확인됩니다. 배송은 [마이페이지 > 상세 > 등기번호확인 > 등기조회하기]에서
조회 가능합니다.
[배송은 PC 홈페이지에서 조회하셔야 합니다.] 다른 문의사항은 티켓 고객센터[1544-1555] 또는 1:1문의하기로
접수 바라며, 인터파크 티켓을 이용하는 모든 고객 여러분께
편리한 서비스와 다양한 혜택을 제공하도록 더 노력하겠습니다.
감사합니다."
305,INTERPARKTICKET,[인터파크 티켓] 배송 티켓 (본인수령 원칙),"고객님, 안녕하세요. 인터파크 티켓을 찾아주셔서 감사합니다. 문의하신 티켓 배송에 대한 답변입니다.
예약번호 :
공연제목 :
공연일시 : 티켓은 유가증권으로 분실 시 재발행이나 환불, 공연 관람 등이
어렵기 때문에 분실 방지를 위하여 예매자 본인 수령을
기본으로 배송 진행되고 있습니다. 따라서, 타인에게 임의로 맡겨드리기 어려우며, 부재 시에는
당사로 다시 반송됩니다.
[다만, 가족 또는 직장 동료가 수령을 하실 경우에는 예매자의
정보를 확인해주시고 수령인의 성함을 밝혀 주시면 대리 수령
가능합니다.] 티켓 반송 시점에 따라서 배송료를 다시 부과한 뒤 재배송을
하거나 배송 기간이 촉박하다면 공연 당일 현장 수령할 수 있도록
고객센터[1544-1555]로 연락하셔서 접수하셔야 합니다. 인터파크 티켓을 이용하는 모든 고객 여러분께 편리한
서비스와 다양한 혜택을 제공하도록 더 노력하겠습니다.
감사합니다.","고객님, 안녕하세요. 인터파크 티켓을 찾아주셔서 감사합니다. 문의하신 티켓 배송에 대한 답변입니다.
예약번호 :
공연제목 :
공연일시 : 티켓은 유가증권으로 분실 시 재발행이나 환불, 공연 관람 등이
어렵기 때문에 분실 방지를 위하여 예매자 본인 수령을
기본으로 배송 진행되고 있습니다. 따라서, 타인에게 임의로 맡겨드리기 어려우며, 부재 시에는
당사로 다시 반송됩니다.
[다만, 가족 또는 직장 동료가 수령을 하실 경우에는 예매자의
정보를 확인해주시고 수령인의 성함을 밝혀 주시면 대리 수령
가능합니다.] 티켓 반송 시점에 따라서 배송료를 다시 부과한 뒤 재배송을
하거나 배송 기간이 촉박하다면 공연 당일 현장 수령할 수 있도록
고객센터[1544-1555]로 연락하셔서 접수하셔야 합니다. 인터파크 티켓을 이용하는 모든 고객 여러분께 편리한
서비스와 다양한 혜택을 제공하도록 더 노력하겠습니다.
감사합니다."
306,INTERPARKTICKET,[인터파크 티켓] 묶음배송 (불가),"고객님, 안녕하세요. 인터파크 티켓을 찾아주셔서 감사합니다. 문의하신 티켓 배송에 대한 답변입니다.
예약번호 :
공연제목 :
공연일시 : 같은 공연이라 하더라도 예매일이 다르거나 예매를
각각 진행하시게 되면 날짜와 시간별 회차, 좌석의 특성에
따라 다르게 출력을 담당하고 있습니다. 예매건 마다 각각의 티켓이 출력되기 때문에 티켓은
묶음 배송이 어려운 점 양해해 주시기 바랍니다. 묶음 배송이 어려운 부분은 예매 시 유의 사항으로
안내드리고 있습니다. 다른 문의사항은 티켓 고객센터[1544-1555] 또는 1:1문의하기로
접수 바라며, 인터파크 티켓을 이용하는 모든 고객 여러분께
편리한 서비스와 다양한 혜택을 제공하도록 더 노력하겠습니다.
감사합니다.","고객님, 안녕하세요. 인터파크 티켓을 찾아주셔서 감사합니다. 문의하신 티켓 배송에 대한 답변입니다.
예약번호 :
공연제목 :
공연일시 : 같은 공연이라 하더라도 예매일이 다르거나 예매를
각각 진행하시게 되면 날짜와 시간별 회차, 좌석의 특성에
따라 다르게 출력을 담당하고 있습니다. 예매건 마다 각각의 티켓이 출력되기 때문에 티켓은
묶음 배송이 어려운 점 양해해 주시기 바랍니다. 묶음 배송이 어려운 부분은 예매 시 유의 사항으로
안내드리고 있습니다. 다른 문의사항은 티켓 고객센터[1544-1555] 또는 1:1문의하기로
접수 바라며, 인터파크 티켓을 이용하는 모든 고객 여러분께
편리한 서비스와 다양한 혜택을 제공하도록 더 노력하겠습니다.
감사합니다."
307,INTERPARKTICKET,[인터파크 티켓] 배송정보변경 (배송중 불가),"고객님, 안녕하세요. 인터파크 티켓을 찾아주셔서 감사합니다. 문의하신 배송 정보 변경에 대한 답변입니다.
예약번호 :
공연제목 :
공연일시 : 예매하신 티켓은 0월 0일 배송업체로 배송 시작되었습니다. 티켓이 발송된 상태이기 때문에 배송지, 수령인, 전화번호
모두 변경이 어려운 점 양해해 주시기 바랍니다. 다른 문의사항은 티켓 고객센터[1544-1555] 또는 1:1문의하기로
접수 바라며, 인터파크 티켓을 이용하는 모든 고객 여러분께
편리한 서비스와 다양한 혜택을 제공하도록 더 노력하겠습니다.
감사합니다.","고객님, 안녕하세요. 인터파크 티켓을 찾아주셔서 감사합니다. 문의하신 배송 정보 변경에 대한 답변입니다.
예약번호 :
공연제목 :
공연일시 : 예매하신 티켓은 0월 0일 배송업체로 배송 시작되었습니다. 티켓이 발송된 상태이기 때문에 배송지, 수령인, 전화번호
모두 변경이 어려운 점 양해해 주시기 바랍니다. 다른 문의사항은 티켓 고객센터[1544-1555] 또는 1:1문의하기로
접수 바라며, 인터파크 티켓을 이용하는 모든 고객 여러분께
편리한 서비스와 다양한 혜택을 제공하도록 더 노력하겠습니다.
감사합니다."
308,INTERPARKTICKET,[인터파크 티켓] 현장수령 - 배송 (가능),"고객님, 안녕하세요. 인터파크 티켓을 찾아주셔서 감사합니다. 문의하신 배송 접수에 대한 답변입니다.
예약번호 :
공연제목 :
공연일시 : 배송으로 변경 원하실 경우 아래 계좌로 배송비 3,200원
입금 후 연락해 주시기 바랍니다.
[기업은행 066-046609-01-060 주식회사 인터파크트리플] 다만, 배송은 관람일로부터 15일 전까지만 신청 가능하며,
입금 후 배송 접수는 고객센터[1544-1555]를 통해서만
가능하오니 번거로우시더라도 예매자 본인이 직접 고객센터로
연락하셔서 배송 접수해 주셔야 합니다.
[1:1문의하기로는 배송 접수가 어렵습니다.] 인터파크 티켓을 이용하는 모든 고객 여러분께 편리한
서비스와 다양한 혜택을 제공하도록 더 노력하겠습니다.
감사합니다.","고객님, 안녕하세요. 인터파크 티켓을 찾아주셔서 감사합니다. 문의하신 배송 접수에 대한 답변입니다.
예약번호 :
공연제목 :
공연일시 : 배송으로 변경 원하실 경우 아래 계좌로 배송비 3,200원
입금 후 연락해 주시기 바랍니다.
[기업은행 066-046609-01-060 주식회사 인터파크트리플] 다만, 배송은 관람일로부터 15일 전까지만 신청 가능하며,
입금 후 배송 접수는 고객센터[1544-1555]를 통해서만
가능하오니 번거로우시더라도 예매자 본인이 직접 고객센터로
연락하셔서 배송 접수해 주셔야 합니다.
[1:1문의하기로는 배송 접수가 어렵습니다.] 인터파크 티켓을 이용하는 모든 고객 여러분께 편리한
서비스와 다양한 혜택을 제공하도록 더 노력하겠습니다.
감사합니다."
309,INTERPARKTICKET,[인터파크 티켓] 현장수령 - 배송 (불가),"고객님, 안녕하세요. 인터파크 티켓을 찾아주셔서 감사합니다. 문의하신 배송 접수에 대한 답변입니다.
예약번호 :
공연제목 :
공연일시 : 배송은 관람일 15일 전까지만 접수 가능합니다.

위의 예매하신 티켓은 배송 기간이 부족하여 공연 당일 현장에서만
수령하실 수 있는 점 양해해 주시기 바랍니다. 다른 문의사항은 티켓 고객센터[1544-1555] 또는 1:1문의하기로
접수 바라며, 인터파크 티켓을 이용하는 모든 고객 여러분께
편리한 서비스와 다양한 혜택을 제공하도록 더 노력하겠습니다.
감사합니다.","고객님, 안녕하세요. 인터파크 티켓을 찾아주셔서 감사합니다. 문의하신 배송 접수에 대한 답변입니다.
예약번호 :
공연제목 :
공연일시 : 배송은 관람일 15일 전까지만 접수 가능합니다.

위의 예매하신 티켓은 배송 기간이 부족하여 공연 당일 현장에서만
수령하실 수 있는 점 양해해 주시기 바랍니다. 다른 문의사항은 티켓 고객센터[1544-1555] 또는 1:1문의하기로
접수 바라며, 인터파크 티켓을 이용하는 모든 고객 여러분께
편리한 서비스와 다양한 혜택을 제공하도록 더 노력하겠습니다.
감사합니다."
310,INTERPARKTICKET,[인터파크 티켓] 반송 (아직 반송되지 않음),"고객님, 안녕하세요. 인터파크 티켓을 찾아주셔서 감사합니다. 문의하신 티켓 배송에 대한 답변입니다.
예약번호 :
공연제목 :
공연일시 : 예매하신 티켓은 아직 당사로 반송 완료된 내용이 확인되지 않습니다. 티켓이 반송 완료되면, SMS 문자 발송되오니 문자 받으신 후
반드시 예매자 본인께서 직접 고객센터[1544-1555]로 연락하셔서
현장 수령으로 변경접수 요청해 주시기 바랍니다. 인터파크 티켓을 이용하는 모든 고객 여러분께 편리한
서비스와 다양한 혜택을 제공하도록 더 노력하겠습니다.
감사합니다.","고객님, 안녕하세요. 인터파크 티켓을 찾아주셔서 감사합니다. 문의하신 티켓 배송에 대한 답변입니다.
예약번호 :
공연제목 :
공연일시 : 예매하신 티켓은 아직 당사로 반송 완료된 내용이 확인되지 않습니다. 티켓이 반송 완료되면, SMS 문자 발송되오니 문자 받으신 후
반드시 예매자 본인께서 직접 고객센터[1544-1555]로 연락하셔서
현장 수령으로 변경접수 요청해 주시기 바랍니다. 인터파크 티켓을 이용하는 모든 고객 여러분께 편리한
서비스와 다양한 혜택을 제공하도록 더 노력하겠습니다.
감사합니다."
311,INTERPARKTICKET,[인터파크 티켓] 반송 (재배송 가능),"고객님, 안녕하세요. 인터파크 티켓을 찾아주셔서 감사합니다. 문의하신 티켓 배송에 대한 답변입니다.
예약번호 :
공연제목 :
공연일시 : 예매하신 티켓은 [수취인 연락불가]로 반송되었습니다. 티켓 재배송을 원하실 경우 아래 계좌로 재배송비 3,200원
입금 후 예매자 본인께서 고객센터[1544-1555]로 연락 바랍니다.
[기업은행 066-046609-01-060 주식회사 인터파크트리플] 입금 후 배송접수는 고객센터[1544-1555]를 통해서만
가능하오니 번거로우시더라도 예매자가 직접 고객센터로
배송 접수해 주셔야 합니다.
[1:1문의하기로는 배송 접수가 어렵습니다.] 인터파크 티켓을 이용하는 모든 고객 여러분께 편리한
서비스와 다양한 혜택을 제공하도록 더 노력하겠습니다.
감사합니다.","고객님, 안녕하세요. 인터파크 티켓을 찾아주셔서 감사합니다. 문의하신 티켓 배송에 대한 답변입니다.
예약번호 :
공연제목 :
공연일시 : 예매하신 티켓은 [수취인 연락불가]로 반송되었습니다. 티켓 재배송을 원하실 경우 아래 계좌로 재배송비 3,200원
입금 후 예매자 본인께서 고객센터[1544-1555]로 연락 바랍니다.
[기업은행 066-046609-01-060 주식회사 인터파크트리플] 입금 후 배송접수는 고객센터[1544-1555]를 통해서만
가능하오니 번거로우시더라도 예매자가 직접 고객센터로
배송 접수해 주셔야 합니다.
[1:1문의하기로는 배송 접수가 어렵습니다.] 인터파크 티켓을 이용하는 모든 고객 여러분께 편리한
서비스와 다양한 혜택을 제공하도록 더 노력하겠습니다.
감사합니다."
312,INTERPARKTICKET,[인터파크 티켓] 반송 (재배송 불가),"고객님, 안녕하세요. 인터파크 티켓을 찾아주셔서 감사합니다. 문의하신 티켓 배송에 대한 답변입니다.
예약번호 :
공연제목 :
공연일시 : 예매하신 티켓은 [수취인 연락불가]로 반송되었습니다. 배송은 관람일로부터 15일 전까지만 신청이 가능하며,
현재 예매 건은 배송 날짜가 여유롭지 않아 재배송은
어려우며 공연 당일 현장 수령만 가능합니다. 현장 수령으로 변경해 드렸으며, 공연 당일 현장에서
[예매자 신분증]과 [예매내역서] 확인 후 예매자 본인께서
직접 수령해 주시기 바랍니다. 다른 문의사항은 티켓 고객센터[1544-1555] 또는 1:1문의하기로
접수 바라며, 인터파크 티켓을 이용하는 모든 고객 여러분께
편리한 서비스와 다양한 혜택을 제공하도록 더 노력하겠습니다.
감사합니다.","고객님, 안녕하세요. 인터파크 티켓을 찾아주셔서 감사합니다. 문의하신 티켓 배송에 대한 답변입니다.
예약번호 :
공연제목 :
공연일시 : 예매하신 티켓은 [수취인 연락불가]로 반송되었습니다. 배송은 관람일로부터 15일 전까지만 신청이 가능하며,
현재 예매 건은 배송 날짜가 여유롭지 않아 재배송은
어려우며 공연 당일 현장 수령만 가능합니다. 현장 수령으로 변경해 드렸으며, 공연 당일 현장에서
[예매자 신분증]과 [예매내역서] 확인 후 예매자 본인께서
직접 수령해 주시기 바랍니다. 다른 문의사항은 티켓 고객센터[1544-1555] 또는 1:1문의하기로
접수 바라며, 인터파크 티켓을 이용하는 모든 고객 여러분께
편리한 서비스와 다양한 혜택을 제공하도록 더 노력하겠습니다.
감사합니다."
313,INTERPARKTICKET,[인터파크 티켓] 반송 취소 (카드),"고객님, 안녕하세요. 인터파크 티켓을 찾아주셔서 감사합니다. 문의하신 예매 취소에 대한 답변입니다.
예약번호 :
공연제목 :
공연일시 : 티켓 취소를 원하시면 받으신 티켓을 취소 마감 시간인
0월 0일 금요일 오후 5시까지 우체국 등기를 이용하셔서
아래의 주소로 반송해 주셔야 합니다.
[우체국 등기 반송 비용은 직접 부담해 주셔야 합니다.] 반송처 : 서울특별시 금천구 벚꽃로 278 SJ테크노빌 15층 인터파크 티켓 환불담당자 [08511] 참고로 취소수수료는 티켓 도착 기준으로 아래와 같이
부과되며, 예매수수료, 초기배송료는 환불되지 않습니다.
2011.04.10~2011.05.04 장당 4,000원 (티켓금액의 10% 한도)
2011.05.05~2011.05.07 티켓금액의 10%
2011.05.08~2011.05.11 티켓금액의 20%
2011.05.12~2011.05.13 티켓금액의 30% 티켓은 취소 마감 시간 내에 당사로 반송되어야만 취소 가능하며,
마감 시간 이후 도착 시에는 취소나 변경, 환불 어렵습니다. 티켓 도착 후 취소 시 카카오톡 알림 발송되며, 발송 1~2일 후
취소 알림을 받지 못하시면 고객센터[1544-1555]로 문의해
주시기 바랍니다.
[카카오톡을 이용하시지 않는다면 문자 발송됩니다.] 예매 취소 후 카드 취소는 카드 회사의 특성상 취소 요청 후
3~5일 정도 지난 후 취소 처리가 완료됨을 양해 바랍니다. 인터파크 티켓을 이용하는 모든 고객 여러분께 편리한
서비스와 다양한 혜택을 제공하도록 더 노력하겠습니다.
감사합니다.","고객님, 안녕하세요. 인터파크 티켓을 찾아주셔서 감사합니다. 문의하신 예매 취소에 대한 답변입니다.
예약번호 :
공연제목 :
공연일시 : 티켓 취소를 원하시면 받으신 티켓을 취소 마감 시간인
0월 0일 금요일 오후 5시까지 우체국 등기를 이용하셔서
아래의 주소로 반송해 주셔야 합니다.
[우체국 등기 반송 비용은 직접 부담해 주셔야 합니다.] 반송처 : 서울특별시 금천구 벚꽃로 278 SJ테크노빌 15층 인터파크 티켓 환불담당자 [08511] 참고로 취소수수료는 티켓 도착 기준으로 아래와 같이
부과되며, 예매수수료, 초기배송료는 환불되지 않습니다.
2011.04.10~2011.05.04 장당 4,000원 (티켓금액의 10% 한도)
2011.05.05~2011.05.07 티켓금액의 10%
2011.05.08~2011.05.11 티켓금액의 20%
2011.05.12~2011.05.13 티켓금액의 30% 티켓은 취소 마감 시간 내에 당사로 반송되어야만 취소 가능하며,
마감 시간 이후 도착 시에는 취소나 변경, 환불 어렵습니다. 티켓 도착 후 취소 시 카카오톡 알림 발송되며, 발송 1~2일 후
취소 알림을 받지 못하시면 고객센터[1544-1555]로 문의해
주시기 바랍니다.
[카카오톡을 이용하시지 않는다면 문자 발송됩니다.] 예매 취소 후 카드 취소는 카드 회사의 특성상 취소 요청 후
3~5일 정도 지난 후 취소 처리가 완료됨을 양해 바랍니다. 인터파크 티켓을 이용하는 모든 고객 여러분께 편리한
서비스와 다양한 혜택을 제공하도록 더 노력하겠습니다.
감사합니다."
314,INTERPARKTICKET,[인터파크 티켓] 반송 취소 (무통장),"고객님, 안녕하세요. 인터파크 티켓을 찾아주셔서 감사합니다. 문의하신 예매 취소에 대한 답변입니다.
예약번호 :
공연제목 :
공연일시 : 티켓 취소를 원하시면 받으신 티켓을 취소 마감 시간인
0월 0일 금요일 오후 5시까지 우체국 등기를 이용하셔서
아래의 주소로 반송해 주셔야 합니다.
[우체국 등기 반송 비용은 직접 부담해 주셔야 합니다.] 반송처 : 서울특별시 금천구 벚꽃로 278 SJ테크노빌 15층 인터파크 티켓 환불담당자 [08511] 참고로 취소수수료는 티켓 도착 기준으로 아래와 같이
부과되며, 예매수수료, 초기배송료는 환불되지 않습니다.
2011.04.10~2011.05.04 장당 4,000원 (티켓금액의 10% 한도)
2011.05.05~2011.05.07 티켓금액의 10%
2011.05.08~2011.05.11 티켓금액의 20%
2011.05.12~2011.05.13 티켓금액의 30% 티켓은 취소 마감 시간 내에 당사로 반송되어야만 취소 가능하며,
마감 시간 이후 도착 시에는 취소나 변경, 환불 어렵습니다. 반송 시 [ 이름 ] 고객님 성함으로 되어 있는 환불 계좌 번호를
메모 후 함께 보내주시기 바랍니다. 동봉하지 않으신 경우 취소 문자 수신 후 홈페이지의 [마이페이지 >
상세 > 환불계좌접수]에서 직접 접수 가능합니다. 티켓 도착 후 취소 시 카카오톡 알림 발송되며, 발송 1~2일 후
취소 알림을 받지 못하시면 고객센터[1544-1555]로 문의해
주시기 바랍니다.
[카카오톡을 이용하시지 않는다면 문자 발송됩니다.] 환불은 취소 후 주말 제외 2~3일 정도 소요됩니다. 인터파크 티켓을 이용하는 모든 고객 여러분께 편리한
서비스와 다양한 혜택을 제공하도록 더 노력하겠습니다.
감사합니다.","고객님, 안녕하세요. 인터파크 티켓을 찾아주셔서 감사합니다. 문의하신 예매 취소에 대한 답변입니다.
예약번호 :
공연제목 :
공연일시 : 티켓 취소를 원하시면 받으신 티켓을 취소 마감 시간인
0월 0일 금요일 오후 5시까지 우체국 등기를 이용하셔서
아래의 주소로 반송해 주셔야 합니다.
[우체국 등기 반송 비용은 직접 부담해 주셔야 합니다.] 반송처 : 서울특별시 금천구 벚꽃로 278 SJ테크노빌 15층 인터파크 티켓 환불담당자 [08511] 참고로 취소수수료는 티켓 도착 기준으로 아래와 같이
부과되며, 예매수수료, 초기배송료는 환불되지 않습니다.
2011.04.10~2011.05.04 장당 4,000원 (티켓금액의 10% 한도)
2011.05.05~2011.05.07 티켓금액의 10%
2011.05.08~2011.05.11 티켓금액의 20%
2011.05.12~2011.05.13 티켓금액의 30% 티켓은 취소 마감 시간 내에 당사로 반송되어야만 취소 가능하며,
마감 시간 이후 도착 시에는 취소나 변경, 환불 어렵습니다. 반송 시 [ 이름 ] 고객님 성함으로 되어 있는 환불 계좌 번호를
메모 후 함께 보내주시기 바랍니다. 동봉하지 않으신 경우 취소 문자 수신 후 홈페이지의 [마이페이지 >
상세 > 환불계좌접수]에서 직접 접수 가능합니다. 티켓 도착 후 취소 시 카카오톡 알림 발송되며, 발송 1~2일 후
취소 알림을 받지 못하시면 고객센터[1544-1555]로 문의해
주시기 바랍니다.
[카카오톡을 이용하시지 않는다면 문자 발송됩니다.] 환불은 취소 후 주말 제외 2~3일 정도 소요됩니다. 인터파크 티켓을 이용하는 모든 고객 여러분께 편리한
서비스와 다양한 혜택을 제공하도록 더 노력하겠습니다.
감사합니다."
315,INTERPARKTICKET,[인터파크 티켓] 반송 후 취소 완료 (카드),"고객님, 안녕하세요. 인터파크 티켓을 찾아주셔서 감사합니다. 문의하신 예매 취소에 대한 답변입니다.
예약번호 :
공연제목 :
공연일시 : 예매하신 티켓은 정상적으로 도착하였으며, 취소되었습니다. 예매수수료 4,000원과 취소수수료 8,000원, 초기 배송료 3,200원을
제외한 212,000원 환불 예정이며, 취소된 건은 카드회사의 특성상
3~5일 정도 지난 다음 승인 취소 처리됩니다. 다만, 고객님 결제일에 따라 카드 대금이 청구될 수 있으며,
청구된 이후 취소가 되었으면 다음 달 카드 대금에서
상계 처리되거나 통장으로 환불 처리됩니다. 카드 환불 관련 사항은 카드사를 통해 확인하실 수 있습니다. 다른 문의사항은 티켓 고객센터[1544-1555] 또는 1:1문의하기로
접수 바라며, 인터파크 티켓을 이용하는 모든 고객 여러분께
편리한 서비스와 다양한 혜택을 제공하도록 더 노력하겠습니다.
감사합니다.","고객님, 안녕하세요. 인터파크 티켓을 찾아주셔서 감사합니다. 문의하신 예매 취소에 대한 답변입니다.
예약번호 :
공연제목 :
공연일시 : 예매하신 티켓은 정상적으로 도착하였으며, 취소되었습니다. 예매수수료 4,000원과 취소수수료 8,000원, 초기 배송료 3,200원을
제외한 212,000원 환불 예정이며, 취소된 건은 카드회사의 특성상
3~5일 정도 지난 다음 승인 취소 처리됩니다. 다만, 고객님 결제일에 따라 카드 대금이 청구될 수 있으며,
청구된 이후 취소가 되었으면 다음 달 카드 대금에서
상계 처리되거나 통장으로 환불 처리됩니다. 카드 환불 관련 사항은 카드사를 통해 확인하실 수 있습니다. 다른 문의사항은 티켓 고객센터[1544-1555] 또는 1:1문의하기로
접수 바라며, 인터파크 티켓을 이용하는 모든 고객 여러분께
편리한 서비스와 다양한 혜택을 제공하도록 더 노력하겠습니다.
감사합니다."
316,INTERPARKTICKET,[인터파크 티켓] 반송 후 취소 완료 (무통장),"고객님, 안녕하세요. 인터파크 티켓을 찾아주셔서 감사합니다. 문의하신 예매 취소에 대한 답변입니다.
예약번호 :
공연제목 :
공연일시 : 예매하신 티켓은 정상적으로 도착하였으며, 취소되었습니다. [] 요청하신 계좌로 예매수수료 2,000원과 취소수수료 4,000원,
초기 배송료 3,200원을 제외한 212,000원 환불됩니다. 환불 완료 시까지는 주말 제외 2-3일 정도 소요됨을
양해해 주시기 바랍니다. 다른 문의사항은 티켓 고객센터[1544-1555] 또는 1:1문의하기로
접수 바라며, 인터파크 티켓을 이용하는 모든 고객 여러분께
편리한 서비스와 다양한 혜택을 제공하도록 더 노력하겠습니다.
감사합니다.","고객님, 안녕하세요. 인터파크 티켓을 찾아주셔서 감사합니다. 문의하신 예매 취소에 대한 답변입니다.
예약번호 :
공연제목 :
공연일시 : 예매하신 티켓은 정상적으로 도착하였으며, 취소되었습니다. [] 요청하신 계좌로 예매수수료 2,000원과 취소수수료 4,000원,
초기 배송료 3,200원을 제외한 212,000원 환불됩니다. 환불 완료 시까지는 주말 제외 2-3일 정도 소요됨을
양해해 주시기 바랍니다. 다른 문의사항은 티켓 고객센터[1544-1555] 또는 1:1문의하기로
접수 바라며, 인터파크 티켓을 이용하는 모든 고객 여러분께
편리한 서비스와 다양한 혜택을 제공하도록 더 노력하겠습니다.
감사합니다."
317,INTERPARKTICKET,[인터파크 티켓] 실사용자 정보 삭제요청,"고객님, 안녕하세요. 인터파크 티켓을 찾아주셔서 감사합니다. 문의하신 내용에 대한 답변입니다. 먼저, 어떤 이유에서건 인터파크를 이용해 주시는데
불편을 드려 죄송합니다. 해당 내역 확인 결과 예매 시 휴대폰 번호를 잘못 등록하셔서
고객님께 관련 메시지가 발송되었습니다. 회원 정보 상 등록된 휴대폰 번호는 수정하였으나 예매 시
등록된 정보는 변경할 수 없기 때문에 추후 관람일 관련 메시지가
추가적으로 발송될 수 있는 점 양해해 주시기 바랍니다. 인터파크 티켓을 이용하는 모든 고객 여러분께 더 편리한
서비스와 다양한 혜택을 제공하도록 더 노력하겠습니다.
감사합니다.","고객님, 안녕하세요. 인터파크 티켓을 찾아주셔서 감사합니다. 문의하신 내용에 대한 답변입니다. 먼저, 어떤 이유에서건 인터파크를 이용해 주시는데
불편을 드려 죄송합니다. 해당 내역 확인 결과 예매 시 휴대폰 번호를 잘못 등록하셔서
고객님께 관련 메시지가 발송되었습니다. 회원 정보 상 등록된 휴대폰 번호는 수정하였으나 예매 시
등록된 정보는 변경할 수 없기 때문에 추후 관람일 관련 메시지가
추가적으로 발송될 수 있는 점 양해해 주시기 바랍니다. 인터파크 티켓을 이용하는 모든 고객 여러분께 더 편리한
서비스와 다양한 혜택을 제공하도록 더 노력하겠습니다.
감사합니다."
318,INTERPARKTICKET,[인터파크 티켓] 환불계좌 (기본),"고객님, 안녕하세요. 인터파크 티켓을 찾아주셔서 감사합니다. 문의하신 환불 계좌 접수에 대한 답변입니다.
예약번호 :
공연제목 :
공연일시 : 환불 계좌는 모바일 환경에서 정상 접수되지 않을 수 있기 때문에
PC 홈페이지에서 접수하셔야 합니다. 홈페이지의 [마이페이지 > 상세 > 환불계좌접수]에서
환불 계좌 접수가 가능하며, 홈페이지에서 접수가 어렵다면,
[ ] 고객님 성함의 계좌를 고객센터[1544-1555] 또는
1:1문의하기로 확인해 주시면 환불 접수해 드리겠습니다. 참고로, 카카오 뱅크(미니) 계좌는 고객센터나 1:1문의하기를
통해서 접수 가능하나, 토스 뱅크 계좌는 접수가 어렵습니다. 환불은 계좌 접수 후 주말, 공휴일 제외 2~3일 정도
소요되는 점 양해해 주시기 바랍니다. 인터파크 티켓을 이용하는 모든 고객 여러분께 편리한
서비스와 다양한 혜택을 제공하도록 더 노력하겠습니다.
감사합니다.","고객님, 안녕하세요. 인터파크 티켓을 찾아주셔서 감사합니다. 문의하신 환불 계좌 접수에 대한 답변입니다.
예약번호 :
공연제목 :
공연일시 : 환불 계좌는 모바일 환경에서 정상 접수되지 않을 수 있기 때문에
PC 홈페이지에서 접수하셔야 합니다. 홈페이지의 [마이페이지 > 상세 > 환불계좌접수]에서
환불 계좌 접수가 가능하며, 홈페이지에서 접수가 어렵다면,
[ ] 고객님 성함의 계좌를 고객센터[1544-1555] 또는
1:1문의하기로 확인해 주시면 환불 접수해 드리겠습니다. 참고로, 카카오 뱅크(미니) 계좌는 고객센터나 1:1문의하기를
통해서 접수 가능하나, 토스 뱅크 계좌는 접수가 어렵습니다. 환불은 계좌 접수 후 주말, 공휴일 제외 2~3일 정도
소요되는 점 양해해 주시기 바랍니다. 인터파크 티켓을 이용하는 모든 고객 여러분께 편리한
서비스와 다양한 혜택을 제공하도록 더 노력하겠습니다.
감사합니다."
319,INTERPARKTICKET,[인터파크 티켓] 환불계좌 (접수완료),"고객님, 안녕하세요. 인터파크 티켓을 찾아주셔서 감사합니다. 문의하신 환불 계좌 접수에 대한 답변입니다.
예약번호 :
공연제목 :
공연일시 : [] 요청하신 계좌로 환불 접수되었으며,
예매수수료 2,000원과 취소수수료 4,000원을 제외한
총 환불 금액은 120,000원입니다. 환불은 주말과 공휴일을 제외하고 2-3일 정도 소요되는 점
양해해 주시기 바랍니다. 다른 문의사항은 티켓 고객센터[1544-1555] 또는 1:1문의하기로
접수 바라며, 인터파크 티켓을 이용하는 모든 고객 여러분께
편리한 서비스와 다양한 혜택을 제공하도록 더 노력하겠습니다.
감사합니다.","고객님, 안녕하세요. 인터파크 티켓을 찾아주셔서 감사합니다. 문의하신 환불 계좌 접수에 대한 답변입니다.
예약번호 :
공연제목 :
공연일시 : [] 요청하신 계좌로 환불 접수되었으며,
예매수수료 2,000원과 취소수수료 4,000원을 제외한
총 환불 금액은 120,000원입니다. 환불은 주말과 공휴일을 제외하고 2-3일 정도 소요되는 점
양해해 주시기 바랍니다. 다른 문의사항은 티켓 고객센터[1544-1555] 또는 1:1문의하기로
접수 바라며, 인터파크 티켓을 이용하는 모든 고객 여러분께
편리한 서비스와 다양한 혜택을 제공하도록 더 노력하겠습니다.
감사합니다."
320,INTERPARKTICKET,[인터파크 티켓] 환불계좌 (가족계좌),"고객님, 안녕하세요. 인터파크 티켓을 찾아주셔서 감사합니다. 문의하신 환불 계좌 접수에 대한 답변입니다.
예약번호 :
공연제목 :
공연일시 : 환불 계좌는 예매자 분 성함으로 되어 있는 계좌 또는
예매자의 가족 계좌로만 접수가 가능합니다. 다만, 가족 계좌로 환불을 원하신다면 주민등록등본이나
가족관계증명서를 발송해 주셔야 합니다. 개인 정보 서류 접수에 동의하신다면 증빙 서류를
이메일[ticket_cs@interparkcs.com]로 발송해 주시기 바랍니다.
[주민등록번호 뒷자리는 가리셔야 하며, 발급일로부터
3개월 이내의 증빙서류를 보내주시기 바랍니다.] 발송 후 접수는 고객센터[1544-1555]를 통해서만 가능하므로
반드시 예매자 본인께서 연락하셔서 요청해 주셔야 합니다. 인터파크 티켓을 이용하는 모든 고객 여러분께 편리한
서비스와 다양한 혜택을 제공하도록 더 노력하겠습니다.
감사합니다.","고객님, 안녕하세요. 인터파크 티켓을 찾아주셔서 감사합니다. 문의하신 환불 계좌 접수에 대한 답변입니다.
예약번호 :
공연제목 :
공연일시 : 환불 계좌는 예매자 분 성함으로 되어 있는 계좌 또는
예매자의 가족 계좌로만 접수가 가능합니다. 다만, 가족 계좌로 환불을 원하신다면 주민등록등본이나
가족관계증명서를 발송해 주셔야 합니다. 개인 정보 서류 접수에 동의하신다면 증빙 서류를
이메일[ticket_cs@interparkcs.com]로 발송해 주시기 바랍니다.
[주민등록번호 뒷자리는 가리셔야 하며, 발급일로부터
3개월 이내의 증빙서류를 보내주시기 바랍니다.] 발송 후 접수는 고객센터[1544-1555]를 통해서만 가능하므로
반드시 예매자 본인께서 연락하셔서 요청해 주셔야 합니다. 인터파크 티켓을 이용하는 모든 고객 여러분께 편리한
서비스와 다양한 혜택을 제공하도록 더 노력하겠습니다.
감사합니다."
321,INTERPARKTICKET,[인터파크 티켓] 환불계좌 (환불완료),"고객님, 안녕하세요. 인터파크 티켓을 찾아주셔서 감사합니다. 문의하신 무통장 환불에 대한 답변입니다.
예약번호 :
공연제목 :
공연일시 : [] 고객님 계좌로 0월 0일에 108,500원
환불 완료되었습니다. 다른 문의사항은 티켓 고객센터[1544-1555] 또는 1:1문의하기로
접수 바라며, 인터파크 티켓을 이용하는 모든 고객 여러분께
편리한 서비스와 다양한 혜택을 제공하도록 더 노력하겠습니다.
감사합니다.","고객님, 안녕하세요. 인터파크 티켓을 찾아주셔서 감사합니다. 문의하신 무통장 환불에 대한 답변입니다.
예약번호 :
공연제목 :
공연일시 : [] 고객님 계좌로 0월 0일에 108,500원
환불 완료되었습니다. 다른 문의사항은 티켓 고객센터[1544-1555] 또는 1:1문의하기로
접수 바라며, 인터파크 티켓을 이용하는 모든 고객 여러분께
편리한 서비스와 다양한 혜택을 제공하도록 더 노력하겠습니다.
감사합니다."
322,INTERPARKTICKET,[인터파크 티켓] 예매내역확인 (기본),"고객님, 안녕하세요. 인터파크 티켓을 찾아주셔서 감사합니다. 문의하신 예매 내역 확인에 대한 답변입니다.
예약번호 :
공연제목 :
공연일시 : 예매내역은 티켓 홈페이지 상단의 [마이페이지] 또는
모바일 어플 [마이] 메뉴의 [티켓 예매/취소 내역]에서
확인 가능합니다. 예매한 지 3개월이 넘은 예매 건은 [주문일자별 조회]에서
예매일 또는 공연일을 기준으로 검색하셔야 확인할 수 있습니다. 모바일 어플에서는 [3개월 더보기] 또는 [관람일정 조회]에서
관람하시는 월 선택 시 확인이 가능합니다.
[단, 모바일 어플에서는 최근 1년의 예매 건에 대해서만 확인됩니다.] 1년을 초과한 예매 건에 대해선
PC 사이트로 접속하셔야 예매내역 조회가 가능합니다. 마이페이지 > 최근 예매내역에서 기간 설정 후
예매내역 조회하여 확인 바랍니다. 다른 문의사항은 티켓 고객센터[1544-1555] 또는 1:1문의하기로
접수 바라며, 인터파크 티켓을 이용하는 모든 고객 여러분께
편리한 서비스와 다양한 혜택을 제공하도록 더 노력하겠습니다.
감사합니다.","고객님, 안녕하세요. 인터파크 티켓을 찾아주셔서 감사합니다. 문의하신 예매 내역 확인에 대한 답변입니다.
예약번호 :
공연제목 :
공연일시 : 예매내역은 티켓 홈페이지 상단의 [마이페이지] 또는
모바일 어플 [마이] 메뉴의 [티켓 예매/취소 내역]에서
확인 가능합니다. 예매한 지 3개월이 넘은 예매 건은 [주문일자별 조회]에서
예매일 또는 공연일을 기준으로 검색하셔야 확인할 수 있습니다. 모바일 어플에서는 [3개월 더보기] 또는 [관람일정 조회]에서
관람하시는 월 선택 시 확인이 가능합니다.
[단, 모바일 어플에서는 최근 1년의 예매 건에 대해서만 확인됩니다.] 1년을 초과한 예매 건에 대해선
PC 사이트로 접속하셔야 예매내역 조회가 가능합니다. 마이페이지 > 최근 예매내역에서 기간 설정 후
예매내역 조회하여 확인 바랍니다. 다른 문의사항은 티켓 고객센터[1544-1555] 또는 1:1문의하기로
접수 바라며, 인터파크 티켓을 이용하는 모든 고객 여러분께
편리한 서비스와 다양한 혜택을 제공하도록 더 노력하겠습니다.
감사합니다."
323,INTERPARKTICKET,[인터파크티켓] 예매내역확인 (연동예매),"고객님, 안녕하세요. 인터파크 티켓을 찾아주셔서 감사합니다. 문의하신 예매 내역 확인에 대한 답변입니다.
예약번호 :
공연제목 :
공연일시 : 고객님께서는 [  ]에서 비회원
예매를 진행하셨기 때문에 당사 홈페이지에서는 예매 내역이
확인되지 않습니다. 예매 진행하셨던 홈페이지에서 접속 후 예매 내역 확인해
주시기 바랍니다. 다른 문의사항은 티켓 고객센터[1544-1555] 또는 1:1문의하기로
접수 바라며, 인터파크 티켓을 이용하는 모든 고객 여러분께
편리한 서비스와 다양한 혜택을 제공하도록 더 노력하겠습니다.
감사합니다.","고객님, 안녕하세요. 인터파크 티켓을 찾아주셔서 감사합니다. 문의하신 예매 내역 확인에 대한 답변입니다.
예약번호 :
공연제목 :
공연일시 : 고객님께서는 [  ]에서 비회원
예매를 진행하셨기 때문에 당사 홈페이지에서는 예매 내역이
확인되지 않습니다. 예매 진행하셨던 홈페이지에서 접속 후 예매 내역 확인해
주시기 바랍니다. 다른 문의사항은 티켓 고객센터[1544-1555] 또는 1:1문의하기로
접수 바라며, 인터파크 티켓을 이용하는 모든 고객 여러분께
편리한 서비스와 다양한 혜택을 제공하도록 더 노력하겠습니다.
감사합니다."
324,INTERPARKTICKET,[인터파크 티켓] 예매내역확인 (5년 경과),"고객님, 안녕하세요. 인터파크 티켓을 찾아주셔서 감사합니다. 문의하신 예매 내역에 대한 답변입니다. 상법, 전자상거래 등에서의 소비자보호에 관한 법률 등 관련
법령 및 회사 내부 규정에 의하여 계약 또는 청약철회 등에
관한 기록[예매/취소 내역]은 5년 동안만 보관하는 의무가
있기 때문에 2020년 이전 예매 내역은 확인이 어려운 점
양해해 주시기 바랍니다. 다른 문의사항은 티켓 고객센터[1544-1555] 또는 1:1문의하기로
접수 바라며, 인터파크 티켓을 이용하는 모든 고객 여러분께
편리한 서비스와 다양한 혜택을 제공하도록 더 노력하겠습니다.
감사합니다.","고객님, 안녕하세요. 인터파크 티켓을 찾아주셔서 감사합니다. 문의하신 예매 내역에 대한 답변입니다. 상법, 전자상거래 등에서의 소비자보호에 관한 법률 등 관련
법령 및 회사 내부 규정에 의하여 계약 또는 청약철회 등에
관한 기록[예매/취소 내역]은 5년 동안만 보관하는 의무가
있기 때문에 2020년 이전 예매 내역은 확인이 어려운 점
양해해 주시기 바랍니다. 다른 문의사항은 티켓 고객센터[1544-1555] 또는 1:1문의하기로
접수 바라며, 인터파크 티켓을 이용하는 모든 고객 여러분께
편리한 서비스와 다양한 혜택을 제공하도록 더 노력하겠습니다.
감사합니다."
325,INTERPARKTICKET,[인터파크 티켓] 예매내역 (5년 이내 삭제불가),"고객님, 안녕하세요. 인터파크 티켓을 찾아주셔서 감사합니다. 문의하신 예매 내역에 대한 답변입니다. 상법, 전자상거래 등에서의 소비자보호에 관한 법률 등 관련
법령 및 회사 내부 규정에 의하여 계약 또는 청약철회 등에
관한 기록[예매/취소 내역]은 5년 동안 보관하는 의무가 있기
때문에 예매 내역의 삭제는 어려운 점 양해해 주시기 바랍니다. 다른 문의사항은 티켓 고객센터[1544-1555] 또는 1:1문의하기로
접수 바라며, 인터파크 티켓을 이용하는 모든 고객 여러분께
편리한 서비스와 다양한 혜택을 제공하도록 더 노력하겠습니다.
감사합니다.","고객님, 안녕하세요. 인터파크 티켓을 찾아주셔서 감사합니다. 문의하신 예매 내역에 대한 답변입니다. 상법, 전자상거래 등에서의 소비자보호에 관한 법률 등 관련
법령 및 회사 내부 규정에 의하여 계약 또는 청약철회 등에
관한 기록[예매/취소 내역]은 5년 동안 보관하는 의무가 있기
때문에 예매 내역의 삭제는 어려운 점 양해해 주시기 바랍니다. 다른 문의사항은 티켓 고객센터[1544-1555] 또는 1:1문의하기로
접수 바라며, 인터파크 티켓을 이용하는 모든 고객 여러분께
편리한 서비스와 다양한 혜택을 제공하도록 더 노력하겠습니다.
감사합니다."
326,INTERPARKTICKET,[인터파크 티켓] 토핑해지 (카드),"고객님, 안녕하세요. 인터파크 티켓을 찾아주셔서 감사합니다. 문의하신 TOPING 회원가입 취소에 대한 답변입니다.
예약번호 :
상품명 : 유료회원결제[TOPING 회원] TOPING 회원 정상 취소 완료되었습니다. 취소된 건은 카드회사의 특성상 취소요청 후 3-5일 정도
지난 후 카드 승인 취소가 완료됨을 양해해 주시기 바랍니다. 다른 문의사항은 티켓 고객센터[1544-1555] 또는 1:1문의하기로
접수 바라며, 인터파크 티켓을 이용하는 모든 고객 여러분께
편리한 서비스와 다양한 혜택을 제공하도록 더 노력하겠습니다.
감사합니다.","고객님, 안녕하세요. 인터파크 티켓을 찾아주셔서 감사합니다. 문의하신 TOPING 회원가입 취소에 대한 답변입니다.
예약번호 :
상품명 : 유료회원결제[TOPING 회원] TOPING 회원 정상 취소 완료되었습니다. 취소된 건은 카드회사의 특성상 취소요청 후 3-5일 정도
지난 후 카드 승인 취소가 완료됨을 양해해 주시기 바랍니다. 다른 문의사항은 티켓 고객센터[1544-1555] 또는 1:1문의하기로
접수 바라며, 인터파크 티켓을 이용하는 모든 고객 여러분께
편리한 서비스와 다양한 혜택을 제공하도록 더 노력하겠습니다.
감사합니다."
327,INTERPARKTICKET,[인터파크 티켓] 토핑해지 (무통장),"고객님, 안녕하세요. 인터파크 티켓을 찾아주셔서 감사합니다. 문의하신 TOPING 회원가입 취소에 대한 답변입니다.
예약번호 :
상품명 : 유료회원결제[TOPING 회원] TOPING 회원 정상 취소 완료되었습니다. [] 고객님의 계좌를 고객센터[1544-1555] 또는
1:1문의하기로 확인해 주시면 환불 접수 가능합니다. 환불은 계좌 접수 후 주말 제외 2~3일 정도 소요됩니다. 인터파크 티켓을 이용하는 모든 고객 여러분께 편리한
서비스와 다양한 혜택을 제공하도록 더 노력하겠습니다.
감사합니다.","고객님, 안녕하세요. 인터파크 티켓을 찾아주셔서 감사합니다. 문의하신 TOPING 회원가입 취소에 대한 답변입니다.
예약번호 :
상품명 : 유료회원결제[TOPING 회원] TOPING 회원 정상 취소 완료되었습니다. [] 고객님의 계좌를 고객센터[1544-1555] 또는
1:1문의하기로 확인해 주시면 환불 접수 가능합니다. 환불은 계좌 접수 후 주말 제외 2~3일 정도 소요됩니다. 인터파크 티켓을 이용하는 모든 고객 여러분께 편리한
서비스와 다양한 혜택을 제공하도록 더 노력하겠습니다.
감사합니다."
328,INTERPARKTICKET,[인터파크 티켓] 토핑해지 (수수료 부과),"고객님, 안녕하세요. 인터파크 티켓을 찾아주셔서 감사합니다. 문의하신 TOPING 회원가입 취소에 대한 답변입니다.
예약번호 :
상품명 : 유료회원결제[TOPING 회원] TOPING 가입 취소 시 I-Point[10,000원]와 위약금[3,000원]을
제외한 17,000원 환불됩니다. 환불 금액 확인 후 취소를 원하신다면 번거로우시더라도
TOPING 핫라인[1577-7722] 또는 고객센터[1544-1555]로
직접 연락해 주시기 바랍니다. 인터파크 티켓을 이용하는 모든 고객 여러분께 편리한
서비스와 다양한 혜택을 제공하도록 더 노력하겠습니다.
감사합니다.","고객님, 안녕하세요. 인터파크 티켓을 찾아주셔서 감사합니다. 문의하신 TOPING 회원가입 취소에 대한 답변입니다.
예약번호 :
상품명 : 유료회원결제[TOPING 회원] TOPING 가입 취소 시 I-Point[10,000원]와 위약금[3,000원]을
제외한 17,000원 환불됩니다. 환불 금액 확인 후 취소를 원하신다면 번거로우시더라도
TOPING 핫라인[1577-7722] 또는 고객센터[1544-1555]로
직접 연락해 주시기 바랍니다. 인터파크 티켓을 이용하는 모든 고객 여러분께 편리한
서비스와 다양한 혜택을 제공하도록 더 노력하겠습니다.
감사합니다."
329,INTERPARKTICKET,[인터파크 티켓] 관람후기 즉석복권,"고객님, 안녕하세요. 인터파크 티켓을 찾아주셔서 감사합니다. 문의하신 관람후기 작성에 대한 답변입니다. 관람일 후 2주 이내에 후기를 작성하시면 즉석 복권에 자동 응모됩니다.
[단, 상시상품은 예매 후 10일~4주까지만 응모 가능] 즉석 복권 응모 시 당첨될 경우 아래와 같이 아이포인트가
적립됩니다. 1등 : 아이포인트 10,000P
2등 : 아이포인트 5,000P
3등 : 아이포인트 1,000P 자세한 사항은 아래 페이지를 참고하시기 바랍니다.
[http://ticket.interpark.com/TiKi/Main/TPTemplateNoLeft.
asp?Url=ticketlotto.html] 다른 문의사항은 티켓 고객센터[1544-1555] 또는 1:1문의하기로
접수 바라며, 인터파크 티켓을 이용하는 모든 고객 여러분께
편리한 서비스와 다양한 혜택을 제공하도록 더 노력하겠습니다.
감사합니다.","고객님, 안녕하세요. 인터파크 티켓을 찾아주셔서 감사합니다. 문의하신 관람후기 작성에 대한 답변입니다. 관람일 후 2주 이내에 후기를 작성하시면 즉석 복권에 자동 응모됩니다.
[단, 상시상품은 예매 후 10일~4주까지만 응모 가능] 즉석 복권 응모 시 당첨될 경우 아래와 같이 아이포인트가
적립됩니다. 1등 : 아이포인트 10,000P
2등 : 아이포인트 5,000P
3등 : 아이포인트 1,000P 자세한 사항은 아래 페이지를 참고하시기 바랍니다.
[http://ticket.interpark.com/TiKi/Main/TPTemplateNoLeft.
asp?Url=ticketlotto.html] 다른 문의사항은 티켓 고객센터[1544-1555] 또는 1:1문의하기로
접수 바라며, 인터파크 티켓을 이용하는 모든 고객 여러분께
편리한 서비스와 다양한 혜택을 제공하도록 더 노력하겠습니다.
감사합니다."
330,INTERPARKTICKET,[인터파크 티켓] 티켓 오픈 문의,"고객님, 안녕하세요. 인터파크 티켓을 찾아주셔서 감사합니다. 문의하신 티켓 오픈에 대한 답변입니다. 인터파크는 예매 대행업체로써 기획사로부터 공연 진행 사항을
전달받아 예매를 진행하고 있습니다. [ 상품명 ]공연은 현재 따로 공지 받은 부분이 없어
안내해 드릴 사항이 없는 점 양해해 주시기 바랍니다. 추후 인터파크에서 오픈이 된다면 공지사항으로 미리
안내드리오니 번거로우시더라도 공지사항을 자주
확인해 주시기 바랍니다.
[ http://ticket.interpark.com/webzine/paper/TPNoticeList.asp?tid1=in_scroll&tid2=ticketopen&tid3=board_main&tid4=board_main ] 다른 문의사항은 티켓 고객센터[1544-1555] 또는 1:1문의하기로
접수 바라며, 인터파크 티켓을 이용하는 모든 고객 여러분께
편리한 서비스와 다양한 혜택을 제공하도록 더 노력하겠습니다.
감사합니다.","고객님, 안녕하세요. 인터파크 티켓을 찾아주셔서 감사합니다. 문의하신 티켓 오픈에 대한 답변입니다. 인터파크는 예매 대행업체로써 기획사로부터 공연 진행 사항을
전달받아 예매를 진행하고 있습니다. [ 상품명 ]공연은 현재 따로 공지 받은 부분이 없어
안내해 드릴 사항이 없는 점 양해해 주시기 바랍니다. 추후 인터파크에서 오픈이 된다면 공지사항으로 미리
안내드리오니 번거로우시더라도 공지사항을 자주
확인해 주시기 바랍니다.
[ http://ticket.interpark.com/webzine/paper/TPNoticeList.asp?tid1=in_scroll&tid2=ticketopen&tid3=board_main&tid4=board_main ] 다른 문의사항은 티켓 고객센터[1544-1555] 또는 1:1문의하기로
접수 바라며, 인터파크 티켓을 이용하는 모든 고객 여러분께
편리한 서비스와 다양한 혜택을 제공하도록 더 노력하겠습니다.
감사합니다."
331,INTERPARKTICKET,[인터파크 티켓] 망상결제,"고객님, 안녕하세요. 인터파크 티켓을 찾아주셔서 감사합니다. 문의하신 내용에 대한 답변입니다. 먼저, 이용에 불편을 드린 점 정말 죄송합니다. 예매 과정에서 장애가 발생하여 예매는 이루어지지않고
결제만 완료되면, 해당 결제 건은 자동 취소되는 점
양해해 주시기 바랍니다. 만약, 결제 건이 자동 취소되지 않은 경우에는 번거로우시더라도
결제 신용카드 번호와 승인 날짜, 승인 번호, 결제 금액,
가맹점 번호, 결제 카드사 확인하셔서 고객센터[1544-1555]로
연락하시면 자세한 내용 확인 후 안내해 드리겠습니다. 인터파크 티켓을 이용하는 모든 고객 여러분께 편리한
서비스와 다양한 혜택을 제공하도록 더 노력하겠습니다.
감사합니다.","고객님, 안녕하세요. 인터파크 티켓을 찾아주셔서 감사합니다. 문의하신 내용에 대한 답변입니다. 먼저, 이용에 불편을 드린 점 정말 죄송합니다. 예매 과정에서 장애가 발생하여 예매는 이루어지지않고
결제만 완료되면, 해당 결제 건은 자동 취소되는 점
양해해 주시기 바랍니다. 만약, 결제 건이 자동 취소되지 않은 경우에는 번거로우시더라도
결제 신용카드 번호와 승인 날짜, 승인 번호, 결제 금액,
가맹점 번호, 결제 카드사 확인하셔서 고객센터[1544-1555]로
연락하시면 자세한 내용 확인 후 안내해 드리겠습니다. 인터파크 티켓을 이용하는 모든 고객 여러분께 편리한
서비스와 다양한 혜택을 제공하도록 더 노력하겠습니다.
감사합니다."
332,INTERPARKTICKET,[인터파크 티켓] 망상결제 (현장결제),"고객님, 안녕하세요. 인터파크 티켓을 찾아주셔서 감사합니다. 문의하신 카드 결제 내역에 대한 답변입니다. [ ] 아이디로는 예매되신 내역은 없습니다. 다만, 고객님께서 인터파크에서 결제하지 않았더라도
영화관이나 외부 매장(공연장, 숙박시설 등)에서
결제를 해도 인터파크와 연동이 되어있으면 결재내역이
인터파크로 확인되어지는 경우가 있습니다. 번거로우시더라도 결제 신용카드 번호와 승인 날짜, 승인 번호,
결제금액, 가맹점 번호, 결제 카드사 확인하셔서 고객센터[1544-1555]로
연락하시면 자세한 내용 확인 후 안내해 드리겠습니다. 인터파크 티켓을 이용하는 모든 고객 여러분께 편리한
서비스와 다양한 혜택을 제공하도록 더 노력하겠습니다.
감사합니다.","고객님, 안녕하세요. 인터파크 티켓을 찾아주셔서 감사합니다. 문의하신 카드 결제 내역에 대한 답변입니다. [ ] 아이디로는 예매되신 내역은 없습니다. 다만, 고객님께서 인터파크에서 결제하지 않았더라도
영화관이나 외부 매장(공연장, 숙박시설 등)에서
결제를 해도 인터파크와 연동이 되어있으면 결재내역이
인터파크로 확인되어지는 경우가 있습니다. 번거로우시더라도 결제 신용카드 번호와 승인 날짜, 승인 번호,
결제금액, 가맹점 번호, 결제 카드사 확인하셔서 고객센터[1544-1555]로
연락하시면 자세한 내용 확인 후 안내해 드리겠습니다. 인터파크 티켓을 이용하는 모든 고객 여러분께 편리한
서비스와 다양한 혜택을 제공하도록 더 노력하겠습니다.
감사합니다."
333,INTERPARKTICKET,[인터파크 티켓] 현금영수증 (기본),"고객님, 안녕하세요. 인터파크 티켓을 찾아주셔서 감사합니다. 문의하신 현금영수증에 대한 답변입니다.
예약번호 :
공연제목 :
공연일시 : 현금영수증은 [마이페이지 > 증빙서류 > 현금영수증]에서
신청 및 발급 받으실 수 있으며, 고객센터[1544-1555]나
1:1문의하기를 통해서도 신청하실 수 있습니다. 현금영수증 신청하실 휴대폰 번호나 사업자 번호 확인 후
고객센터나 1:1문의하기로 요청하시면 접수해 드리겠습니다. 인터파크 티켓을 이용하는 모든 고객 여러분께 편리한
서비스와 다양한 혜택을 제공하도록 더 노력하겠습니다.
감사합니다.","고객님, 안녕하세요. 인터파크 티켓을 찾아주셔서 감사합니다. 문의하신 현금영수증에 대한 답변입니다.
예약번호 :
공연제목 :
공연일시 : 현금영수증은 [마이페이지 > 증빙서류 > 현금영수증]에서
신청 및 발급 받으실 수 있으며, 고객센터[1544-1555]나
1:1문의하기를 통해서도 신청하실 수 있습니다. 현금영수증 신청하실 휴대폰 번호나 사업자 번호 확인 후
고객센터나 1:1문의하기로 요청하시면 접수해 드리겠습니다. 인터파크 티켓을 이용하는 모든 고객 여러분께 편리한
서비스와 다양한 혜택을 제공하도록 더 노력하겠습니다.
감사합니다."
334,INTERPARKTICKET,[인터파크 티켓] 현금영수증 (신청완료),"고객님, 안녕하세요. 인터파크 티켓을 찾아주셔서 감사합니다. 문의하신 현금영수증에 대한 답변입니다.
예약번호 :
공연제목 :
공연일시 : 요청하신 [] 휴대폰 번호로 소득공제용
현금영수증 신청하였습니다. 국세청 사이트 업데이트는 3-4일 후 확인 가능함을
양해해 주시기 바랍니다. 다른 문의사항은 티켓 고객센터[1544-1555] 또는 1:1문의하기로
접수 바라며, 인터파크 티켓을 이용하는 모든 고객 여러분께
편리한 서비스와 다양한 혜택을 제공하도록 더 노력하겠습니다.
감사합니다.","고객님, 안녕하세요. 인터파크 티켓을 찾아주셔서 감사합니다. 문의하신 현금영수증에 대한 답변입니다.
예약번호 :
공연제목 :
공연일시 : 요청하신 [] 휴대폰 번호로 소득공제용
현금영수증 신청하였습니다. 국세청 사이트 업데이트는 3-4일 후 확인 가능함을
양해해 주시기 바랍니다. 다른 문의사항은 티켓 고객센터[1544-1555] 또는 1:1문의하기로
접수 바라며, 인터파크 티켓을 이용하는 모든 고객 여러분께
편리한 서비스와 다양한 혜택을 제공하도록 더 노력하겠습니다.
감사합니다."
335,INTERPARKTICKET,[인터파크 티켓] 현금영수증 (미등록서브몰),"고객님, 안녕하세요. 인터파크 티켓을 찾아주셔서 감사합니다. 문의하신 현금영수증에 대한 답변입니다.
예약번호 :
공연제목 :
공연일시 : 먼저, 이용에 불편을 드려 정말 죄송합니다. 예매하신 공연은 해당 기획사의 정보 업데이트가 지연되고 있어
웹에서는 신청 어려우며, 고객센터[1544-1555]나 1:1문의하기로
신청하시면 공연 기획사로 개별 접수해 드리고 있습니다. 현금영수증 신청하실 휴대폰 번호를 확인하셔서 연락 주시면
접수해 드리겠습니다. 참고로, 티켓금액과 수수료의 현금영수증 발행처가 다르기 때문에
각각 발행이 진행되고 있습니다. 다만, 기획사 상황[개인 거래처 등]에 의해 현금영수증이 발급되지
않을 수 있으며, 그 경우에는 문자 메시지로 안내드리겠습니다. 인터파크 티켓을 이용하는 모든 고객 여러분께 편리한
서비스와 다양한 혜택을 제공하도록 더 노력하겠습니다.
감사합니다.","고객님, 안녕하세요. 인터파크 티켓을 찾아주셔서 감사합니다. 문의하신 현금영수증에 대한 답변입니다.
예약번호 :
공연제목 :
공연일시 : 먼저, 이용에 불편을 드려 정말 죄송합니다. 예매하신 공연은 해당 기획사의 정보 업데이트가 지연되고 있어
웹에서는 신청 어려우며, 고객센터[1544-1555]나 1:1문의하기로
신청하시면 공연 기획사로 개별 접수해 드리고 있습니다. 현금영수증 신청하실 휴대폰 번호를 확인하셔서 연락 주시면
접수해 드리겠습니다. 참고로, 티켓금액과 수수료의 현금영수증 발행처가 다르기 때문에
각각 발행이 진행되고 있습니다. 다만, 기획사 상황[개인 거래처 등]에 의해 현금영수증이 발급되지
않을 수 있으며, 그 경우에는 문자 메시지로 안내드리겠습니다. 인터파크 티켓을 이용하는 모든 고객 여러분께 편리한
서비스와 다양한 혜택을 제공하도록 더 노력하겠습니다.
감사합니다."
336,INTERPARKTICKET,[인터파크 티켓] 현금영수증 (예약번호 없음),"고객님, 안녕하세요. 인터파크 티켓을 찾아주셔서 감사합니다. 문의하신 현금영수증에 대한 답변입니다. 1:1문의하기로 현금영수증 신청 및 내역 확인을 원하신다면
해당 예매 건의 예약번호를 확인해 주시기 바랍니다. 예약번호와 현금영수증 신청하실 휴대폰 번호 또는 사업자 번호를
함께 확인해 주시면 미 신청 건에 대한 신청도 가능합니다. 예약번호 확인이 어렵다면 번거로우시더라도 예매자 본인께서
고객센터[1544-1555]로 연락해 주시기 바랍니다. 인터파크 티켓을 이용하는 모든 고객 여러분께 편리한
서비스와 다양한 혜택을 제공하도록 더 노력하겠습니다.
감사합니다.","고객님, 안녕하세요. 인터파크 티켓을 찾아주셔서 감사합니다. 문의하신 현금영수증에 대한 답변입니다. 1:1문의하기로 현금영수증 신청 및 내역 확인을 원하신다면
해당 예매 건의 예약번호를 확인해 주시기 바랍니다. 예약번호와 현금영수증 신청하실 휴대폰 번호 또는 사업자 번호를
함께 확인해 주시면 미 신청 건에 대한 신청도 가능합니다. 예약번호 확인이 어렵다면 번거로우시더라도 예매자 본인께서
고객센터[1544-1555]로 연락해 주시기 바랍니다. 인터파크 티켓을 이용하는 모든 고객 여러분께 편리한
서비스와 다양한 혜택을 제공하도록 더 노력하겠습니다.
감사합니다."
337,INTERPARKTICKET,[인터파크 티켓] 현금영수증 (대량 신청),"고객님, 안녕하세요. 인터파크 티켓을 찾아주셔서 감사합니다. 문의하신 현금영수증에 대한 답변입니다. 예매일로부터 1년이 경과하지 않은 내역에 대해서는 홈페이지의
[마이페이지 > 증빙서류 > 현금영수증]에서 신청 및 발급 받으실 수 있으며,
1년이 경과한 내역에 대해서는 고객센터[1544-1555] 또는
1:1문의하기를 통해서만 신청이 가능합니다. 1:1문의하기로 신청을 원하신다면 해당 예매 건의 예약번호와
신청하실 휴대폰 번호 또는 사업자 번호를 함께 확인해 주시기 바랍니다. 또한, 1:1문의하기는 하나의 문의 건에 하나의 예매 건에 대해서만
안내가 가능하기 때문에 예매 건이 여러 건이시라면 건별로 각각
문의 접수해 주셔야 발급이 가능합니다. 단, 발급이 필요한 내역이 5건 이상일 경우 하기 안내드리는 메일로
하기 양식대로 기재하시어 발송하신 후  1:1문의하기 혹은 고객센터
[1544-1555]로 재문의 해주시면 최대 7일 소요되어 발급 후 문자 남겨드릴 예정입니다. 메일주소 : ticket_cs@interparkcs.com 제목 : [현금영수증 신청] 성함 / 아이디
내용 : 신청 예매번호 / 신청 전화번호 기재
[발송 시 예매번호는 꼭 텍스트로 기재하여 발송해 주시기 바랍니다.] 인터파크 티켓을 이용하는 모든 고객 여러분께 편리한
서비스와 다양한 혜택을 제공하도록 더 노력하겠습니다.
감사합니다.","고객님, 안녕하세요. 인터파크 티켓을 찾아주셔서 감사합니다. 문의하신 현금영수증에 대한 답변입니다. 예매일로부터 1년이 경과하지 않은 내역에 대해서는 홈페이지의
[마이페이지 > 증빙서류 > 현금영수증]에서 신청 및 발급 받으실 수 있으며,
1년이 경과한 내역에 대해서는 고객센터[1544-1555] 또는
1:1문의하기를 통해서만 신청이 가능합니다. 1:1문의하기로 신청을 원하신다면 해당 예매 건의 예약번호와
신청하실 휴대폰 번호 또는 사업자 번호를 함께 확인해 주시기 바랍니다. 또한, 1:1문의하기는 하나의 문의 건에 하나의 예매 건에 대해서만
안내가 가능하기 때문에 예매 건이 여러 건이시라면 건별로 각각
문의 접수해 주셔야 발급이 가능합니다. 단, 발급이 필요한 내역이 5건 이상일 경우 하기 안내드리는 메일로
하기 양식대로 기재하시어 발송하신 후  1:1문의하기 혹은 고객센터
[1544-1555]로 재문의 해주시면 최대 7일 소요되어 발급 후 문자 남겨드릴 예정입니다. 메일주소 : ticket_cs@interparkcs.com 제목 : [현금영수증 신청] 성함 / 아이디
내용 : 신청 예매번호 / 신청 전화번호 기재
[발송 시 예매번호는 꼭 텍스트로 기재하여 발송해 주시기 바랍니다.] 인터파크 티켓을 이용하는 모든 고객 여러분께 편리한
서비스와 다양한 혜택을 제공하도록 더 노력하겠습니다.
감사합니다."
338,INTERPARKTICKET,[인터파크 티켓] 현금영수증 (취소수수료 신청불가),"고객님, 안녕하세요. 인터파크 티켓을 찾아주셔서 감사합니다. 문의하신 현금영수증에 대한 답변입니다. 취소수수료는 현금영수증 교부 대상 거래가 아닙니다. 관련 사항은 아래 내용을 참고해 주시기 바랍니다. 현금영수증의 교부대상 : 사업과 관련하여 재화 또는 용역을
공급하고 그 상대방이 대금을 현금으로 지급한 후 현금영수증의
발급을 요청시 교부 취소수수료의 성격은 영업손실보전금의 성격 : 재화 또는 용역의
공급에 대한 대가관계없이 영업손실보상금으로 대가를 지급받는
경우에는 법 제 1조에 따른 부가가치세 과세대상에 해당하지
아니하는 것으로 같은 법 16조 제 1항 규정에 따른 발급대상이 아님 다른 문의사항은 티켓 고객센터[1544-1555] 또는 1:1문의하기로
접수 바라며, 인터파크 티켓을 이용하는 모든 고객 여러분께
편리한 서비스와 다양한 혜택을 제공하도록 더 노력하겠습니다.
감사합니다.","고객님, 안녕하세요. 인터파크 티켓을 찾아주셔서 감사합니다. 문의하신 현금영수증에 대한 답변입니다. 취소수수료는 현금영수증 교부 대상 거래가 아닙니다. 관련 사항은 아래 내용을 참고해 주시기 바랍니다. 현금영수증의 교부대상 : 사업과 관련하여 재화 또는 용역을
공급하고 그 상대방이 대금을 현금으로 지급한 후 현금영수증의
발급을 요청시 교부 취소수수료의 성격은 영업손실보전금의 성격 : 재화 또는 용역의
공급에 대한 대가관계없이 영업손실보상금으로 대가를 지급받는
경우에는 법 제 1조에 따른 부가가치세 과세대상에 해당하지
아니하는 것으로 같은 법 16조 제 1항 규정에 따른 발급대상이 아님 다른 문의사항은 티켓 고객센터[1544-1555] 또는 1:1문의하기로
접수 바라며, 인터파크 티켓을 이용하는 모든 고객 여러분께
편리한 서비스와 다양한 혜택을 제공하도록 더 노력하겠습니다.
감사합니다."
339,INTERPARKTICKET,[인터파크 티켓] 매출전표 출력,"고객님, 안녕하세요. 인터파크 티켓을 찾아주셔서 감사합니다. 문의하신 매출전표 출력에 대한 답변입니다.
예약번호 :
공연제목 :
공연일시 : 신용카드 매출전표는 [마이페이지 > 증빙서류 > 신용카드
매출전표]에서 출력하실 수 있으며, 고객센터[1544-1555]나
1:1문의하기를 통해서도 신청하실 수 있습니다. 수신받을 팩스 번호나 이메일 주소를 확인하셔서 다시 한번
문의해 주시면 발송해 드리겠습니다. 인터파크 티켓을 이용하는 모든 고객 여러분께 편리한
서비스와 다양한 혜택을 제공하도록 더 노력하겠습니다.
감사합니다.","고객님, 안녕하세요. 인터파크 티켓을 찾아주셔서 감사합니다. 문의하신 매출전표 출력에 대한 답변입니다.
예약번호 :
공연제목 :
공연일시 : 신용카드 매출전표는 [마이페이지 > 증빙서류 > 신용카드
매출전표]에서 출력하실 수 있으며, 고객센터[1544-1555]나
1:1문의하기를 통해서도 신청하실 수 있습니다. 수신받을 팩스 번호나 이메일 주소를 확인하셔서 다시 한번
문의해 주시면 발송해 드리겠습니다. 인터파크 티켓을 이용하는 모든 고객 여러분께 편리한
서비스와 다양한 혜택을 제공하도록 더 노력하겠습니다.
감사합니다."
340,INTERPARKTICKET,[인터파크 티켓] 무이자 할부,"고객님, 안녕하세요. 인터파크 티켓을 찾아주셔서 감사합니다. 문의하신 무이자 할부에 대한 답변입니다.
예약번호 :
공연제목 :
공연일시 : []는 5만원 이상 결제 시 2~3개월 무이자 할부 적용됩니다. 다만, 결제 시에는 일반 할부로 적용되며 대금이 청구될 때
무이자로 확인되는 점 참고 바랍니다. 다른 문의사항은 티켓 고객센터[1544-1555] 또는 1:1문의하기로
접수 바라며, 인터파크 티켓을 이용하는 모든 고객 여러분께
편리한 서비스와 다양한 혜택을 제공하도록 더 노력하겠습니다.
감사합니다.","고객님, 안녕하세요. 인터파크 티켓을 찾아주셔서 감사합니다. 문의하신 무이자 할부에 대한 답변입니다.
예약번호 :
공연제목 :
공연일시 : []는 5만원 이상 결제 시 2~3개월 무이자 할부 적용됩니다. 다만, 결제 시에는 일반 할부로 적용되며 대금이 청구될 때
무이자로 확인되는 점 참고 바랍니다. 다른 문의사항은 티켓 고객센터[1544-1555] 또는 1:1문의하기로
접수 바라며, 인터파크 티켓을 이용하는 모든 고객 여러분께
편리한 서비스와 다양한 혜택을 제공하도록 더 노력하겠습니다.
감사합니다."
341,INTERPARKTICKET,[인터파크 티켓] 카드사 포인트,"고객님, 안녕하세요. 인터파크 티켓을 찾아주셔서 감사합니다. 문의하신 카드 포인트 사용에 대한 답변입니다.
예약번호 :
공연제목 :
공연일시 : 카드 포인트는 결제 시에는 정상가로 결제되며 청구 시
포인트 사용된 금액으로 확인됩니다. 카드 포인트 사용에 대한 자세한 내용은 해당 카드사로
문의해 주시기 바랍니다. 다른 문의사항은 티켓 고객센터[1544-1555] 또는 1:1문의하기로
접수 바라며, 인터파크 티켓을 이용하는 모든 고객 여러분께
편리한 서비스와 다양한 혜택을 제공하도록 더 노력하겠습니다.
감사합니다.","고객님, 안녕하세요. 인터파크 티켓을 찾아주셔서 감사합니다. 문의하신 카드 포인트 사용에 대한 답변입니다.
예약번호 :
공연제목 :
공연일시 : 카드 포인트는 결제 시에는 정상가로 결제되며 청구 시
포인트 사용된 금액으로 확인됩니다. 카드 포인트 사용에 대한 자세한 내용은 해당 카드사로
문의해 주시기 바랍니다. 다른 문의사항은 티켓 고객센터[1544-1555] 또는 1:1문의하기로
접수 바라며, 인터파크 티켓을 이용하는 모든 고객 여러분께
편리한 서비스와 다양한 혜택을 제공하도록 더 노력하겠습니다.
감사합니다."
342,INTERPARKTICKET,[인터파크 티켓] 티켓분실 (기본),"고객님, 안녕하세요. 인터파크 티켓을 찾아주셔서 감사합니다. 문의하신 티켓 분실에 대한 답변입니다.
예약번호 :
공연제목 :
공연일시 : 티켓은 공연 관람 청구권을 표창하는 유가증권으로써,
티켓을 구입한 고객은 이러한 공연 티켓을 통하여서만
권리를 행사할 수 있음을 표명합니다. 티켓은 좌석의 고유성과 양도가 가능한 여러 가지
특성이 적용되기 때문에 재발행되지 않으며 티켓이
발권된 상황에서는 실물 티켓을 지참하지 않으면
입장 및 관람이 어려운 점 양해해 주시기 바랍니다. 위와 같은 이유로 예매 시 상세페이지와 티켓에 재발권
되지 않는 사항에 대해 미리 기재해 드리고 있습니다. 다른 문의사항은 티켓 고객센터[1544-1555] 또는 1:1문의하기로
접수 바라며, 인터파크 티켓을 이용하는 모든 고객 여러분께
편리한 서비스와 다양한 혜택을 제공하도록 더 노력하겠습니다.
감사합니다.","고객님, 안녕하세요. 인터파크 티켓을 찾아주셔서 감사합니다. 문의하신 티켓 분실에 대한 답변입니다.
예약번호 :
공연제목 :
공연일시 : 티켓은 공연 관람 청구권을 표창하는 유가증권으로써,
티켓을 구입한 고객은 이러한 공연 티켓을 통하여서만
권리를 행사할 수 있음을 표명합니다. 티켓은 좌석의 고유성과 양도가 가능한 여러 가지
특성이 적용되기 때문에 재발행되지 않으며 티켓이
발권된 상황에서는 실물 티켓을 지참하지 않으면
입장 및 관람이 어려운 점 양해해 주시기 바랍니다. 위와 같은 이유로 예매 시 상세페이지와 티켓에 재발권
되지 않는 사항에 대해 미리 기재해 드리고 있습니다. 다른 문의사항은 티켓 고객센터[1544-1555] 또는 1:1문의하기로
접수 바라며, 인터파크 티켓을 이용하는 모든 고객 여러분께
편리한 서비스와 다양한 혜택을 제공하도록 더 노력하겠습니다.
감사합니다."
343,INTERPARKTICKET,[인터파크 티켓] 티켓분실 (분실입장 가능),"고객님, 안녕하세요. 인터파크 티켓을 찾아주셔서 감사합니다. 문의하신 티켓 분실에 대한 답변입니다.
예약번호 :
공연제목 :
공연일시 : 티켓은 공연 관람 청구권을 표창하는 유가증권으로써,
티켓을 구입한 고객은 이러한 공연 티켓을 통하여서만
권리를 행사할 수 있음을 표명합니다. 티켓은 좌석의 고유성과 양도가 가능한 여러 가지 특성이
적용되기 때문에 재발권되지 않으며 분실하시면 입장하실 수
없습니다. 위와 같은 이유로 예매 시 상세페이지와 티켓에 재발권
되지 않는 사항에 대해 기재해 드리고 있습니다. 다만, 예매하신 공연은 신분증과 예매내역서를 지참하셔서
공연 당일 예매자 본인께서 현장 매표소로 방문하시면
기획사에서 관람하실 수 있도록 도움드릴 예정입니다. 실물 티켓을 지참하신 다른 고객님께서 계시다면 그분께서
공연 관람 가능하며, 고객님께서는 공연 관람이 어려운 점
양해해 주시기 바랍니다. 다른 문의사항은 티켓 고객센터[1544-1555] 또는 1:1문의하기로
접수 바라며, 인터파크 티켓을 이용하는 모든 고객 여러분께
편리한 서비스와 다양한 혜택을 제공하도록 더 노력하겠습니다.
감사합니다.","고객님, 안녕하세요. 인터파크 티켓을 찾아주셔서 감사합니다. 문의하신 티켓 분실에 대한 답변입니다.
예약번호 :
공연제목 :
공연일시 : 티켓은 공연 관람 청구권을 표창하는 유가증권으로써,
티켓을 구입한 고객은 이러한 공연 티켓을 통하여서만
권리를 행사할 수 있음을 표명합니다. 티켓은 좌석의 고유성과 양도가 가능한 여러 가지 특성이
적용되기 때문에 재발권되지 않으며 분실하시면 입장하실 수
없습니다. 위와 같은 이유로 예매 시 상세페이지와 티켓에 재발권
되지 않는 사항에 대해 기재해 드리고 있습니다. 다만, 예매하신 공연은 신분증과 예매내역서를 지참하셔서
공연 당일 예매자 본인께서 현장 매표소로 방문하시면
기획사에서 관람하실 수 있도록 도움드릴 예정입니다. 실물 티켓을 지참하신 다른 고객님께서 계시다면 그분께서
공연 관람 가능하며, 고객님께서는 공연 관람이 어려운 점
양해해 주시기 바랍니다. 다른 문의사항은 티켓 고객센터[1544-1555] 또는 1:1문의하기로
접수 바라며, 인터파크 티켓을 이용하는 모든 고객 여러분께
편리한 서비스와 다양한 혜택을 제공하도록 더 노력하겠습니다.
감사합니다."
344,INTERPARKTICKET,[인터파크 티켓] 티켓양도 (기본),"고객님, 안녕하세요. 인터파크 티켓을 찾아주셔서 감사합니다. 문의하신 티켓 양도에 대한 답변입니다. 인터파크는 개인 사이의 양도와 판매에 대해 관여하지 않습니다. 인터파크는 개인간의 티켓의 권리를 거래하는 과정 중 발생하는
사고에 대해서 책임을 지지 않으며, 개인 간의 거래는 권장해
드리지 않습니다. 개인 간의 거래는 고객님께서 자발적으로 자제해 주셔야 합니다. 흡족한 답변을 드리지 못해 안타까운 마음입니다. 인터파크 티켓을 이용하는 모든 고객 여러분께 편리한
서비스와 다양한 혜택을 제공하도록 더 노력하겠습니다.
감사합니다.","고객님, 안녕하세요. 인터파크 티켓을 찾아주셔서 감사합니다. 문의하신 티켓 양도에 대한 답변입니다. 인터파크는 개인 사이의 양도와 판매에 대해 관여하지 않습니다. 인터파크는 개인간의 티켓의 권리를 거래하는 과정 중 발생하는
사고에 대해서 책임을 지지 않으며, 개인 간의 거래는 권장해
드리지 않습니다. 개인 간의 거래는 고객님께서 자발적으로 자제해 주셔야 합니다. 흡족한 답변을 드리지 못해 안타까운 마음입니다. 인터파크 티켓을 이용하는 모든 고객 여러분께 편리한
서비스와 다양한 혜택을 제공하도록 더 노력하겠습니다.
감사합니다."
345,INTERPARKTICKET,[인터파크 티켓] 티켓양도 (금전적 피해),"고객님, 안녕하세요. 인터파크 티켓을 찾아주셔서 감사합니다. 문의하신 내용에 대한 답변입니다. 인터파크는 개인간의 거래에 대해서는 당사에서 관여하지 않습니다. 만약 해당 거래로 금전적인 피해를 입으셨다면 외부기관인
사이버 수사대로 문의하셔서 도움 받으시기 바랍니다. 외부기관에서 당사로 수사 요청이 들어올 때에는 성심성의껏
협조하여 도움드리겠습니다. 인터파크 티켓을 이용하는 모든 고객 여러분께 편리한
서비스와 다양한 혜택을 제공하도록 더 노력하겠습니다.
감사합니다.","고객님, 안녕하세요. 인터파크 티켓을 찾아주셔서 감사합니다. 문의하신 내용에 대한 답변입니다. 인터파크는 개인간의 거래에 대해서는 당사에서 관여하지 않습니다. 만약 해당 거래로 금전적인 피해를 입으셨다면 외부기관인
사이버 수사대로 문의하셔서 도움 받으시기 바랍니다. 외부기관에서 당사로 수사 요청이 들어올 때에는 성심성의껏
협조하여 도움드리겠습니다. 인터파크 티켓을 이용하는 모든 고객 여러분께 편리한
서비스와 다양한 혜택을 제공하도록 더 노력하겠습니다.
감사합니다."
346,INTERPARKTICKET,[인터파크 티켓] 티켓양도 (증빙서류 첨부),"고객님, 안녕하세요. 인터파크 티켓을 찾아주셔서 감사합니다. 문의하신 티켓 양도에 대한 답변입니다. 인터파크는 개인 사이의 양도와 판매에 대해 관여하지 않으나,
고객님께서 명확한 거래 내용이 있는 자료를 첨부해 주셨기 때문에
해당 자료는 담당 부서로 전달하도록 하겠습니다. 다만, 이후 처리 과정에 대해서는 담당 부서에 의해 진행되는 부분으로
관련하여 고객님께 결과 전달 안내가 어려운 점 양해해 주시기 바랍니다. 다른 문의사항은 티켓 고객센터[1544-1555] 또는 1:1문의하기로
접수 바라며, 인터파크 티켓을 이용하는 모든 고객 여러분께
편리한 서비스와 다양한 혜택을 제공하도록 더 노력하겠습니다.
감사합니다.","고객님, 안녕하세요. 인터파크 티켓을 찾아주셔서 감사합니다. 문의하신 티켓 양도에 대한 답변입니다. 인터파크는 개인 사이의 양도와 판매에 대해 관여하지 않으나,
고객님께서 명확한 거래 내용이 있는 자료를 첨부해 주셨기 때문에
해당 자료는 담당 부서로 전달하도록 하겠습니다. 다만, 이후 처리 과정에 대해서는 담당 부서에 의해 진행되는 부분으로
관련하여 고객님께 결과 전달 안내가 어려운 점 양해해 주시기 바랍니다. 다른 문의사항은 티켓 고객센터[1544-1555] 또는 1:1문의하기로
접수 바라며, 인터파크 티켓을 이용하는 모든 고객 여러분께
편리한 서비스와 다양한 혜택을 제공하도록 더 노력하겠습니다.
감사합니다."
347,INTERPARKTICKET,[인터파크 티켓] 문의 내용 정확하지 않은 경우,"고객님, 안녕하세요. 인터파크 티켓을 찾아주셔서 감사합니다. 문의하신 내용에 대한 답변입니다. 고객님께서 문의하신 내용만으로는 정확한 안내가 어렵습니다. 예매하시는 공연 명[지역], 일시, 좌석등급[할인], 매수를
모두 확인하셔서 다시 한번 문의해 주시기 바랍니다. 빠른 도움을 드리지 못해 정말 죄송합니다. 인터파크 티켓을 이용하는 모든 고객 여러분께 편리한
서비스와 다양한 혜택을 제공하도록 더 노력하겠습니다.
감사합니다.","고객님, 안녕하세요. 인터파크 티켓을 찾아주셔서 감사합니다. 문의하신 내용에 대한 답변입니다. 고객님께서 문의하신 내용만으로는 정확한 안내가 어렵습니다. 예매하시는 공연 명[지역], 일시, 좌석등급[할인], 매수를
모두 확인하셔서 다시 한번 문의해 주시기 바랍니다. 빠른 도움을 드리지 못해 정말 죄송합니다. 인터파크 티켓을 이용하는 모든 고객 여러분께 편리한
서비스와 다양한 혜택을 제공하도록 더 노력하겠습니다.
감사합니다."
348,INTERPARKTICKET,[인터파크 티켓] 우수회원 아이포인트 (기본),"고객님, 안녕하세요. 인터파크 티켓을 찾아주셔서 감사합니다. 문의하신 우수회원 아이포인트에 대한 답변입니다. 우수회원 아이포인트는 인터파크 바로 접속하여 예매하신
경우에만 적립이 되며, 적립은 관람 후 진행이 되나 적립율은
예매일 기준 등급에 따라 적용되는 점 참고 바랍니다. 다른 문의사항은 티켓 고객센터[1544-1555] 또는 1:1문의하기로
접수 바라며, 인터파크 티켓을 이용하는 모든 고객 여러분께
편리한 서비스와 다양한 혜택을 제공하도록 더 노력하겠습니다.
감사합니다.","고객님, 안녕하세요. 인터파크 티켓을 찾아주셔서 감사합니다. 문의하신 우수회원 아이포인트에 대한 답변입니다. 우수회원 아이포인트는 인터파크 바로 접속하여 예매하신
경우에만 적립이 되며, 적립은 관람 후 진행이 되나 적립율은
예매일 기준 등급에 따라 적용되는 점 참고 바랍니다. 다른 문의사항은 티켓 고객센터[1544-1555] 또는 1:1문의하기로
접수 바라며, 인터파크 티켓을 이용하는 모든 고객 여러분께
편리한 서비스와 다양한 혜택을 제공하도록 더 노력하겠습니다.
감사합니다."
349,INTERPARKTICKET,[인터파크 티켓] 우수회원 아이포인트 (타사이트 연동),"고객님, 안녕하세요. 인터파크 티켓을 찾아주셔서 감사합니다. 문의하신 우수회원 아이포인트에 대한 답변입니다.
예약번호 :
공연제목 :
공연일시 : 우수회원 아이포인트는 인터파크 바로 접속하여 예매하신
경우에만 적립이 되며, 위 내역은 네이버 사이트 연동 접속하여
예매를 진행하였기 때문에 적립 대상에서 제외되는 점
참고해 주시기 바랍니다. 다른 문의사항은 티켓 고객센터[1544-1555] 또는 1:1문의하기로
접수 바라며, 인터파크 티켓을 이용하는 모든 고객 여러분께
편리한 서비스와 다양한 혜택을 제공하도록 더 노력하겠습니다.
감사합니다.","고객님, 안녕하세요. 인터파크 티켓을 찾아주셔서 감사합니다. 문의하신 우수회원 아이포인트에 대한 답변입니다.
예약번호 :
공연제목 :
공연일시 : 우수회원 아이포인트는 인터파크 바로 접속하여 예매하신
경우에만 적립이 되며, 위 내역은 네이버 사이트 연동 접속하여
예매를 진행하였기 때문에 적립 대상에서 제외되는 점
참고해 주시기 바랍니다. 다른 문의사항은 티켓 고객센터[1544-1555] 또는 1:1문의하기로
접수 바라며, 인터파크 티켓을 이용하는 모든 고객 여러분께
편리한 서비스와 다양한 혜택을 제공하도록 더 노력하겠습니다.
감사합니다."
350,INTERPARKTICKET,[인터파크 티켓] 우수회원 아이포인트 (VVIP 등급),"고객님, 안녕하세요. 인터파크 티켓을 찾아주셔서 감사합니다. 문의하신 우수회원 아이포인트에 대한 답변입니다.
예약번호 :
공연제목 :
공연일시 : 우수회원 아이포인트의 적립은 관람 후 진행이 되나,
적립율은 예매일을 기준으로 반영되고 있습니다. 티켓 상품은 예매일을 기준으로 VVIP 등급에 대해서만
티켓 금액에 1.5% 적립이 관람 후 진행되며, WELCOME,
FAMILY, VIP 등급은 적립 대상이 아닌 점 참고 바랍니다. 위 내역은 0월 0일 VIP 등급일 당시 예매를 진행하였기 때문에
우수회원 아이포인트 적립 대상이 아닙니다. 다른 문의사항은 티켓 고객센터[1544-1555] 또는 1:1문의하기로
접수 바라며, 인터파크 티켓을 이용하는 모든 고객 여러분께
편리한 서비스와 다양한 혜택을 제공하도록 더 노력하겠습니다.
감사합니다.","고객님, 안녕하세요. 인터파크 티켓을 찾아주셔서 감사합니다. 문의하신 우수회원 아이포인트에 대한 답변입니다.
예약번호 :
공연제목 :
공연일시 : 우수회원 아이포인트의 적립은 관람 후 진행이 되나,
적립율은 예매일을 기준으로 반영되고 있습니다. 티켓 상품은 예매일을 기준으로 VVIP 등급에 대해서만
티켓 금액에 1.5% 적립이 관람 후 진행되며, WELCOME,
FAMILY, VIP 등급은 적립 대상이 아닌 점 참고 바랍니다. 위 내역은 0월 0일 VIP 등급일 당시 예매를 진행하였기 때문에
우수회원 아이포인트 적립 대상이 아닙니다. 다른 문의사항은 티켓 고객센터[1544-1555] 또는 1:1문의하기로
접수 바라며, 인터파크 티켓을 이용하는 모든 고객 여러분께
편리한 서비스와 다양한 혜택을 제공하도록 더 노력하겠습니다.
감사합니다."
351,INTERPARKTICKET,[인터파크 티켓] 항공권 또는 숙박권,"고객님, 안녕하세요. 인터파크 트리플을 찾아주셔서 감사합니다.

죄송하게도, 현재 고객님께서 [회원/공통/기타] 경로로 문의해 주셨습니다.
[회원/공통/기타] 유형은 회원정보 관련 상담에 한해 답변드리고 있습니다.

(항공기준)
해당 문의는 번거로우시더라도 투어(항공) 고객센터 [1588-3443] 또는,
투어(항공) [톡집사 상담하기]를 통해 다시 한번 문의해 주시기 바랍니다. (패키지, 투어 기준)
해당 문의는 번거로우시더라도 투어고객센터 [1588-3443] 또는,
투어 [1:1 문의하기]를 통해 다시 한번 문의해 주시기 바랍니다.

인터파크 트리플을 이용하는 모든 고객 여러분께 편리한 서비스와
다양한 혜택을 제공하도록 더 노력하겠습니다.
감사합니다.","고객님, 안녕하세요. 인터파크 트리플을 찾아주셔서 감사합니다.

죄송하게도, 현재 고객님께서 [회원/공통/기타] 경로로 문의해 주셨습니다.
[회원/공통/기타] 유형은 회원정보 관련 상담에 한해 답변드리고 있습니다.

(항공기준)
해당 문의는 번거로우시더라도 투어(항공) 고객센터 [1588-3443] 또는,
투어(항공) [톡집사 상담하기]를 통해 다시 한번 문의해 주시기 바랍니다. (패키지, 투어 기준)
해당 문의는 번거로우시더라도 투어고객센터 [1588-3443] 또는,
투어 [1:1 문의하기]를 통해 다시 한번 문의해 주시기 바랍니다.

인터파크 트리플을 이용하는 모든 고객 여러분께 편리한 서비스와
다양한 혜택을 제공하도록 더 노력하겠습니다.
감사합니다."
352,INTERPARKTICKET,[인터파크 티켓] 입점판매 문의,"고객님, 안녕하세요. 인터파크 티켓을 찾아주셔서 감사합니다. 문의하신 내용에 대한 답변입니다. 1:1문의하기는 당사 사이트에 티켓을 구매하시는 고객님
문의에 답변을 해드리는 곳으로 문의하신 내용에 대해서는
안내가 어렵습니다. [ http://ticket.interpark.com/TiKi/Info/ENTInfo.asp?info=contact ] 위 페이지로 접속하셔서 해당 담당자 확인 후 메일 접수 바랍니다. 다른 문의사항은 티켓 고객센터[1544-1555] 또는 1:1문의하기로
접수 바라며, 인터파크 티켓을 이용하는 모든 고객 여러분께
편리한 서비스와 다양한 혜택을 제공하도록 더 노력하겠습니다.
감사합니다.","고객님, 안녕하세요. 인터파크 티켓을 찾아주셔서 감사합니다. 문의하신 내용에 대한 답변입니다. 1:1문의하기는 당사 사이트에 티켓을 구매하시는 고객님
문의에 답변을 해드리는 곳으로 문의하신 내용에 대해서는
안내가 어렵습니다. [ http://ticket.interpark.com/TiKi/Info/ENTInfo.asp?info=contact ] 위 페이지로 접속하셔서 해당 담당자 확인 후 메일 접수 바랍니다. 다른 문의사항은 티켓 고객센터[1544-1555] 또는 1:1문의하기로
접수 바라며, 인터파크 티켓을 이용하는 모든 고객 여러분께
편리한 서비스와 다양한 혜택을 제공하도록 더 노력하겠습니다.
감사합니다."
353,INTERPARKTICKET,[인터파크 티켓] 스포츠 상품 부분취소 불가,"고객님, 안녕하세요. 인터파크 티켓을 찾아주셔서 감사합니다. 문의하신 부분 취소에 대한 답변입니다.
예약번호 :
경기제목 :
경기일시 : 예매하신 티켓은 부분 취소 어려운 점 양해해 주시기 바랍니다. 부분 취소 불가에 대한 내용은 경기 예매 페이지의
[예매/관람안내]를 통해 명시하고 있습니다. [ 상품페이지 URL주소 첨부 ] 다른 문의사항은 티켓 고객센터[1544-1555] 또는 1:1문의하기로
접수 바라며, 인터파크 티켓을 이용하는 모든 고객 여러분께
편리한 서비스와 다양한 혜택을 제공하도록 더 노력하겠습니다.
감사합니다.","고객님, 안녕하세요. 인터파크 티켓을 찾아주셔서 감사합니다. 문의하신 부분 취소에 대한 답변입니다.
예약번호 :
경기제목 :
경기일시 : 예매하신 티켓은 부분 취소 어려운 점 양해해 주시기 바랍니다. 부분 취소 불가에 대한 내용은 경기 예매 페이지의
[예매/관람안내]를 통해 명시하고 있습니다. [ 상품페이지 URL주소 첨부 ] 다른 문의사항은 티켓 고객센터[1544-1555] 또는 1:1문의하기로
접수 바라며, 인터파크 티켓을 이용하는 모든 고객 여러분께
편리한 서비스와 다양한 혜택을 제공하도록 더 노력하겠습니다.
감사합니다."
354,INTERPARKTICKET,[인터파크 티켓] 스포츠 상품 수령방법 변경불가,"고객님, 안녕하세요. 인터파크 티켓을 찾아주셔서 감사합니다. 문의하신 티켓 수령 방법 변경에 대한 답변입니다.
예약번호 :
경기제목 :
경기일시 : 티켓 수령 방법 변경은 어렵습니다. 부득이하게 변경을 원하신다면 기존 예매 내역을 취소 후
다시 예매하셔야 하며, 취소 시 날짜별 수수료가 부과됩니다.
[동일 좌석으로 재예매가 어려울 수 있습니다.] 취소 없이 변경은 어려운 점 양해해 주시기 바랍니다. 다른 문의사항은 티켓 고객센터[1544-1555] 또는 1:1문의하기로
접수 바라며, 인터파크 티켓을 이용하는 모든 고객 여러분께
편리한 서비스와 다양한 혜택을 제공하도록 더 노력하겠습니다.
감사합니다.","고객님, 안녕하세요. 인터파크 티켓을 찾아주셔서 감사합니다. 문의하신 티켓 수령 방법 변경에 대한 답변입니다.
예약번호 :
경기제목 :
경기일시 : 티켓 수령 방법 변경은 어렵습니다. 부득이하게 변경을 원하신다면 기존 예매 내역을 취소 후
다시 예매하셔야 하며, 취소 시 날짜별 수수료가 부과됩니다.
[동일 좌석으로 재예매가 어려울 수 있습니다.] 취소 없이 변경은 어려운 점 양해해 주시기 바랍니다. 다른 문의사항은 티켓 고객센터[1544-1555] 또는 1:1문의하기로
접수 바라며, 인터파크 티켓을 이용하는 모든 고객 여러분께
편리한 서비스와 다양한 혜택을 제공하도록 더 노력하겠습니다.
감사합니다."
355,INTERPARKTICKET,[인터파크 티켓] 예매대기 서비스 (기본),"고객님, 안녕하세요. 인터파크 티켓을 찾아주셔서 감사합니다. 문의하신 예매대기 서비스에 대한 답변입니다. 예매대기 서비스는 이전 예매자가 결제까지 완료했으나 개인적인
이유로 예매를 취소할 경우 우선적으로 신청자에게 예매 권한을
드리는 서비스입니다. 대기 기한 내에 이전 예매자가 예매를 취소한다면 좌석 확보
알림이 발송되며, 취소가 발생하지 않는다면 좌석 확보는 어려우며
예매대기 서비스 신청 내역은 자동 취소되어 환불 처리 됩니다. 자세한 이용 방법은 아래의 페이지를 참고해 주시기 바랍니다.
[http://ticket.interpark.com/TiKi/Info/BookingGuide.asp?Url
=guide_13.html] 다른 문의사항은 티켓 고객센터[1544-1555] 또는 1:1문의하기로
접수 바라며, 인터파크 티켓을 이용하는 모든 고객 여러분께
편리한 서비스와 다양한 혜택을 제공하도록 더 노력하겠습니다.
감사합니다.","고객님, 안녕하세요. 인터파크 티켓을 찾아주셔서 감사합니다. 문의하신 예매대기 서비스에 대한 답변입니다. 예매대기 서비스는 이전 예매자가 결제까지 완료했으나 개인적인
이유로 예매를 취소할 경우 우선적으로 신청자에게 예매 권한을
드리는 서비스입니다. 대기 기한 내에 이전 예매자가 예매를 취소한다면 좌석 확보
알림이 발송되며, 취소가 발생하지 않는다면 좌석 확보는 어려우며
예매대기 서비스 신청 내역은 자동 취소되어 환불 처리 됩니다. 자세한 이용 방법은 아래의 페이지를 참고해 주시기 바랍니다.
[http://ticket.interpark.com/TiKi/Info/BookingGuide.asp?Url
=guide_13.html] 다른 문의사항은 티켓 고객센터[1544-1555] 또는 1:1문의하기로
접수 바라며, 인터파크 티켓을 이용하는 모든 고객 여러분께
편리한 서비스와 다양한 혜택을 제공하도록 더 노력하겠습니다.
감사합니다."
356,INTERPARKTICKET,[인터파크 티켓] 예매대기 서비스 (좌석당 5명),"고객님, 안녕하세요. 인터파크 티켓을 찾아주셔서 감사합니다. 문의하신 예매대기 서비스에 대한 답변입니다. 좌석 당 예매대기를 신청할 수 있는 인원은 총 5명까지입니다. 그로 인해 고객님께서 예매대기를 신청하신 좌석도 예매대기
가능 좌석으로 확인될 수 있으며, 모든 좌석에 5명 신청이 완료된 경우
추가 신청 어려운 점 참고해 주시기 바랍니다. 다른 문의사항은 티켓 고객센터[1544-1555] 또는 1:1문의하기로
접수 바라며, 인터파크 티켓을 이용하는 모든 고객 여러분께
편리한 서비스와 다양한 혜택을 제공하도록 더 노력하겠습니다.
감사합니다.","고객님, 안녕하세요. 인터파크 티켓을 찾아주셔서 감사합니다. 문의하신 예매대기 서비스에 대한 답변입니다. 좌석 당 예매대기를 신청할 수 있는 인원은 총 5명까지입니다. 그로 인해 고객님께서 예매대기를 신청하신 좌석도 예매대기
가능 좌석으로 확인될 수 있으며, 모든 좌석에 5명 신청이 완료된 경우
추가 신청 어려운 점 참고해 주시기 바랍니다. 다른 문의사항은 티켓 고객센터[1544-1555] 또는 1:1문의하기로
접수 바라며, 인터파크 티켓을 이용하는 모든 고객 여러분께
편리한 서비스와 다양한 혜택을 제공하도록 더 노력하겠습니다.
감사합니다."
357,INTERPARKTICKET,[인터파크 티켓] 예매대기 서비스 (안내메시지),"고객님, 안녕하세요. 인터파크 티켓을 찾아주셔서 감사합니다. 문의하신 예매대기 서비스에 대한 답변입니다. 예매대기 서비스는 좌석이 확보된 경우에만 카카오 알림톡 또는
문자메시지와 이메일이 발송됩니다. 기존 예매자의 부분 취소로 인해 예매대기 서비스가 자동 취소된
경우에는 별도의 알림이 발송되지 않는 점 양해해 주시기 바랍니다. 다른 문의사항은 티켓 고객센터[1544-1555] 또는 1:1문의하기로
접수 바라며, 인터파크 티켓을 이용하는 모든 고객 여러분께
편리한 서비스와 다양한 혜택을 제공하도록 더 노력하겠습니다.
감사합니다.","고객님, 안녕하세요. 인터파크 티켓을 찾아주셔서 감사합니다. 문의하신 예매대기 서비스에 대한 답변입니다. 예매대기 서비스는 좌석이 확보된 경우에만 카카오 알림톡 또는
문자메시지와 이메일이 발송됩니다. 기존 예매자의 부분 취소로 인해 예매대기 서비스가 자동 취소된
경우에는 별도의 알림이 발송되지 않는 점 양해해 주시기 바랍니다. 다른 문의사항은 티켓 고객센터[1544-1555] 또는 1:1문의하기로
접수 바라며, 인터파크 티켓을 이용하는 모든 고객 여러분께
편리한 서비스와 다양한 혜택을 제공하도록 더 노력하겠습니다.
감사합니다."
358,INTERPARKTICKET,[인터파크 티켓] 예매대기 서비스 (원예매자 부분취소),"고객님, 안녕하세요. 인터파크 티켓을 찾아주셔서 감사합니다. 문의하신 예매대기 서비스에 대한 답변입니다. 예매대기 서비스는 기존 예매자의 부분 취소가 발생하면,
신청하신 예매대기가 자동 취소되는 점 참고해 주시기 바랍니다. 다른 문의사항은 티켓 고객센터[1544-1555] 또는 1:1문의하기로
접수 바라며, 인터파크 티켓을 이용하는 모든 고객 여러분께
편리한 서비스와 다양한 혜택을 제공하도록 더 노력하겠습니다.
감사합니다.","고객님, 안녕하세요. 인터파크 티켓을 찾아주셔서 감사합니다. 문의하신 예매대기 서비스에 대한 답변입니다. 예매대기 서비스는 기존 예매자의 부분 취소가 발생하면,
신청하신 예매대기가 자동 취소되는 점 참고해 주시기 바랍니다. 다른 문의사항은 티켓 고객센터[1544-1555] 또는 1:1문의하기로
접수 바라며, 인터파크 티켓을 이용하는 모든 고객 여러분께
편리한 서비스와 다양한 혜택을 제공하도록 더 노력하겠습니다.
감사합니다."
359,INTERPARKTICKET,[인터파크 티켓] 티캣캐스트 (기본),"고객님, 안녕하세요. 인터파크 티켓을 찾아주셔서 감사합니다. 문의하신 내용에 대한 답변입니다. 인터파크 티켓 어플을 이용하시는 경우 홈페이지에서
[마이페이지 > 나의 티켓캐스트]에서 관심공연과 관심인물을
설정하시면 어플 알림으로 티켓 오픈 공지를 발송해 드리고 있습니다. 인터파크 티켓 어플리케이션에서 [마이 > 티켓캐스트]로 접속하셔도
설정이 가능합니다. 자세한 내용은 아래의 페이지를 참고해 주시기 바랍니다.
[ http://ticket.interpark.com/TiKi/Info/BookingGuide.asp?Url
=guide_10.html ] 다른 문의사항은 티켓 고객센터[1544-1555] 또는 1:1문의하기로
접수 바라며, 인터파크 티켓을 이용하는 모든 고객 여러분께
편리한 서비스와 다양한 혜택을 제공하도록 더 노력하겠습니다.
감사합니다.","고객님, 안녕하세요. 인터파크 티켓을 찾아주셔서 감사합니다. 문의하신 내용에 대한 답변입니다. 인터파크 티켓 어플을 이용하시는 경우 홈페이지에서
[마이페이지 > 나의 티켓캐스트]에서 관심공연과 관심인물을
설정하시면 어플 알림으로 티켓 오픈 공지를 발송해 드리고 있습니다. 인터파크 티켓 어플리케이션에서 [마이 > 티켓캐스트]로 접속하셔도
설정이 가능합니다. 자세한 내용은 아래의 페이지를 참고해 주시기 바랍니다.
[ http://ticket.interpark.com/TiKi/Info/BookingGuide.asp?Url
=guide_10.html ] 다른 문의사항은 티켓 고객센터[1544-1555] 또는 1:1문의하기로
접수 바라며, 인터파크 티켓을 이용하는 모든 고객 여러분께
편리한 서비스와 다양한 혜택을 제공하도록 더 노력하겠습니다.
감사합니다."
360,INTERPARKTICKET,[인터파크 티켓] 티켓캐스트 (어플 알림 설정),"고객님, 안녕하세요. 인터파크 티켓을 찾아주셔서 감사합니다. 문의하신 내용에 대한 답변입니다. 인터파크 어플의 티켓캐스트 알리미 설정 방법은 아래와 같습니다.
[어플 > 마이 > 환경설정] 에서 알림설정을 활성화 하셔야
서비스 이용가능합니다. 아이폰을 이용하시는 경우, [설정]에서 어플에 대한 알림설정을
하셔야 이용하실수 있습니다. 다른 문의사항은 티켓 고객센터[1544-1555] 또는 1:1문의하기로
접수 바라며, 인터파크 티켓을 이용하는 모든 고객 여러분께
편리한 서비스와 다양한 혜택을 제공하도록 더 노력하겠습니다.
감사합니다.","고객님, 안녕하세요. 인터파크 티켓을 찾아주셔서 감사합니다. 문의하신 내용에 대한 답변입니다. 인터파크 어플의 티켓캐스트 알리미 설정 방법은 아래와 같습니다.
[어플 > 마이 > 환경설정] 에서 알림설정을 활성화 하셔야
서비스 이용가능합니다. 아이폰을 이용하시는 경우, [설정]에서 어플에 대한 알림설정을
하셔야 이용하실수 있습니다. 다른 문의사항은 티켓 고객센터[1544-1555] 또는 1:1문의하기로
접수 바라며, 인터파크 티켓을 이용하는 모든 고객 여러분께
편리한 서비스와 다양한 혜택을 제공하도록 더 노력하겠습니다.
감사합니다."
361,INTERPARKTICKET,[인터파크 티켓] 본인인증 (기본),"고객님, 안녕하세요. 인터파크 티켓을 찾아주셔서 감사합니다. 문의하신 본인인증에 대한 답변입니다. 1:1문의하기는 구두상 고객님과 대화의 형식으로 진행되는
상담이 아니므로 본인인증에 대한 상담은 [1544-1555]로
본인이 직접 문의해 주셔야 하는 점 양해해 주시기 바랍니다.
[상담시간 : 평일, 주말 및 공휴일 포함 09:00~18:00] 인터파크 티켓을 이용하는 모든 고객 여러분께 편리한
서비스와 다양한 혜택을 제공하도록 더 노력하겠습니다.
감사합니다.","고객님, 안녕하세요. 인터파크 티켓을 찾아주셔서 감사합니다. 문의하신 본인인증에 대한 답변입니다. 1:1문의하기는 구두상 고객님과 대화의 형식으로 진행되는
상담이 아니므로 본인인증에 대한 상담은 [1544-1555]로
본인이 직접 문의해 주셔야 하는 점 양해해 주시기 바랍니다.
[상담시간 : 평일, 주말 및 공휴일 포함 09:00~18:00] 인터파크 티켓을 이용하는 모든 고객 여러분께 편리한
서비스와 다양한 혜택을 제공하도록 더 노력하겠습니다.
감사합니다."
362,INTERPARKTICKET,[인터파크 티켓] 본인인증 (탈퇴 후 7일),"고객님, 안녕하세요. 인터파크 티켓을 찾아주셔서 감사합니다. 문의하신 본인인증에 대한 답변입니다. 회원 탈퇴 후 7일 동안은 재가입 및 본인인증이 어려운 점
양해해 주시기 바랍니다. 다른 문의사항은 티켓 고객센터[1544-1555] 또는 1:1문의하기로
접수 바라며, 인터파크 티켓을 이용하는 모든 고객 여러분께
편리한 서비스와 다양한 혜택을 제공하도록 더 노력하겠습니다.
감사합니다.","고객님, 안녕하세요. 인터파크 티켓을 찾아주셔서 감사합니다. 문의하신 본인인증에 대한 답변입니다. 회원 탈퇴 후 7일 동안은 재가입 및 본인인증이 어려운 점
양해해 주시기 바랍니다. 다른 문의사항은 티켓 고객센터[1544-1555] 또는 1:1문의하기로
접수 바라며, 인터파크 티켓을 이용하는 모든 고객 여러분께
편리한 서비스와 다양한 혜택을 제공하도록 더 노력하겠습니다.
감사합니다."
363,INTERPARKTICKET,[인터파크 티켓] 본인인증 (탈퇴 후 복원불가),"고객님, 안녕하세요. 인터파크 티켓을 찾아주셔서 감사합니다. 문의하신 회원 탈퇴에 대한 답변입니다. 회원 탈퇴는 즉시 반영되기 때문에 철회할 수 없는 점
양해해 주시기 바랍니다. 다른 문의사항은 티켓 고객센터[1544-1555] 또는 1:1문의하기로
접수 바라며, 인터파크 티켓을 이용하는 모든 고객 여러분께
편리한 서비스와 다양한 혜택을 제공하도록 더 노력하겠습니다.
감사합니다.","고객님, 안녕하세요. 인터파크 티켓을 찾아주셔서 감사합니다. 문의하신 회원 탈퇴에 대한 답변입니다. 회원 탈퇴는 즉시 반영되기 때문에 철회할 수 없는 점
양해해 주시기 바랍니다. 다른 문의사항은 티켓 고객센터[1544-1555] 또는 1:1문의하기로
접수 바라며, 인터파크 티켓을 이용하는 모든 고객 여러분께
편리한 서비스와 다양한 혜택을 제공하도록 더 노력하겠습니다.
감사합니다."
364,INTERPARKTICKET,[인터파크 티켓] 개명,"고객님, 안녕하세요. 인터파크 티켓을 찾아주셔서 감사합니다. 문의하신 개명 접수에 대한 답변입니다. 인터파크 홈페이지에서 휴대폰 인증 후 개명 처리 가능합니다.
[홈페이지 경로 : 회원정보 > 회원정보수정 > 이름변경] 1:1문의하기로는 개명 접수가 어려우며, 홈페이지에서 변경이
어려우신경우 고객센터[1544-1555]로 직접 연락 바랍니다. 인터파크 티켓을 이용하는 모든 고객 여러분께 편리한
서비스와 다양한 혜택을 제공하도록 더 노력하겠습니다.
감사합니다.","고객님, 안녕하세요. 인터파크 티켓을 찾아주셔서 감사합니다. 문의하신 개명 접수에 대한 답변입니다. 인터파크 홈페이지에서 휴대폰 인증 후 개명 처리 가능합니다.
[홈페이지 경로 : 회원정보 > 회원정보수정 > 이름변경] 1:1문의하기로는 개명 접수가 어려우며, 홈페이지에서 변경이
어려우신경우 고객센터[1544-1555]로 직접 연락 바랍니다. 인터파크 티켓을 이용하는 모든 고객 여러분께 편리한
서비스와 다양한 혜택을 제공하도록 더 노력하겠습니다.
감사합니다."
365,INTERPARKTICKET,[인터파크 티켓] 고객센터 기처리,"고객님, 안녕하세요. 인터파크 티켓을 찾아주셔서 감사합니다. 문의하신 내용에 대한 답변입니다.
예약번호 :
공연제목 :
공연일시 : 문의하신 내용은 당사 고객센터 상담원과 통화하여
안내받으신 것으로 확인하였습니다. 1:1문의하기는 차례대로 답변이 진행됨을 양해해 주시기 바랍니다. 다른 문의사항은 티켓 고객센터[1544-1555] 또는 1:1문의하기로
접수 바라며, 인터파크 티켓을 이용하는 모든 고객 여러분께
편리한 서비스와 다양한 혜택을 제공하도록 더 노력하겠습니다.
감사합니다.","고객님, 안녕하세요. 인터파크 티켓을 찾아주셔서 감사합니다. 문의하신 내용에 대한 답변입니다.
예약번호 :
공연제목 :
공연일시 : 문의하신 내용은 당사 고객센터 상담원과 통화하여
안내받으신 것으로 확인하였습니다. 1:1문의하기는 차례대로 답변이 진행됨을 양해해 주시기 바랍니다. 다른 문의사항은 티켓 고객센터[1544-1555] 또는 1:1문의하기로
접수 바라며, 인터파크 티켓을 이용하는 모든 고객 여러분께
편리한 서비스와 다양한 혜택을 제공하도록 더 노력하겠습니다.
감사합니다."
366,INTERPARKTICKET,[인터파크 티켓] 팬클럽 물품 (배송일정 확정전),"고객님, 안녕하세요. 인터파크 티켓을 찾아주셔서 감사합니다. 문의하신 배송에 대한 답변입니다.
예약번호 :
상품명 : 팬클럽 물품은 기획사에서 물품 제작 완료 후 일괄 발송될 예정입니다. 배송 일정은 확정되지 않은 점 양해해 주시기 바랍니다. 다른 문의사항은 티켓 고객센터[1544-1555] 또는 1:1문의하기로
접수 바라며, 인터파크 티켓을 이용하는 모든 고객 여러분께
편리한 서비스와 다양한 혜택을 제공하도록 더 노력하겠습니다.
감사합니다.","고객님, 안녕하세요. 인터파크 티켓을 찾아주셔서 감사합니다. 문의하신 배송에 대한 답변입니다.
예약번호 :
상품명 : 팬클럽 물품은 기획사에서 물품 제작 완료 후 일괄 발송될 예정입니다. 배송 일정은 확정되지 않은 점 양해해 주시기 바랍니다. 다른 문의사항은 티켓 고객센터[1544-1555] 또는 1:1문의하기로
접수 바라며, 인터파크 티켓을 이용하는 모든 고객 여러분께
편리한 서비스와 다양한 혜택을 제공하도록 더 노력하겠습니다.
감사합니다."
367,INTERPARKTICKET,[인터파크 티켓] 팬클럽 물품 (배송중),"고객님, 안녕하세요. 인터파크 티켓을 찾아주셔서 감사합니다. 문의하신 배송에 대한 답변입니다.
예약번호 :
상품명 : 예매하신 상품은 순차적으로 배송이 진행되고 있습니다. [CJ 대한통운 택배 송장번호 : ]
[우체국 택배 송장번호 : ] 아래의 페이지에서 배송 조회 가능하오니 참고 바랍니다.
[https://www.doortodoor.co.kr/parcel/pa_004.jsp]
[https://service.epost.go.kr/iservice/usr/trace/usrtrc001k01.jsp] 다른 문의사항은 티켓 고객센터[1544-1555] 또는 1:1문의하기로
접수 바라며, 인터파크 티켓을 이용하는 모든 고객 여러분께
편리한 서비스와 다양한 혜택을 제공하도록 더 노력하겠습니다.
감사합니다.","고객님, 안녕하세요. 인터파크 티켓을 찾아주셔서 감사합니다. 문의하신 배송에 대한 답변입니다.
예약번호 :
상품명 : 예매하신 상품은 순차적으로 배송이 진행되고 있습니다. [CJ 대한통운 택배 송장번호 : ]
[우체국 택배 송장번호 : ] 아래의 페이지에서 배송 조회 가능하오니 참고 바랍니다.
[https://www.doortodoor.co.kr/parcel/pa_004.jsp]
[https://service.epost.go.kr/iservice/usr/trace/usrtrc001k01.jsp] 다른 문의사항은 티켓 고객센터[1544-1555] 또는 1:1문의하기로
접수 바라며, 인터파크 티켓을 이용하는 모든 고객 여러분께
편리한 서비스와 다양한 혜택을 제공하도록 더 노력하겠습니다.
감사합니다."
368,INTERPARKTICKET,[인터파크 티켓] 팬클럽 물품 (운송장번호 확인전),"고객님, 안녕하세요. 인터파크 티켓을 찾아주셔서 감사합니다. 문의하신 배송에 대한 답변입니다.
예약번호 :
상품명 : 예매하신 상품은 순차적으로 배송이 진행되고 있습니다. 정확한 배송일자 및 운송장번호는 아직 확인이 어려운 점
양해해 주시기 바랍니다. 다른 문의사항은 티켓 고객센터[1544-1555] 또는 1:1문의하기로
접수 바라며, 인터파크 티켓을 이용하는 모든 고객 여러분께
편리한 서비스와 다양한 혜택을 제공하도록 더 노력하겠습니다.
감사합니다.","고객님, 안녕하세요. 인터파크 티켓을 찾아주셔서 감사합니다. 문의하신 배송에 대한 답변입니다.
예약번호 :
상품명 : 예매하신 상품은 순차적으로 배송이 진행되고 있습니다. 정확한 배송일자 및 운송장번호는 아직 확인이 어려운 점
양해해 주시기 바랍니다. 다른 문의사항은 티켓 고객센터[1544-1555] 또는 1:1문의하기로
접수 바라며, 인터파크 티켓을 이용하는 모든 고객 여러분께
편리한 서비스와 다양한 혜택을 제공하도록 더 노력하겠습니다.
감사합니다."
369,INTERPARKTICKET,[인터파크 티켓] 팬클럽 물품 (배송완료),"고객님, 안녕하세요. 인터파크 티켓을 찾아주셔서 감사합니다. 문의하신 배송에 대한 답변입니다.
예약번호 :
상품명 : 위 내역은 월 일에 배송 완료되었습니다. [CJ 대한통운 택배 송장번호 : ]
[우체국 택배 송장번호 : ] 아래의 페이지에서 배송 조회 가능하오니 참고 바랍니다.
[https://www.doortodoor.co.kr/parcel/pa_004.jsp]
[https://service.epost.go.kr/iservice/usr/trace/usrtrc001k01.jsp] 다른 문의사항은 티켓 고객센터[1544-1555] 또는 1:1문의하기로
접수 바라며, 인터파크 티켓을 이용하는 모든 고객 여러분께
편리한 서비스와 다양한 혜택을 제공하도록 더 노력하겠습니다.
감사합니다.","고객님, 안녕하세요. 인터파크 티켓을 찾아주셔서 감사합니다. 문의하신 배송에 대한 답변입니다.
예약번호 :
상품명 : 위 내역은 월 일에 배송 완료되었습니다. [CJ 대한통운 택배 송장번호 : ]
[우체국 택배 송장번호 : ] 아래의 페이지에서 배송 조회 가능하오니 참고 바랍니다.
[https://www.doortodoor.co.kr/parcel/pa_004.jsp]
[https://service.epost.go.kr/iservice/usr/trace/usrtrc001k01.jsp] 다른 문의사항은 티켓 고객센터[1544-1555] 또는 1:1문의하기로
접수 바라며, 인터파크 티켓을 이용하는 모든 고객 여러분께
편리한 서비스와 다양한 혜택을 제공하도록 더 노력하겠습니다.
감사합니다."
370,INTERPARKTICKET,[인터파크 티켓] 팬클럽 물품 (반송),"고객님, 안녕하세요. 인터파크 티켓을 찾아주셔서 감사합니다. 문의하신 물품 배송에 대한 답변입니다.
예약번호 :
상품명 : 물품을 수령받지 못하여 당사로 다시 반송된 경우,
아래 계좌로 재배송비 6,000원 입금 후 가입자 본인께서
고객센터[1544-1555]로 연락해 주시기 바랍니다.
[하나은행 / ㈜인터파크로지스틱스 835-910006-24804] 인터파크 티켓을 이용하는 모든 고객 여러분께 편리한
서비스와 다양한 혜택을 제공하도록 더 노력하겠습니다.
감사합니다.","고객님, 안녕하세요. 인터파크 티켓을 찾아주셔서 감사합니다. 문의하신 물품 배송에 대한 답변입니다.
예약번호 :
상품명 : 물품을 수령받지 못하여 당사로 다시 반송된 경우,
아래 계좌로 재배송비 6,000원 입금 후 가입자 본인께서
고객센터[1544-1555]로 연락해 주시기 바랍니다.
[하나은행 / ㈜인터파크로지스틱스 835-910006-24804] 인터파크 티켓을 이용하는 모든 고객 여러분께 편리한
서비스와 다양한 혜택을 제공하도록 더 노력하겠습니다.
감사합니다."
371,INTERPARKTICKET,[인터파크 티켓] 팬클럽 물품 (배송정보 변경불가),"고객님, 안녕하세요. 인터파크 티켓을 찾아주셔서 감사합니다. 문의하신 배송 정보 변경에 대한 답변입니다.
예약번호 :
상품명 : 가입하신 팬클럽 상품은 물품 제작 및 배송을 위해 기획사로
모든 정보가 전달 되었기 때문에 안타깝게도 현재는 배송 정보의
변경이 어려운 점 양해해 주시기 바랍니다. 다른 문의사항은 티켓 고객센터[1544-1555] 또는 1:1문의하기로
접수 바라며, 인터파크 티켓을 이용하는 모든 고객 여러분께
편리한 서비스와 다양한 혜택을 제공하도록 더 노력하겠습니다.
감사합니다.","고객님, 안녕하세요. 인터파크 티켓을 찾아주셔서 감사합니다. 문의하신 배송 정보 변경에 대한 답변입니다.
예약번호 :
상품명 : 가입하신 팬클럽 상품은 물품 제작 및 배송을 위해 기획사로
모든 정보가 전달 되었기 때문에 안타깝게도 현재는 배송 정보의
변경이 어려운 점 양해해 주시기 바랍니다. 다른 문의사항은 티켓 고객센터[1544-1555] 또는 1:1문의하기로
접수 바라며, 인터파크 티켓을 이용하는 모든 고객 여러분께
편리한 서비스와 다양한 혜택을 제공하도록 더 노력하겠습니다.
감사합니다."
372,INTERPARKTICKET,[인터파크 티켓] 팬클럽 물품 (경비실 위탁),"고객님, 안녕하세요. 인터파크 티켓을 찾아주셔서 감사합니다. 문의하신 배송에 대한 답변입니다.
예약번호 :
상품명 : 팬클럽 물품은 분실 시 재발송되지 않기 때문에 본인 수령을
기본으로 하고 있습니다. 경비실 위탁은 배송 기사의 재량으로 진행하는 점 이용에
참고해 주시기 바랍니다. 다른 문의사항은 티켓 고객센터[1544-1555] 또는 1:1문의하기로
접수 바라며, 인터파크 티켓을 이용하는 모든 고객 여러분께
편리한 서비스와 다양한 혜택을 제공하도록 더 노력하겠습니다.
감사합니다.","고객님, 안녕하세요. 인터파크 티켓을 찾아주셔서 감사합니다. 문의하신 배송에 대한 답변입니다.
예약번호 :
상품명 : 팬클럽 물품은 분실 시 재발송되지 않기 때문에 본인 수령을
기본으로 하고 있습니다. 경비실 위탁은 배송 기사의 재량으로 진행하는 점 이용에
참고해 주시기 바랍니다. 다른 문의사항은 티켓 고객센터[1544-1555] 또는 1:1문의하기로
접수 바라며, 인터파크 티켓을 이용하는 모든 고객 여러분께
편리한 서비스와 다양한 혜택을 제공하도록 더 노력하겠습니다.
감사합니다."
373,INTERPARKTICKET,[인터파크 티켓] 팬클럽 물품 (훼손 또는 누락),"고객님, 안녕하세요. 인터파크 티켓을 찾아주셔서 감사합니다. 문의하신 물품 훼손에 대한 답변입니다.
예약번호 :
상품명 : 먼저, 이용에 불편을 드린 점 대단히 죄송합니다. 훼손된 물품이 배송되었다면 번거로우시더라도 해당 훼손 물품의
사진을 아래의 이메일로 발송 후 예매자 본인께서 고객센터
[1544-1555]로 연락해 주시기 바랍니다.
[메일주소 : ticket_cs@interparkcs.com] 빠른 도움을 드리지 못해 정말 죄송합니다. 인터파크 티켓을 이용하는 모든 고객 여러분께 편리한
서비스와 다양한 혜택을 제공하도록 더 노력하겠습니다.
감사합니다.","고객님, 안녕하세요. 인터파크 티켓을 찾아주셔서 감사합니다. 문의하신 물품 훼손에 대한 답변입니다.
예약번호 :
상품명 : 먼저, 이용에 불편을 드린 점 대단히 죄송합니다. 훼손된 물품이 배송되었다면 번거로우시더라도 해당 훼손 물품의
사진을 아래의 이메일로 발송 후 예매자 본인께서 고객센터
[1544-1555]로 연락해 주시기 바랍니다.
[메일주소 : ticket_cs@interparkcs.com] 빠른 도움을 드리지 못해 정말 죄송합니다. 인터파크 티켓을 이용하는 모든 고객 여러분께 편리한
서비스와 다양한 혜택을 제공하도록 더 노력하겠습니다.
감사합니다."
374,INTERPARKTICKET,[인터파크 티켓] 팬클럽 이용자 정보 등록 마감,"고객님, 안녕하세요. 인터파크 티켓을 찾아주셔서 감사합니다. 문의하신 이용자 정보 등록에 대한 답변입니다.
예약번호 :
상품명 : 가입하신 팬클럽 상품의 이용자 정보 등록 기간은 종료되었기
때문에 안타깝게도 현재는 추가 등록 어려운 점 양해 바랍니다. 다른 문의사항은 티켓 고객센터[1544-1555] 또는 1:1문의하기로
접수 바라며, 인터파크 티켓을 이용하는 모든 고객 여러분께
편리한 서비스와 다양한 혜택을 제공하도록 더 노력하겠습니다.
감사합니다.","고객님, 안녕하세요. 인터파크 티켓을 찾아주셔서 감사합니다. 문의하신 이용자 정보 등록에 대한 답변입니다.
예약번호 :
상품명 : 가입하신 팬클럽 상품의 이용자 정보 등록 기간은 종료되었기
때문에 안타깝게도 현재는 추가 등록 어려운 점 양해 바랍니다. 다른 문의사항은 티켓 고객센터[1544-1555] 또는 1:1문의하기로
접수 바라며, 인터파크 티켓을 이용하는 모든 고객 여러분께
편리한 서비스와 다양한 혜택을 제공하도록 더 노력하겠습니다.
감사합니다."
375,INTERPARKTICKET,[인터파크 티켓] 미입금 블랙리스트 (기본),"고객님, 안녕하세요. 인터파크 티켓을 찾아주셔서 감사합니다. 문의하신 무통장 입금 예매 제한에 대한 답변입니다. 정당한 사유 없이 최근 1개월 이내에 50매 이상 누적하여
무통장 입금 방식으로 예매 후 미입금 상태에서 예매 취소하신 경우,
향후 3개월 간 인터파크 티켓 전 상품에 대하여 무통장 입금을
이용한 예매가 제한됩니다. 예매 취소에 대한 합리적인 소명서를 아래 이메일 주소로
발송 후 직접 고객센터[1544-1555]로 연락해 주시기 바랍니다.
[메일주소 : ticket_cs@interparkcs.com] 인터파크 티켓을 이용하는 모든 고객 여러분께 편리한
서비스와 다양한 혜택을 제공하도록 더 노력하겠습니다.
감사합니다.","고객님, 안녕하세요. 인터파크 티켓을 찾아주셔서 감사합니다. 문의하신 무통장 입금 예매 제한에 대한 답변입니다. 정당한 사유 없이 최근 1개월 이내에 50매 이상 누적하여
무통장 입금 방식으로 예매 후 미입금 상태에서 예매 취소하신 경우,
향후 3개월 간 인터파크 티켓 전 상품에 대하여 무통장 입금을
이용한 예매가 제한됩니다. 예매 취소에 대한 합리적인 소명서를 아래 이메일 주소로
발송 후 직접 고객센터[1544-1555]로 연락해 주시기 바랍니다.
[메일주소 : ticket_cs@interparkcs.com] 인터파크 티켓을 이용하는 모든 고객 여러분께 편리한
서비스와 다양한 혜택을 제공하도록 더 노력하겠습니다.
감사합니다."
376,INTERPARKTICKET,[인터파크 티켓] 미입금 블랙리스트 (해제 일자 확인),"고객님, 안녕하세요. 인터파크 티켓을 찾아주셔서 감사합니다. 문의하신 무통장 입금 예매 제한에 대한 답변입니다. 정당한 사유 없이 최근 1개월 이내에 50매 이상 누적하여
무통장 입금 방식으로 예매 후 미입금 상태에서 예매 취소하신 경우,
향후 3개월 간 인터파크 티켓 전 상품에 대하여 무통장 입금을
이용한 예매가 제한됩니다. 고객님께서는 0월 0일에 무통장 입금 제한 마지막 업데이트
되었으며, 0월 0일 이후 자동 해제되는 점 참고 바랍니다. 인터파크 티켓을 이용하는 모든 고객 여러분께 편리한
서비스와 다양한 혜택을 제공하도록 더 노력하겠습니다.
감사합니다.","고객님, 안녕하세요. 인터파크 티켓을 찾아주셔서 감사합니다. 문의하신 무통장 입금 예매 제한에 대한 답변입니다. 정당한 사유 없이 최근 1개월 이내에 50매 이상 누적하여
무통장 입금 방식으로 예매 후 미입금 상태에서 예매 취소하신 경우,
향후 3개월 간 인터파크 티켓 전 상품에 대하여 무통장 입금을
이용한 예매가 제한됩니다. 고객님께서는 0월 0일에 무통장 입금 제한 마지막 업데이트
되었으며, 0월 0일 이후 자동 해제되는 점 참고 바랍니다. 인터파크 티켓을 이용하는 모든 고객 여러분께 편리한
서비스와 다양한 혜택을 제공하도록 더 노력하겠습니다.
감사합니다."
377,INTERPARKTICKET,[인터파크 티켓] 미입금 블랙리스트 (소명서 메일발송),"고객님, 안녕하세요. 인터파크 티켓을 찾아주셔서 감사합니다. 문의하신 무통장 입금 예매 제한에 대한 답변입니다. 무통장 입금 제한에 대한 소명서를 이메일로 발송하신 경우에는
번거로우시더라도 고객센터[1544-1555]로 연락하셔서 확인
요청해 주시기 바랍니다. 1:1문의하기로는 소명서 확인 및 답변이 어려운 점 양해 바랍니다. 인터파크 티켓을 이용하는 모든 고객 여러분께 편리한
서비스와 다양한 혜택을 제공하도록 더 노력하겠습니다.
감사합니다.","고객님, 안녕하세요. 인터파크 티켓을 찾아주셔서 감사합니다. 문의하신 무통장 입금 예매 제한에 대한 답변입니다. 무통장 입금 제한에 대한 소명서를 이메일로 발송하신 경우에는
번거로우시더라도 고객센터[1544-1555]로 연락하셔서 확인
요청해 주시기 바랍니다. 1:1문의하기로는 소명서 확인 및 답변이 어려운 점 양해 바랍니다. 인터파크 티켓을 이용하는 모든 고객 여러분께 편리한
서비스와 다양한 혜택을 제공하도록 더 노력하겠습니다.
감사합니다."
378,INTERPARKTICKET,[인터파크 티켓] 어뷰징 블랙리스트 (기본),"고객님, 안녕하세요. 인터파크 티켓을 찾아주셔서 감사합니다. 문의하신 예매 제한에 대한 답변입니다. 고객님께서는 티켓 예매 또는 예매대기 서비스 신청 시 새로고침을
지속적으로 하시거나 비정상적으로 클릭 횟수가 빠르게 진행되어
서버 과부하 발생으로 예매 제한이 된 것으로 확인되고 있습니다. 해당 내용에 대한 합리적인 소명서를 아래 이메일 주소로
발송 후 직접 고객센터[1544-1555]로 연락해 주시기 바랍니다.
[메일주소 : ticket_cs@interparkcs.com] 인터파크 티켓을 이용하는 모든 고객 여러분께 편리한
서비스와 다양한 혜택을 제공하도록 더 노력하겠습니다.
감사합니다.","고객님, 안녕하세요. 인터파크 티켓을 찾아주셔서 감사합니다. 문의하신 예매 제한에 대한 답변입니다. 고객님께서는 티켓 예매 또는 예매대기 서비스 신청 시 새로고침을
지속적으로 하시거나 비정상적으로 클릭 횟수가 빠르게 진행되어
서버 과부하 발생으로 예매 제한이 된 것으로 확인되고 있습니다. 해당 내용에 대한 합리적인 소명서를 아래 이메일 주소로
발송 후 직접 고객센터[1544-1555]로 연락해 주시기 바랍니다.
[메일주소 : ticket_cs@interparkcs.com] 인터파크 티켓을 이용하는 모든 고객 여러분께 편리한
서비스와 다양한 혜택을 제공하도록 더 노력하겠습니다.
감사합니다."
379,INTERPARKTICKET,[인터파크 티켓] 어뷰징 블랙리스트 (해제 후 다시 제한),"고객님, 안녕하세요. 인터파크 티켓을 찾아주셔서 감사합니다. 문의하신 예매 제한에 대한 답변입니다. 고객님께서는 티켓 예매 또는 예매대기 서비스 신청 시 새로고침을
지속적으로 하시거나 비정상적으로 클릭 횟수가 빠르게 진행되어
서버 과부하 발생으로 예매 제한이 된 것으로 확인되고 있습니다. 해당 내용으로 0월 0일 고객센터 상담원과 통화하여 소명서
발송 및 예매 제한 해지 처리된 후 추후 동일한 내용으로 제한 시에는
소명서로 해지 어려운 점에 대해 안내 받으신 것으로 확인되기 때문에
소명서 발송으로 예매 제한 해지가 어려우며, 3개월 동안 제한되는 점
양해해 주시기 바랍니다. 인터파크 티켓을 이용하는 모든 고객 여러분께 편리한
서비스와 다양한 혜택을 제공하도록 더 노력하겠습니다.
감사합니다.","고객님, 안녕하세요. 인터파크 티켓을 찾아주셔서 감사합니다. 문의하신 예매 제한에 대한 답변입니다. 고객님께서는 티켓 예매 또는 예매대기 서비스 신청 시 새로고침을
지속적으로 하시거나 비정상적으로 클릭 횟수가 빠르게 진행되어
서버 과부하 발생으로 예매 제한이 된 것으로 확인되고 있습니다. 해당 내용으로 0월 0일 고객센터 상담원과 통화하여 소명서
발송 및 예매 제한 해지 처리된 후 추후 동일한 내용으로 제한 시에는
소명서로 해지 어려운 점에 대해 안내 받으신 것으로 확인되기 때문에
소명서 발송으로 예매 제한 해지가 어려우며, 3개월 동안 제한되는 점
양해해 주시기 바랍니다. 인터파크 티켓을 이용하는 모든 고객 여러분께 편리한
서비스와 다양한 혜택을 제공하도록 더 노력하겠습니다.
감사합니다."
380,INTERPARKTICKET,[인터파크 티켓] 어뷰징 블랙리스트 (소명 내용 기재),"고객님, 안녕하세요. 인터파크 티켓을 찾아주셔서 감사합니다. 문의하신 예매 제한에 대한 답변입니다. 고객님께서 보내주신 소명 내용은 담당 부서로 전달하였으며,
순차적 검토 후 결과에 대해서는 문자메시지로 안내될 예정입니다.
[접수된 후 1~2주 정도 기간 소요될 수 있는 점 시간 양해 바랍니다.] 결과에 대한 세부적인 사항 확인을 원하신다면 고객센터
[1544-1555]로 직접 연락해 주시기 바랍니다. 또한, 제한 해제된 이후 다시 예매 제한되는 경우 추후 이용에
제한이 있을 수 있는 점 참고해 주시기 바랍니다. 다른 문의사항은 티켓 고객센터[1544-1555] 또는 1:1문의하기로
접수 바라며, 인터파크 티켓을 이용하는 모든 고객 여러분께
편리한 서비스와 다양한 혜택을 제공하도록 더 노력하겠습니다.
감사합니다.","고객님, 안녕하세요. 인터파크 티켓을 찾아주셔서 감사합니다. 문의하신 예매 제한에 대한 답변입니다. 고객님께서 보내주신 소명 내용은 담당 부서로 전달하였으며,
순차적 검토 후 결과에 대해서는 문자메시지로 안내될 예정입니다.
[접수된 후 1~2주 정도 기간 소요될 수 있는 점 시간 양해 바랍니다.] 결과에 대한 세부적인 사항 확인을 원하신다면 고객센터
[1544-1555]로 직접 연락해 주시기 바랍니다. 또한, 제한 해제된 이후 다시 예매 제한되는 경우 추후 이용에
제한이 있을 수 있는 점 참고해 주시기 바랍니다. 다른 문의사항은 티켓 고객센터[1544-1555] 또는 1:1문의하기로
접수 바라며, 인터파크 티켓을 이용하는 모든 고객 여러분께
편리한 서비스와 다양한 혜택을 제공하도록 더 노력하겠습니다.
감사합니다."
381,INTERPARKTICKET,[인터파크 티켓] 예매내역확인 (아이디에 내역 없음),"고객님, 안녕하세요. 인터파크 티켓을 찾아주셔서 감사합니다. 문의하신 예매 내역 확인에 대한 답변입니다. 고객님의 아이디[ ]로는 예매 내역이 확인되지 않습니다. 예매 진행하신 아이디를 다시 한번 확인해 주시기 바랍니다. 아이디 확인이 어렵다면 예매자 본인께서 고객센터[1544-1555]로
연락해 주시기 바랍니다. 인터파크 티켓을 이용하는 모든 고객 여러분께 편리한
서비스와 다양한 혜택을 제공하도록 더 노력하겠습니다.
감사합니다.","고객님, 안녕하세요. 인터파크 티켓을 찾아주셔서 감사합니다. 문의하신 예매 내역 확인에 대한 답변입니다. 고객님의 아이디[ ]로는 예매 내역이 확인되지 않습니다. 예매 진행하신 아이디를 다시 한번 확인해 주시기 바랍니다. 아이디 확인이 어렵다면 예매자 본인께서 고객센터[1544-1555]로
연락해 주시기 바랍니다. 인터파크 티켓을 이용하는 모든 고객 여러분께 편리한
서비스와 다양한 혜택을 제공하도록 더 노력하겠습니다.
감사합니다."
382,INTERPARKTICKET,[인터파크 티켓] 예매내역확인 (탈퇴한 아이디),"고객님, 안녕하세요. 인터파크 티켓을 찾아주셔서 감사합니다. 문의하신 내용에 대한 답변입니다. 고객님의 아이디[ ]로는 예매 내역이 확인되지 않습니다. 1:1문의하기는 고객님의 아이디로 예매된 내역에 대한 안내가
가능하며, 이미 탈퇴하신 아이디의 내역과 관련된 사항은
번거로우시더라도 고객센터[1544-1555]로 문의해 주시기 바랍니다. 빠른 도움을 드리지 못해 정말 죄송합니다. 인터파크 티켓을 이용하는 모든 고객 여러분께 편리한
서비스와 다양한 혜택을 제공하도록 더 노력하겠습니다.
감사합니다.","고객님, 안녕하세요. 인터파크 티켓을 찾아주셔서 감사합니다. 문의하신 내용에 대한 답변입니다. 고객님의 아이디[ ]로는 예매 내역이 확인되지 않습니다. 1:1문의하기는 고객님의 아이디로 예매된 내역에 대한 안내가
가능하며, 이미 탈퇴하신 아이디의 내역과 관련된 사항은
번거로우시더라도 고객센터[1544-1555]로 문의해 주시기 바랍니다. 빠른 도움을 드리지 못해 정말 죄송합니다. 인터파크 티켓을 이용하는 모든 고객 여러분께 편리한
서비스와 다양한 혜택을 제공하도록 더 노력하겠습니다.
감사합니다."
383,INTERPARKTICKET,[인터파크 티켓] 결제 완료하지 않아 좌석 비활성화,"고객님, 안녕하세요. 인터파크 티켓을 찾아주셔서 감사합니다. 문의하신 티켓 예매에 대한 답변입니다. 예매가 정상적으로 완료되지 않은 경우, 선택하신 좌석은
5분 ~ 10분 정도 비활성화됩니다. 일정 시간 이후 다시 예매를 진행하셔야 하는 점 양해해 주시기 바랍니다. 참고로, 고객님과 동일한 시간에 동일한 좌석을 선택하셔서
먼저 결제 단계를 완료하신 다른 고객님이 계시다면 좌석은
업데이트 되지 않습니다. 다른 문의사항은 티켓 고객센터[1544-1555] 또는 1:1문의하기로
접수 바라며, 인터파크 티켓을 이용하는 모든 고객 여러분께
편리한 서비스와 다양한 혜택을 제공하도록 더 노력하겠습니다.
감사합니다.","고객님, 안녕하세요. 인터파크 티켓을 찾아주셔서 감사합니다. 문의하신 티켓 예매에 대한 답변입니다. 예매가 정상적으로 완료되지 않은 경우, 선택하신 좌석은
5분 ~ 10분 정도 비활성화됩니다. 일정 시간 이후 다시 예매를 진행하셔야 하는 점 양해해 주시기 바랍니다. 참고로, 고객님과 동일한 시간에 동일한 좌석을 선택하셔서
먼저 결제 단계를 완료하신 다른 고객님이 계시다면 좌석은
업데이트 되지 않습니다. 다른 문의사항은 티켓 고객센터[1544-1555] 또는 1:1문의하기로
접수 바라며, 인터파크 티켓을 이용하는 모든 고객 여러분께
편리한 서비스와 다양한 혜택을 제공하도록 더 노력하겠습니다.
감사합니다."
384,INTERPARKTICKET,[인터파크 티켓] 분할 결제,"고객님, 안녕하세요. 인터파크 티켓을 찾아주셔서 감사합니다. 문의하신 결제에 대한 답변입니다. 당사는 예매 건 별로 하나의 결제 수단만 이용할 수 있습니다. 두 개 이상의 카드로 분할하여 결제는 어려운 점 양해 바랍니다. 다른 문의사항은 티켓 고객센터[1544-1555] 또는 1:1문의하기로
접수 바라며, 인터파크 티켓을 이용하는 모든 고객 여러분께
편리한 서비스와 다양한 혜택을 제공하도록 더 노력하겠습니다.
감사합니다.","고객님, 안녕하세요. 인터파크 티켓을 찾아주셔서 감사합니다. 문의하신 결제에 대한 답변입니다. 당사는 예매 건 별로 하나의 결제 수단만 이용할 수 있습니다. 두 개 이상의 카드로 분할하여 결제는 어려운 점 양해 바랍니다. 다른 문의사항은 티켓 고객센터[1544-1555] 또는 1:1문의하기로
접수 바라며, 인터파크 티켓을 이용하는 모든 고객 여러분께
편리한 서비스와 다양한 혜택을 제공하도록 더 노력하겠습니다.
감사합니다."
385,INTERPARKTICKET,[인터파크 티켓] 휴대폰 소액결제,"고객님, 안녕하세요. 인터파크 티켓을 찾아주셔서 감사합니다. 문의하신 휴대폰 결제에 대한 답변입니다. 휴대폰 결제는 통신사 정산 방식에 따라 당월[ 0월 ] 공연에
한해 이용 가능합니다. 0월 공연은 현재 휴대폰 결제를 이용할 수 없는 점 양해해
주시기 바랍니다. 다른 문의사항은 티켓 고객센터[1544-1555] 또는 1:1문의하기로
접수 바라며, 인터파크 티켓을 이용하는 모든 고객 여러분께
편리한 서비스와 다양한 혜택을 제공하도록 더 노력하겠습니다.
감사합니다.","고객님, 안녕하세요. 인터파크 티켓을 찾아주셔서 감사합니다. 문의하신 휴대폰 결제에 대한 답변입니다. 휴대폰 결제는 통신사 정산 방식에 따라 당월[ 0월 ] 공연에
한해 이용 가능합니다. 0월 공연은 현재 휴대폰 결제를 이용할 수 없는 점 양해해
주시기 바랍니다. 다른 문의사항은 티켓 고객센터[1544-1555] 또는 1:1문의하기로
접수 바라며, 인터파크 티켓을 이용하는 모든 고객 여러분께
편리한 서비스와 다양한 혜택을 제공하도록 더 노력하겠습니다.
감사합니다."
386,INTERPARKTICKET,[인터파크 티켓] 아이포인트 결제,"고객님, 안녕하세요. 인터파크 티켓을 찾아주셔서 감사합니다. 문의하신 아이포인트에 대한 답변입니다. 티켓 예매 시 아이포인트를 사용할 수 있습니다. 다만, 대형 공연 및 스포츠 경기 오픈 시에는 원활한 이용을 위해
전체 공연에 대해 일시적으로 아이포인트 결제가 제한될 수 있는 점
양해해 주시기 바랍니다. 기획사의 요청이 있을 경우에도 결제 수단은 제한될 수 있는 점
이용에 참고해 주시기 바랍니다. 다른 문의사항은 티켓 고객센터[1544-1555] 또는 1:1문의하기로
접수 바라며, 인터파크 티켓을 이용하는 모든 고객 여러분께
편리한 서비스와 다양한 혜택을 제공하도록 더 노력하겠습니다.
감사합니다.","고객님, 안녕하세요. 인터파크 티켓을 찾아주셔서 감사합니다. 문의하신 아이포인트에 대한 답변입니다. 티켓 예매 시 아이포인트를 사용할 수 있습니다. 다만, 대형 공연 및 스포츠 경기 오픈 시에는 원활한 이용을 위해
전체 공연에 대해 일시적으로 아이포인트 결제가 제한될 수 있는 점
양해해 주시기 바랍니다. 기획사의 요청이 있을 경우에도 결제 수단은 제한될 수 있는 점
이용에 참고해 주시기 바랍니다. 다른 문의사항은 티켓 고객센터[1544-1555] 또는 1:1문의하기로
접수 바라며, 인터파크 티켓을 이용하는 모든 고객 여러분께
편리한 서비스와 다양한 혜택을 제공하도록 더 노력하겠습니다.
감사합니다."
387,INTERPARKTICKET,[인터파크 티켓] 욕설 또는 반말,"고객님, 안녕하세요. 인터파크 티켓을 찾아주셔서 감사합니다. 문의하신 내용에 대한 답변입니다. 2018년 10월 18일부터 [산업안전보건법]의 고객 응대 근로자
보호조치가 시행됩니다. 상담원의 인권보호를 위해 욕설 또는 반말을 자제해 주시기 바라며,
이는 정보통신망 이용촉진 및 정보보호 등에 관한 법률에 의거 공포.
불안유발 죄 등 법적 조치가 가능 할 수 있습니다. 정중한 표현으로 다시 문의해 주시기 바랍니다. 인터파크 티켓을 이용하는 모든 고객 여러분께 편리한
서비스와 다양한 혜택을 제공하도록 더 노력하겠습니다.
감사합니다.","고객님, 안녕하세요. 인터파크 티켓을 찾아주셔서 감사합니다. 문의하신 내용에 대한 답변입니다. 2018년 10월 18일부터 [산업안전보건법]의 고객 응대 근로자
보호조치가 시행됩니다. 상담원의 인권보호를 위해 욕설 또는 반말을 자제해 주시기 바라며,
이는 정보통신망 이용촉진 및 정보보호 등에 관한 법률에 의거 공포.
불안유발 죄 등 법적 조치가 가능 할 수 있습니다. 정중한 표현으로 다시 문의해 주시기 바랍니다. 인터파크 티켓을 이용하는 모든 고객 여러분께 편리한
서비스와 다양한 혜택을 제공하도록 더 노력하겠습니다.
감사합니다."
388,INTERPARKTICKET,[인터파크 티켓] 비밀번호 찾기,"고객님, 안녕하세요. 인터파크 티켓을 찾아주셔서 감사합니다. 문의하신 비밀번호 찾기에 대한 답변입니다. 비밀번호는 홈페이지의 [로그인 > 비밀번호 찾기]에서
직접 찾기가 가능하며, 홈페이지에서 찾기가 어려우신 경우
고객센터[1544-1555]로 연락해 주시기 바랍니다. 인터파크 티켓을 이용하는 모든 고객 여러분께 편리한
서비스와 다양한 혜택을 제공하도록 더 노력하겠습니다.
감사합니다.","고객님, 안녕하세요. 인터파크 티켓을 찾아주셔서 감사합니다. 문의하신 비밀번호 찾기에 대한 답변입니다. 비밀번호는 홈페이지의 [로그인 > 비밀번호 찾기]에서
직접 찾기가 가능하며, 홈페이지에서 찾기가 어려우신 경우
고객센터[1544-1555]로 연락해 주시기 바랍니다. 인터파크 티켓을 이용하는 모든 고객 여러분께 편리한
서비스와 다양한 혜택을 제공하도록 더 노력하겠습니다.
감사합니다."
389,INTERPARKTICKET,[인터파크 티켓] 대형공연 오픈 (기본),"고객님, 안녕하세요. 인터파크 티켓을 찾아주셔서 감사합니다. 문의하신 티켓 예매에 대한 답변입니다. 먼저, 이용에 불편을 드린 점 정말 죄송합니다. 다만, 한꺼번에 많은 고객님들께서 동시에 접속하여 예매가 진행되면,
서버가 원활하게 운영되지 않을 수 있습니다. 이러한 경우, 말씀하신 현상 발생할 수 있으며 지속적으로 예매를
시도하셔야 함을 양해해 주시기 바랍니다. 추후에는 좀 더 원활하게 예매 진행이 될 수 있도록 노력하겠습니다. 인터파크 티켓을 이용하는 모든 고객 여러분께 편리한
서비스와 다양한 혜택을 제공하도록 더 노력하겠습니다.
감사합니다.","고객님, 안녕하세요. 인터파크 티켓을 찾아주셔서 감사합니다. 문의하신 티켓 예매에 대한 답변입니다. 먼저, 이용에 불편을 드린 점 정말 죄송합니다. 다만, 한꺼번에 많은 고객님들께서 동시에 접속하여 예매가 진행되면,
서버가 원활하게 운영되지 않을 수 있습니다. 이러한 경우, 말씀하신 현상 발생할 수 있으며 지속적으로 예매를
시도하셔야 함을 양해해 주시기 바랍니다. 추후에는 좀 더 원활하게 예매 진행이 될 수 있도록 노력하겠습니다. 인터파크 티켓을 이용하는 모든 고객 여러분께 편리한
서비스와 다양한 혜택을 제공하도록 더 노력하겠습니다.
감사합니다."
390,INTERPARKTICKET,[인터파크 티켓] 대형공연 오픈 (고객 하소연),"고객님, 안녕하세요. 인터파크 티켓을 찾아주셔서 감사합니다. 문의하신 티켓 예매에 대한 답변입니다. 먼저, 이용에 불편을 드린 점 정말 죄송합니다. 당사는 티켓 예매에 동시 접속이 몰릴 것을 대비하여, 평상시보다
좀 더 원활한 서비스를 제공해 드리고자, 사전에 시스템 점검에
만전을 기하였으며, 오픈 당시에도 지속적으로 시스템 상황을
체크하였습니다. 다만, 고객님께서도 느끼셨던 바와 같이, 동시 접속자 수가 많아
서버가 원활하게 운영되지 않고, 예매 상황이 치열하다 보니
예매가 어려웠으리라 봅니다. 추후에는 좀 더 원활하게 예매 진행이 될 수 있도록 노력하겠습니다. 인터파크 티켓을 이용하는 모든 고객 여러분께 편리한
서비스와 다양한 혜택을 제공하도록 더 노력하겠습니다.
감사합니다.","고객님, 안녕하세요. 인터파크 티켓을 찾아주셔서 감사합니다. 문의하신 티켓 예매에 대한 답변입니다. 먼저, 이용에 불편을 드린 점 정말 죄송합니다. 당사는 티켓 예매에 동시 접속이 몰릴 것을 대비하여, 평상시보다
좀 더 원활한 서비스를 제공해 드리고자, 사전에 시스템 점검에
만전을 기하였으며, 오픈 당시에도 지속적으로 시스템 상황을
체크하였습니다. 다만, 고객님께서도 느끼셨던 바와 같이, 동시 접속자 수가 많아
서버가 원활하게 운영되지 않고, 예매 상황이 치열하다 보니
예매가 어려웠으리라 봅니다. 추후에는 좀 더 원활하게 예매 진행이 될 수 있도록 노력하겠습니다. 인터파크 티켓을 이용하는 모든 고객 여러분께 편리한
서비스와 다양한 혜택을 제공하도록 더 노력하겠습니다.
감사합니다."
391,INTERPARKTICKET,[인터파크 티켓] 대형공연 오픈 (좌석 숫자만 보임),"고객님, 안녕하세요. 인터파크 티켓을 찾아주셔서 감사합니다. 문의하신 티켓 예매에 대한 답변입니다. 티켓 오픈 시 한꺼번에 많은 고객님들께서 동시에 접속하여
서버가 원활하지 않은 상태에서 예매가 진행됩니다. 예매 시 숫자로 잔여석은 보이나 실질적으로 선택하실 수 있는
좌석이 없는 경우는 이미 다른 고객님들께서 좌석을 선택하셔서
결제를 진행하고 계시기 때문인 점 양해해 주시기 바랍니다. 고객님께서도 느끼셨던 바와 같이, 동시 접속자 수가 상당하여,
급속도로 빠른 시간내에 예매가 진행되어, 예매 상황이 치열하다 보니
예매가 어려웠으리라 봅니다. 추후에는 좀 더 원활하게 예매 진행이 될 수 있도록 노력하겠습니다. 인터파크 티켓을 이용하는 모든 고객 여러분께 편리한
서비스와 다양한 혜택을 제공하도록 더 노력하겠습니다.
감사합니다.","고객님, 안녕하세요. 인터파크 티켓을 찾아주셔서 감사합니다. 문의하신 티켓 예매에 대한 답변입니다. 티켓 오픈 시 한꺼번에 많은 고객님들께서 동시에 접속하여
서버가 원활하지 않은 상태에서 예매가 진행됩니다. 예매 시 숫자로 잔여석은 보이나 실질적으로 선택하실 수 있는
좌석이 없는 경우는 이미 다른 고객님들께서 좌석을 선택하셔서
결제를 진행하고 계시기 때문인 점 양해해 주시기 바랍니다. 고객님께서도 느끼셨던 바와 같이, 동시 접속자 수가 상당하여,
급속도로 빠른 시간내에 예매가 진행되어, 예매 상황이 치열하다 보니
예매가 어려웠으리라 봅니다. 추후에는 좀 더 원활하게 예매 진행이 될 수 있도록 노력하겠습니다. 인터파크 티켓을 이용하는 모든 고객 여러분께 편리한
서비스와 다양한 혜택을 제공하도록 더 노력하겠습니다.
감사합니다."
392,INTERPARKTICKET,[인터파크 티켓] 대형공연 오픈 (좌석 동시 선택),"고객님, 안녕하세요. 인터파크 티켓을 찾아주셔서 감사합니다. 문의하신 티켓 예매에 대한 답변입니다. 티켓 오픈 시 한꺼번에 많은 고객님들께서 동시에 접속하여
서버가 원활하지 않은 상태에서 예매가 진행됩니다. 그러하기에 선택하신 좌석이 동시에 다른 고객님으로 인해
선점될 수 있습니다. 그 경우 먼저 결제 단계를 완료하신 예매자에게 좌석 확보되는 점
양해해 주시기 바랍니다. 참고로, 동시에 선택이 진행되지 않았더라도 좌석 선택 완료 이후 3분이내
결제가 이루어지지 않을 시 해당 좌석 선점 기회를 잃게됩니다. 추후에는 좀 더 원활하게 예매 진행이 될 수 있도록 노력하겠습니다. 인터파크 티켓을 이용하는 모든 고객 여러분께 편리한
서비스와 다양한 혜택을 제공하도록 더 노력하겠습니다.
감사합니다.","고객님, 안녕하세요. 인터파크 티켓을 찾아주셔서 감사합니다. 문의하신 티켓 예매에 대한 답변입니다. 티켓 오픈 시 한꺼번에 많은 고객님들께서 동시에 접속하여
서버가 원활하지 않은 상태에서 예매가 진행됩니다. 그러하기에 선택하신 좌석이 동시에 다른 고객님으로 인해
선점될 수 있습니다. 그 경우 먼저 결제 단계를 완료하신 예매자에게 좌석 확보되는 점
양해해 주시기 바랍니다. 참고로, 동시에 선택이 진행되지 않았더라도 좌석 선택 완료 이후 3분이내
결제가 이루어지지 않을 시 해당 좌석 선점 기회를 잃게됩니다. 추후에는 좀 더 원활하게 예매 진행이 될 수 있도록 노력하겠습니다. 인터파크 티켓을 이용하는 모든 고객 여러분께 편리한
서비스와 다양한 혜택을 제공하도록 더 노력하겠습니다.
감사합니다."
393,INTERPARKTOUR,[투어 공통] 예약번호 확인 안될 시,"안녕하세요. ㅇㅇ관련 문의주셨습니다. 예약 후 문의주시는 경우 보다 정확한 안내를 위하여 문의주시는 예약 건의 예약번호가 필요합니다. 현재 고객님께서 문의주신 내용에 예약 정보가 포함되지 않아 자세한 확인이 어렵습니다. 번거로우시더라도 예약 후 예약 건 관련 문의주시는 경우, 1:1 문의 페이지에서 예약건을 선택하여 문의 부탁드립니다. 감사합니다.","안녕하세요. ㅇㅇ관련 문의주셨습니다. 예약 후 문의주시는 경우 보다 정확한 안내를 위하여 문의주시는 예약 건의 예약번호가 필요합니다. 현재 고객님께서 문의주신 내용에 예약 정보가 포함되지 않아 자세한 확인이 어렵습니다. 번거로우시더라도 예약 후 예약 건 관련 문의주시는 경우, 1:1 문의 페이지에서 예약건을 선택하여 문의 부탁드립니다. 감사합니다."
394,INTERPARKTICKET,[인터파크 티켓] 취소 (카드티켓 배송 전 - 신용카드),"고객님, 안녕하세요. 인터파크 티켓을 찾아주셔서 감사합니다. 문의하신 예매 취소에 대한 답변입니다.
예약번호 :
공연제목 :
공연일시 : 예매하신 공연은 디지털 카드 티켓 제작으로 인해 홈페이지에서
취소 어려우며, 당사에서 티켓 회수하여 취소할 예정입니다. 다만, 수수료는 접수하신 0월 0일 기준으로 진행되나 취소는
바로 진행되지 않고 일괄 발송일인 0월 0일 이후에 순차적으로
진행될 예정인 점 양해해 주시기 바랍니다.
[취소는 반드시 예매자 본인께서 직접 고객센터로 연락하셔야 하나,
현재 통화가 원활하지 않아 이번 건에 한해서만 1:1문의로 접수됩니다.] 참고로, 일괄 발송이 시작되었다는 알림을 받으실 수 있으나,
이미 취소 접수하셨기 때문에 실 배송은 진행되지 않을 예정이니
안심하셔도 됩니다.

예매수수료 0,000원과 취소수수료 0,000원 제외하고 환불되며,
취소 문자 수신 후 카드 회사의 특성상 취소 요청 후 주말, 공휴일 제외
3~5일 정도 지난 후 승인 취소가 완료됩니다.

참고로, 공연 3일 전까지 취소 알림을 받지 못하셨을 경우에는
반드시 고객센터[1544-1555]로 연락해 주시기 바랍니다. 인터파크 티켓을 이용하는 모든 고객 여러분께 편리한
서비스와 다양한 혜택을 제공하도록 더 노력하겠습니다.
감사합니다.","고객님, 안녕하세요. 인터파크 티켓을 찾아주셔서 감사합니다. 문의하신 예매 취소에 대한 답변입니다.
예약번호 :
공연제목 :
공연일시 : 예매하신 공연은 디지털 카드 티켓 제작으로 인해 홈페이지에서
취소 어려우며, 당사에서 티켓 회수하여 취소할 예정입니다. 다만, 수수료는 접수하신 0월 0일 기준으로 진행되나 취소는
바로 진행되지 않고 일괄 발송일인 0월 0일 이후에 순차적으로
진행될 예정인 점 양해해 주시기 바랍니다.
[취소는 반드시 예매자 본인께서 직접 고객센터로 연락하셔야 하나,
현재 통화가 원활하지 않아 이번 건에 한해서만 1:1문의로 접수됩니다.] 참고로, 일괄 발송이 시작되었다는 알림을 받으실 수 있으나,
이미 취소 접수하셨기 때문에 실 배송은 진행되지 않을 예정이니
안심하셔도 됩니다.

예매수수료 0,000원과 취소수수료 0,000원 제외하고 환불되며,
취소 문자 수신 후 카드 회사의 특성상 취소 요청 후 주말, 공휴일 제외
3~5일 정도 지난 후 승인 취소가 완료됩니다.

참고로, 공연 3일 전까지 취소 알림을 받지 못하셨을 경우에는
반드시 고객센터[1544-1555]로 연락해 주시기 바랍니다. 인터파크 티켓을 이용하는 모든 고객 여러분께 편리한
서비스와 다양한 혜택을 제공하도록 더 노력하겠습니다.
감사합니다."
395,INTERPARKTICKET,[인터파크 티켓] 취소 (카드티켓 배송 전 - 무통장),"고객님, 안녕하세요. 인터파크 티켓을 찾아주셔서 감사합니다. 문의하신 예매 취소에 대한 답변입니다.
예약번호 :
공연제목 :
공연일시 : 예매하신 공연은 디지털 카드 티켓 제작으로 인해 홈페이지에서
취소 어려우며, 당사에서 티켓 회수하여 취소할 예정입니다. 다만, 수수료는 접수하신 0월 0일 기준으로 진행되나 취소는
바로 진행되지 않고 일괄 발송일인 0월 0일 이후에 순차적으로
진행될 예정인 점 양해해 주시기 바랍니다.
[취소는 반드시 예매자 본인께서 직접 고객센터로 연락하셔야 하나,
현재 통화가 원활하지 않아 이번 건에 한해서만 1:1문의로 접수됩니다.] 참고로, 일괄 발송이 시작되었다는 알림을 받으실 수 있으나,
이미 취소 접수하셨기 때문에 실 배송은 진행되지 않을 예정이니
안심하셔도 됩니다. 예매수수료 0,000원과 취소수수료 0,000원 제외하고 환불되며,
취소 문자 수신 후 홈페이지의 [마이페이지 >상세 > 환불계좌접수]에서
계좌 접수하시면 환불은 주말, 공휴일 제외 2~3일 소요됩니다. 참고로, 공연 3일 전까지 취소 알림을 받지 못하셨을 경우에는
반드시 고객센터[1544-1555]로 연락해 주시기 바랍니다. 인터파크 티켓을 이용하는 모든 고객 여러분께 편리한
서비스와 다양한 혜택을 제공하도록 더 노력하겠습니다.
감사합니다.","고객님, 안녕하세요. 인터파크 티켓을 찾아주셔서 감사합니다. 문의하신 예매 취소에 대한 답변입니다.
예약번호 :
공연제목 :
공연일시 : 예매하신 공연은 디지털 카드 티켓 제작으로 인해 홈페이지에서
취소 어려우며, 당사에서 티켓 회수하여 취소할 예정입니다. 다만, 수수료는 접수하신 0월 0일 기준으로 진행되나 취소는
바로 진행되지 않고 일괄 발송일인 0월 0일 이후에 순차적으로
진행될 예정인 점 양해해 주시기 바랍니다.
[취소는 반드시 예매자 본인께서 직접 고객센터로 연락하셔야 하나,
현재 통화가 원활하지 않아 이번 건에 한해서만 1:1문의로 접수됩니다.] 참고로, 일괄 발송이 시작되었다는 알림을 받으실 수 있으나,
이미 취소 접수하셨기 때문에 실 배송은 진행되지 않을 예정이니
안심하셔도 됩니다. 예매수수료 0,000원과 취소수수료 0,000원 제외하고 환불되며,
취소 문자 수신 후 홈페이지의 [마이페이지 >상세 > 환불계좌접수]에서
계좌 접수하시면 환불은 주말, 공휴일 제외 2~3일 소요됩니다. 참고로, 공연 3일 전까지 취소 알림을 받지 못하셨을 경우에는
반드시 고객센터[1544-1555]로 연락해 주시기 바랍니다. 인터파크 티켓을 이용하는 모든 고객 여러분께 편리한
서비스와 다양한 혜택을 제공하도록 더 노력하겠습니다.
감사합니다."
561,INTERPARKTOUR,[투어 공통] 항공문의 인입 시,"안녕하세요.

ㅇㅇ 관련 문의주셨습니다.

고객님 문의 내용 확인 시 인터파크 투어 항공 상품 관련 문의주신것으로 확인됩니다.

현재 문의주신곳은 인터파크 투어 해외/국내숙소/TNA 단독 상품 판매 채널로 안타깝게도 항공 상품 관련 확인이 어렵습니다.

항공 관련 문의를 원하실 경우 번거로우시더라도 1:1 문의 시 '문의유형'을 [항공]으로 선택하여 문의 부탁드립니다.

감사합니다.","안녕하세요.

ㅇㅇ 관련 문의주셨습니다.

고객님 문의 내용 확인 시 인터파크 투어 항공 상품 관련 문의주신것으로 확인됩니다.

현재 문의주신곳은 인터파크 투어 해외/국내숙소/TNA 단독 상품 판매 채널로 안타깝게도 항공 상품 관련 확인이 어렵습니다.

항공 관련 문의를 원하실 경우 번거로우시더라도 1:1 문의 시 '문의유형'을 [항공]으로 선택하여 문의 부탁드립니다.

감사합니다."
562,INTERPARKTICKET,[인터파크 티켓] 1인 1대기열 (기본),"고객님, 안녕하세요. 인터파크 티켓을 찾아주셔서 감사합니다. 문의하신 티켓 예매에 대한 답변입니다. 인터파크 티켓 서비스는 매크로 또는 봇을 이용한 예매를 최대한
차단하고 있으나 지속적으로 변형하여 시도가 되고 있으며,
대기열이 하나의 계정으로 중복 생성되는 경우 부정 이용자들의
예매가 훨씬 용이한 것으로 확인하였습니다. 대기열 정책 변경 시 이러한 부정적인 접근을 차단할 수 있으며,
여러 회차를 동시에 예매하기는 어렵지만 더욱 더 많은 이용자들이
다양하고 공정한 기회를 부여받을 수 있습니다. 그럼에도 불구하고 완전히 부정적인 접근을 차단했다고 할 순 없으나,
지속적으로 변형되는 매크로와 봇을 이용한 부정 예매를 차단하기 위해
개선하고 노력하고 있는 점 양해해 주시기 바랍니다. 앞으로도 많은 관심 부탁 드리며, 개선할 점이나 제안사항이
있다면 언제든지 문의해 주시길 바랍니다. 감사합니다.","고객님, 안녕하세요. 인터파크 티켓을 찾아주셔서 감사합니다. 문의하신 티켓 예매에 대한 답변입니다. 인터파크 티켓 서비스는 매크로 또는 봇을 이용한 예매를 최대한
차단하고 있으나 지속적으로 변형하여 시도가 되고 있으며,
대기열이 하나의 계정으로 중복 생성되는 경우 부정 이용자들의
예매가 훨씬 용이한 것으로 확인하였습니다. 대기열 정책 변경 시 이러한 부정적인 접근을 차단할 수 있으며,
여러 회차를 동시에 예매하기는 어렵지만 더욱 더 많은 이용자들이
다양하고 공정한 기회를 부여받을 수 있습니다. 그럼에도 불구하고 완전히 부정적인 접근을 차단했다고 할 순 없으나,
지속적으로 변형되는 매크로와 봇을 이용한 부정 예매를 차단하기 위해
개선하고 노력하고 있는 점 양해해 주시기 바랍니다. 앞으로도 많은 관심 부탁 드리며, 개선할 점이나 제안사항이
있다면 언제든지 문의해 주시길 바랍니다. 감사합니다."
563,INTERPARKTICKET,[인터파크 티켓] 1인 1대기열 (고객이 여러 디바이스 가능한지 질문만 했을 경우),"고객님, 안녕하세요. 인터파크 티켓을 찾아주셔서 감사합니다. 문의하신 티켓 예매에 대한 답변입니다. 티켓 예매 시 하나의 계정으로 하나의 대기열만 생성하실 수 있습니다. 그러하기에 동일 계정으로 다른 디바이스 및 브라우저에서 대기열을
생성하실 경우 처음 생성된 대기열과 새로 생성된 대기열 중 하나를
선택하셔야 하는 점 양해 바랍니다. 대기열 정책 변경으로 인해 여러 회차를 동시에 예매하는 것은 어려우나,
중복 대기열을 제거하여 훨씬 더 많은 사용자 분들께 다양한 예매 기회를
제공하여 더 좋은 예매 환경을 구축할 수 있습니다. 앞으로도 많은 관심 부탁 드리며, 개선할 점이나 제안사항이
있다면 언제든지 문의해 주시길 바랍니다. 감사합니다.","고객님, 안녕하세요. 인터파크 티켓을 찾아주셔서 감사합니다. 문의하신 티켓 예매에 대한 답변입니다. 티켓 예매 시 하나의 계정으로 하나의 대기열만 생성하실 수 있습니다. 그러하기에 동일 계정으로 다른 디바이스 및 브라우저에서 대기열을
생성하실 경우 처음 생성된 대기열과 새로 생성된 대기열 중 하나를
선택하셔야 하는 점 양해 바랍니다. 대기열 정책 변경으로 인해 여러 회차를 동시에 예매하는 것은 어려우나,
중복 대기열을 제거하여 훨씬 더 많은 사용자 분들께 다양한 예매 기회를
제공하여 더 좋은 예매 환경을 구축할 수 있습니다. 앞으로도 많은 관심 부탁 드리며, 개선할 점이나 제안사항이
있다면 언제든지 문의해 주시길 바랍니다. 감사합니다."
566,INTERPARKTICKET,[인터파크 투어] 항공권 문의,"고객님, 안녕하세요. 인터파크 투어입니다. 문의해 주셔서 감사합니다. 현재 문의하신 유형은 회원 정보에 관련된 상담만 해당되는
[회원/공통/기타] 유형입니다. 더욱 정확한 답변을 드리기 위해, 번거로우시더라도 항공권과 관련된 사항은
아래의 경로로 다시 한번 문의해 주시면 감사하겠습니다. 참고로, 예매하신 내역이 있으신 경우 예약번호를 함께 알려주시면
더 빠르게 처리해 드릴 수 있습니다.

- 전화 : 1588-3443 > 1.항공 > 1.국제선 2.국내선 불편을 드려 죄송합니다.
더욱 편리하게 이용하실 수 있도록 항상 노력하겠습니다. 감사합니다.","고객님, 안녕하세요. 인터파크 투어입니다. 문의해 주셔서 감사합니다. 현재 문의하신 유형은 회원 정보에 관련된 상담만 해당되는
[회원/공통/기타] 유형입니다. 더욱 정확한 답변을 드리기 위해, 번거로우시더라도 항공권과 관련된 사항은
아래의 경로로 다시 한번 문의해 주시면 감사하겠습니다. 참고로, 예매하신 내역이 있으신 경우 예약번호를 함께 알려주시면
더 빠르게 처리해 드릴 수 있습니다.

- 전화 : 1588-3443 > 1.항공 > 1.국제선 2.국내선 불편을 드려 죄송합니다.
더욱 편리하게 이용하실 수 있도록 항상 노력하겠습니다. 감사합니다."
567,INTERPARKTICKET,[인터파크 투어] 투어 또는 패키지 문의,"고객님, 안녕하세요. 인터파크 투어입니다. 문의해 주셔서 감사합니다. 현재 문의하신 유형은 회원 정보에 관련된 상담만 해당되는
[회원/공통/기타] 유형입니다. 더욱 정확한 답변을 드리기 위해, 번거로우시더라도 투어 또는 패키지 상품과
관련된 사항은 아래의 경로로 다시 한번 문의해 주시면 감사하겠습니다. - 1:1 문의 : 인터파크 투어 > 고객센터 > 1:1문의하기 > 문의 유형 선택(패키지/숙소/투어티켓/제주렌터카)
- 전화 : 1588-3443 > 1.항공 2.패키지 3.숙소 4.입장권 및 액티비티 이용권 5.제주렌터카 불편을 드려 죄송합니다.
더욱 편리하게 이용하실 수 있도록 항상 노력하겠습니다. 감사합니다.","고객님, 안녕하세요. 인터파크 투어입니다. 문의해 주셔서 감사합니다. 현재 문의하신 유형은 회원 정보에 관련된 상담만 해당되는
[회원/공통/기타] 유형입니다. 더욱 정확한 답변을 드리기 위해, 번거로우시더라도 투어 또는 패키지 상품과
관련된 사항은 아래의 경로로 다시 한번 문의해 주시면 감사하겠습니다. - 1:1 문의 : 인터파크 투어 > 고객센터 > 1:1문의하기 > 문의 유형 선택(패키지/숙소/투어티켓/제주렌터카)
- 전화 : 1588-3443 > 1.항공 2.패키지 3.숙소 4.입장권 및 액티비티 이용권 5.제주렌터카 불편을 드려 죄송합니다.
더욱 편리하게 이용하실 수 있도록 항상 노력하겠습니다. 감사합니다."
568,INTERPARKTOUR,[인터파크 해외항공] NO-SHOW(노쇼) 안내,"안녕하세요, 인터파크투어입니다. 노쇼(NO-SHOW)란,  출발 2일 전까지 예약 변경이나 취소 없이 공항에 나가지 않는 것을 의미하며, 항공사에 따라 NO-SHOW 조건은 상이할 수 있습니다. 노쇼 항공권일 경우 사용 및 환불 불가, 수수료 지불 후 변경 가능 등 요금 규정에 따라 다를 수 있습니다. 일정이 변경되는 경우 반드시 사전에 변경 및 취소 처리 해주시기 바랍니다. 노쇼 (NO-SHOW) 처리 시 수수료가 부과될 수 있으니 주의 부탁 드립니다. 감사합니다. [인터파크 투어 고객센터]
※ 1:1문의 : 인터파크 투어 > 고객센터 > 1:1 문의하기
※ 전화 : 1588-3443 (해외 이용 시 +82-2-1588-3443) ※ 상담 가능 시간 항공 : 오전 9시 - 오후 5시 (주말, 공휴일, 점심시간 제외)","안녕하세요, 인터파크투어입니다. 노쇼(NO-SHOW)란,  출발 2일 전까지 예약 변경이나 취소 없이 공항에 나가지 않는 것을 의미하며, 항공사에 따라 NO-SHOW 조건은 상이할 수 있습니다. 노쇼 항공권일 경우 사용 및 환불 불가, 수수료 지불 후 변경 가능 등 요금 규정에 따라 다를 수 있습니다. 일정이 변경되는 경우 반드시 사전에 변경 및 취소 처리 해주시기 바랍니다. 노쇼 (NO-SHOW) 처리 시 수수료가 부과될 수 있으니 주의 부탁 드립니다. 감사합니다. [인터파크 투어 고객센터]
※ 1:1문의 : 인터파크 투어 > 고객센터 > 1:1 문의하기
※ 전화 : 1588-3443 (해외 이용 시 +82-2-1588-3443) ※ 상담 가능 시간 항공 : 오전 9시 - 오후 5시 (주말, 공휴일, 점심시간 제외)"
569,INTERPARKTOUR,[인터파크 해외항공] 주말/공휴일 결제,"안녕하세요, 인터파크투어입니다.

주말/공휴일의 경우 정상업무가 없어 결제 요청이후 항공권 종류 및 시스템상의 문제로 발권 진행이 원활하지 않을 수 있으니, 결제 승인과 관계없이 발권 완료 여부는 마이페이지 확인 또는 영업일 내 고객센터를 통해 확인하시기 바랍니다. 업무시간  - 평일 : 09:00 ~ 17:00 (주말/공휴일 상담불가) 감사합니다. [인터파크 투어 고객센터]
※ 1:1문의 : 인터파크 투어 > 고객센터 > 1:1 문의하기
※ 전화 : 1588-3443 (해외 이용 시 +82-2-1588-3443) ※ 상담 가능 시간 항공 : 오전 9시 - 오후 5시 (주말, 공휴일, 점심시간 제외)","안녕하세요, 인터파크투어입니다.

주말/공휴일의 경우 정상업무가 없어 결제 요청이후 항공권 종류 및 시스템상의 문제로 발권 진행이 원활하지 않을 수 있으니, 결제 승인과 관계없이 발권 완료 여부는 마이페이지 확인 또는 영업일 내 고객센터를 통해 확인하시기 바랍니다. 업무시간  - 평일 : 09:00 ~ 17:00 (주말/공휴일 상담불가) 감사합니다. [인터파크 투어 고객센터]
※ 1:1문의 : 인터파크 투어 > 고객센터 > 1:1 문의하기
※ 전화 : 1588-3443 (해외 이용 시 +82-2-1588-3443) ※ 상담 가능 시간 항공 : 오전 9시 - 오후 5시 (주말, 공휴일, 점심시간 제외)"
570,INTERPARKTOUR,[인터파크 해외항공] 미확정 요금,"안녕하세요, 인터파크투어입니다. '미확정 요금'은 요금이 확정된 후에 결제 할 수 있습니다. 결제 시한 내에 요금이 확정되면 결제가 가능하며, 미확정인 경우 예약은 자동 취소됩니다. 요금 확정은 업무 시간(평일 오전 9시 ~ 오후 5시) 중 처리되며, 주말이나 공휴일에는 요금이 확정되지 않습니다. ※ 참고
• 미확정 요금은 좌석이 확보되었지만 요금이 확정되지 않은 항공권입니다.
• 미확정 요금은 선택한 요금보다 더 높아질 수 있고, 운임 규정 및 좌석 상황이 변경될 수 있습니다.
• 결제 마감 시간까지 요금이 확정되지 않으면 자동으로 취소될 수 있습니다. 감사합니다. [인터파크 투어 고객센터]
※ 1:1문의 : 인터파크 투어 > 고객센터 > 1:1 문의하기
※ 전화 : 1588-3443 (해외 이용 시 +82-2-1588-3443) ※ 상담 가능 시간 항공 : 오전 9시 - 오후 5시 (주말, 공휴일, 점심시간 제외)","안녕하세요, 인터파크투어입니다. '미확정 요금'은 요금이 확정된 후에 결제 할 수 있습니다. 결제 시한 내에 요금이 확정되면 결제가 가능하며, 미확정인 경우 예약은 자동 취소됩니다. 요금 확정은 업무 시간(평일 오전 9시 ~ 오후 5시) 중 처리되며, 주말이나 공휴일에는 요금이 확정되지 않습니다. ※ 참고
• 미확정 요금은 좌석이 확보되었지만 요금이 확정되지 않은 항공권입니다.
• 미확정 요금은 선택한 요금보다 더 높아질 수 있고, 운임 규정 및 좌석 상황이 변경될 수 있습니다.
• 결제 마감 시간까지 요금이 확정되지 않으면 자동으로 취소될 수 있습니다. 감사합니다. [인터파크 투어 고객센터]
※ 1:1문의 : 인터파크 투어 > 고객센터 > 1:1 문의하기
※ 전화 : 1588-3443 (해외 이용 시 +82-2-1588-3443) ※ 상담 가능 시간 항공 : 오전 9시 - 오후 5시 (주말, 공휴일, 점심시간 제외)"
571,INTERPARKTOUR,[인터파크 해외항공] 세금계산서 발행,"안녕하세요, 인터파크투어입니다. 여행사는 세법상 항공권에 대한 세금계산서를 발행하지 않습니다. 여행사는 고객에게 항공권 판매 대행 서비스를 제공하며, 이를 위해 항공사로부터 수수료를 받습니다. 항공권의 경우 세금계산서 교부 의무가 면제되어 항공사도 세금계산서를 발행하지 않습니다. 항공권은 영수증으로 활용될 수 있습니다. 항공권의 가장 뒷면에 있는 항공권 기재사항이 영수증 역할을 합니다. 실제 지불한 금액과의 차이가 있더라도 실제 항공료를 증명하는 데 사용할 수 있습니다. 결제 금액에 대한 다른 증빙서류가 필요하신 경우에는 인보이스나 기타 영수증을 발행해 드릴 수 있습니다.

※ 참고 • 관련 법조문 - 부가가치세법 32조, 동법시행령 제79조의 2 제 ①항 5호 및 ③항 외 감사합니다. [인터파크 투어 고객센터]
※ 1:1문의 : 인터파크 투어 > 고객센터 > 1:1 문의하기
※ 전화 : 1588-3443 (해외 이용 시 +82-2-1588-3443) ※ 상담 가능 시간 항공 : 오전 9시 - 오후 5시 (주말, 공휴일, 점심시간 제외)","안녕하세요, 인터파크투어입니다. 여행사는 세법상 항공권에 대한 세금계산서를 발행하지 않습니다. 여행사는 고객에게 항공권 판매 대행 서비스를 제공하며, 이를 위해 항공사로부터 수수료를 받습니다. 항공권의 경우 세금계산서 교부 의무가 면제되어 항공사도 세금계산서를 발행하지 않습니다. 항공권은 영수증으로 활용될 수 있습니다. 항공권의 가장 뒷면에 있는 항공권 기재사항이 영수증 역할을 합니다. 실제 지불한 금액과의 차이가 있더라도 실제 항공료를 증명하는 데 사용할 수 있습니다. 결제 금액에 대한 다른 증빙서류가 필요하신 경우에는 인보이스나 기타 영수증을 발행해 드릴 수 있습니다.

※ 참고 • 관련 법조문 - 부가가치세법 32조, 동법시행령 제79조의 2 제 ①항 5호 및 ③항 외 감사합니다. [인터파크 투어 고객센터]
※ 1:1문의 : 인터파크 투어 > 고객센터 > 1:1 문의하기
※ 전화 : 1588-3443 (해외 이용 시 +82-2-1588-3443) ※ 상담 가능 시간 항공 : 오전 9시 - 오후 5시 (주말, 공휴일, 점심시간 제외)"
572,INTERPARKTOUR,[인터파크 해외항공] 영수증 요청,"안녕하세요, 인터파크투어입니다. - 카드 영수증 , 현금 입금증 : 사이트에서 출력 가능
마이페이지>예약확인/취소>국제선 항공권>해당 예약번호클릭>04 발권(e-ticket) 클릭 후 [탑승객 별 티켓출력]의 영수증란을 통해 확인 가능합니다.

- 현금영수증 : 항공권을 현금으로 구입하시면 현금영수증 발행이 가능합니다.
항공사마다 현금영수증 발급이 불가능한 경우도 있어 1:1 문의로 가능여부 확인을 부탁드립니다. [항공권 현금영수증 발급 안내] 항공권을 현금으로 구입하신 후 국세청 홈페이지에  등록되어 있는 휴대 전화번호를 1:1문의를 통해 남겨주시면 현금영수증  발행이 가능합니다.
단. 현금영수증 발행은 가급적 결제시 신청해 주셔야 하며. 당해년도가 지난 영수증은 발행이 불가합니다.
현금영수증은 담당자 접수 후 1~7일 후, 국세청 홈페이지에서 발행여부 확인이 가능합니다.

감사합니다. [인터파크 투어 고객센터]
※ 1:1문의 : 인터파크 투어 > 고객센터 > 1:1 문의하기
※ 전화 : 1588-3443 (해외 이용 시 +82-2-1588-3443) ※ 상담 가능 시간 항공 : 오전 9시 - 오후 5시 (주말, 공휴일, 점심시간 제외)","안녕하세요, 인터파크투어입니다. - 카드 영수증 , 현금 입금증 : 사이트에서 출력 가능
마이페이지>예약확인/취소>국제선 항공권>해당 예약번호클릭>04 발권(e-ticket) 클릭 후 [탑승객 별 티켓출력]의 영수증란을 통해 확인 가능합니다.

- 현금영수증 : 항공권을 현금으로 구입하시면 현금영수증 발행이 가능합니다.
항공사마다 현금영수증 발급이 불가능한 경우도 있어 1:1 문의로 가능여부 확인을 부탁드립니다. [항공권 현금영수증 발급 안내] 항공권을 현금으로 구입하신 후 국세청 홈페이지에  등록되어 있는 휴대 전화번호를 1:1문의를 통해 남겨주시면 현금영수증  발행이 가능합니다.
단. 현금영수증 발행은 가급적 결제시 신청해 주셔야 하며. 당해년도가 지난 영수증은 발행이 불가합니다.
현금영수증은 담당자 접수 후 1~7일 후, 국세청 홈페이지에서 발행여부 확인이 가능합니다.

감사합니다. [인터파크 투어 고객센터]
※ 1:1문의 : 인터파크 투어 > 고객센터 > 1:1 문의하기
※ 전화 : 1588-3443 (해외 이용 시 +82-2-1588-3443) ※ 상담 가능 시간 항공 : 오전 9시 - 오후 5시 (주말, 공휴일, 점심시간 제외)"
574,INTERPARKTOUR,[인터파크 해외항공] 결제 당일 취소/환불,"안녕하세요, 인터파크투어입니다. 항공권 예약 취소/환불등의 문의사항은 반드시 마이페이지 내 구매하신 [항공권 관련 규정] 확인 후 문의하여 주시기 바랍니다. [결제 당일 취소]
 - 결제요청 당일 23시50분 까지 마이페이지에서 예약취소 눌러주시면 발권수수료  포함 전액환불 가능 합니다. ( 단, 일부 항공사 및 해외 출.도착 항공사 제외) ※ 주의 사항 • 환불 요청 관련 안내는 예약 시 입력하신 휴대전화 번호로 전송되며, 잘못된 정보 또는 수신이 불가한 정보로 인해 연락이 불가능 할 경우 발생되는 불이익이 발생할 수 있습니다. • 항공사수수료는 구매하신 항공권마다 환불규정 상이하며, 일부 특가 항공권의 경우 환불 불가한 항공권이 있으니 반드시 요금규정 확인하시기 바랍니다. • 출발이 임박하여 취소/환불 요청이 있는 경우 바로 환불 접수가 불가할 수 있으며 노쇼, 환불, 변경 수수료 등 추가 금액이 발생할 수 있으니 영업일 기준 최소 3일 전(주말, 공휴일 제외)까지는 접수 바랍니다. • 항공권 환불 요청 시, 항공사에 별도 신청한 유료 부가서비스(사전 좌석지정, 수하물, 기내식 등) 사항은 반드시 항공사를 통해 취소하신 후, 당사에 환불 요청을 해주셔야 합니다. • 발권대행수수료는 발권 진행 업무 대행에 부과된 수수료이며, 항공권 취소/환불 요청 시 반환되지 않습니다. • 여행사 환불 대행 수수료는 당사에 현금 입금 또는 카드 결제해 주셔야 하며 입금 확인 후 항공사로 환불 접수됩니다. • 취소 확정 후에 항공사 공지가 변동된다 하더라도 패널티 면제가 불가하오니 참고 부탁드립니다. • NO-SHOW 항공권일 경우 환불이 불가하거나 NO-SHOW 수수료가 추가로 발생합니다. ※ 참고 • 국제선 결제 후 24시간 이내 환불처리 방침 변경 • 결제 당일 취소수수료 부과 항공사 공지 감사합니다. [인터파크 투어 고객센터]
※ 1:1문의 : 인터파크 투어 > 고객센터 > 1:1 문의하기
※ 전화 : 1588-3443 (해외 이용 시 +82-2-1588-3443) ※ 상담 가능 시간 항공 : 오전 9시 - 오후 5시 (주말, 공휴일, 점심시간 제외)","안녕하세요, 인터파크투어입니다. 항공권 예약 취소/환불등의 문의사항은 반드시 마이페이지 내 구매하신 [항공권 관련 규정] 확인 후 문의하여 주시기 바랍니다. [결제 당일 취소]
 - 결제요청 당일 23시50분 까지 마이페이지에서 예약취소 눌러주시면 발권수수료  포함 전액환불 가능 합니다. ( 단, 일부 항공사 및 해외 출.도착 항공사 제외) ※ 주의 사항 • 환불 요청 관련 안내는 예약 시 입력하신 휴대전화 번호로 전송되며, 잘못된 정보 또는 수신이 불가한 정보로 인해 연락이 불가능 할 경우 발생되는 불이익이 발생할 수 있습니다. • 항공사수수료는 구매하신 항공권마다 환불규정 상이하며, 일부 특가 항공권의 경우 환불 불가한 항공권이 있으니 반드시 요금규정 확인하시기 바랍니다. • 출발이 임박하여 취소/환불 요청이 있는 경우 바로 환불 접수가 불가할 수 있으며 노쇼, 환불, 변경 수수료 등 추가 금액이 발생할 수 있으니 영업일 기준 최소 3일 전(주말, 공휴일 제외)까지는 접수 바랍니다. • 항공권 환불 요청 시, 항공사에 별도 신청한 유료 부가서비스(사전 좌석지정, 수하물, 기내식 등) 사항은 반드시 항공사를 통해 취소하신 후, 당사에 환불 요청을 해주셔야 합니다. • 발권대행수수료는 발권 진행 업무 대행에 부과된 수수료이며, 항공권 취소/환불 요청 시 반환되지 않습니다. • 여행사 환불 대행 수수료는 당사에 현금 입금 또는 카드 결제해 주셔야 하며 입금 확인 후 항공사로 환불 접수됩니다. • 취소 확정 후에 항공사 공지가 변동된다 하더라도 패널티 면제가 불가하오니 참고 부탁드립니다. • NO-SHOW 항공권일 경우 환불이 불가하거나 NO-SHOW 수수료가 추가로 발생합니다. ※ 참고 • 국제선 결제 후 24시간 이내 환불처리 방침 변경 • 결제 당일 취소수수료 부과 항공사 공지 감사합니다. [인터파크 투어 고객센터]
※ 1:1문의 : 인터파크 투어 > 고객센터 > 1:1 문의하기
※ 전화 : 1588-3443 (해외 이용 시 +82-2-1588-3443) ※ 상담 가능 시간 항공 : 오전 9시 - 오후 5시 (주말, 공휴일, 점심시간 제외)"
575,INTERPARKTOUR,[인터파크 해외항공] 결제일 이후 취소/환불,"안녕하세요, 인터파크투어입니다. 예약번호 : 월 일 17시 이전 까지 취소 시 1인당 항공사수수료12만원+여행사취급수수료 3만원(소아2만원) 발생합니다
(발권대행수수료는 발권시 소진된 서비스 차지로 환불되지 않습니다 ) 환불을 원하시면 1:1 문의하기가 아닌 마이페이지내 취소/변경 > 예약 취소하기 버튼을 눌러 취소 접수 부탁 드립니다. 감사합니다. [결제일 이후 취소/환불] 1) 환불접수 가능시간 - 월~금 : 09시~17시 / 업무 외 시간, 토, 일, 공휴일 : 환불 접수 불가 업무 외 시간 취소요청 건은 영업일 기준으로 환불 접수됩니다.
  2) 전체 미사용 항공권 환불 절차
    ① 항공사수수료 확인
        - 마이페이지 >나의 예약/결제 내역 >국제선 항공권 >예약번호 클릭 >01 예약/여권등록 > 항공권 관련 규정에서 확인 가능합니다.
    ② 환불수수료 확인 후 환불 신청
         - 마이페이지 >나의 예약/결제 내역 >국제선 항공권 >예약번호 클릭 >[예약 취소하기] 눌러주시면 담당자 확인 후 환불안내 문자메세지가 발송됩니다.
    ③ 여행사 환불 취급수수료 결제
        - 취소확정시 마이페이지에서 [예약취소] 눌러주시면 여행사 환불 취급수수료 결제 문자 안내 드립니다.
          마이페이지 >나의예약/결제내역 >국제선항공권 >예약번호클릭 >취소요청 >환불정보를 클릭하시면 여행사 환불 취급수수료 결제 가능합니다.
    ④ 환불접수 (결제수단에 따라 환불절차 상이합니다.)
        - 카드결제건 환불 : 여행사 환불 취급수수료 결제가 완료되면, 항공사수수료는 카드금액에서 공제            후 환불 됩니다. 카드환불은 접수일기준 약 1-3주 소요되나, 항공사에 따라 환불소요기간이 더 길어질 수 있습니다.
        - 현금결제건 환불 : 취소 확정시 마이페이지에서 [예약취소] 눌러주시고 환불받을 계좌번호를 등록            해주세요.  남겨주신 계좌로 항공사수수료 + 여행사 환불취급수수료 + 발권수수료 공제 후 환불됩            니다.  현금환불은 접수일기준 약 2-4주 소요됩되나, 항공사에 따라 환불소요기간이 더 길어질 수              있습니다.
  3) 일부 사용 항공권 환불 절차
   - 왕복 항공권을 구입하시고 일부 구간만 사용하신 후 남은 귀국편에 대해 환불을 원하실 경우
    마이페이지에서 [예약취소] 눌러주시면 사용한 편도운임과 항공사수수료 확인 후 환불 문자 안내 드립니다.
   - 마이페이지 > 나의예약/결제내역 >국제선항공권 >예약번호클릭 >취소요청 >환불정보를 통해
     남은 구간 환불금 확인 후 여행사 환불취급수수료 결제하시면 환불접수됩니다.
 ※ 일부 구간 환불시 남는 환불금이 없는 경우가 많습니다. 반드시 담당자를 통해 환불 가능금액이 있는지 확인하시기 바랍니다.


■ 주의 사항 ■
환불 요청 관련 안내는 예약 시 입력하신 휴대전화 번호로 전송되며, 잘못된 정보 또는 수신이 불가한 정보로 인해
연락이 불가능 할 경우 발생되는 불이익에 대해 당사는 책임지지 않으니, 이점 유의하시기 바랍니다.
※ 항공사수수료는 구매하신 항공권마다 환불규정 상이하며, 일부 특가 항공권의 경우 환불 불가한 항공권이 있으니 반드시 요금규정 확인하시기 바랍니다.
※ 출발이 임박하여 취소/환불 요청이 있는 경우 바로 환불 접수가 불가할 수 있으며 노쇼, 환불, 변경 수수료 등 추가 금액이 발생할 수 있으니 영업일 기준 최소 3일 전(주말, 공휴일 제외)까지는 접수 바랍니다.
※ 항공권 환불 요청 시, 항공사에 별도 신청한 유료 부가서비스(사전 좌석지정, 수하물, 기내식 등) 사항은 반드시 항공사를 통해 취소하신 후, 당사에 환불 요청을 해주셔야 합니다.
※ 발권대행수수료는 발권 진행 업무 대행에 부과된 수수료이며, 항공권 취소/환불 요청 시 반환되지 않습니다.
※ 여행사 환불 대행 수수료는 당사에 현금 입금 또는 카드 결제해 주셔야 하며 입금 확인 후 항공사로 환불 접수됩니다.
※ 취소 확정 후에 항공사 공지가 변동된다 하더라도 패널티 면제가 불가하오니 참고 부탁드립니다.
※ NO-SHOW 항공권일 경우 환불이 불가하거나 NO-SHOW 수수료가 추가로 발생합니다. [인터파크 투어 고객센터]
※ 1:1문의 : 인터파크 투어 > 고객센터 > 1:1 문의하기
※ 전화 : 1588-3443 (해외 이용 시 +82-2-1588-3443) ※ 상담 가능 시간 항공 : 오전 9시 - 오후 5시 (주말, 공휴일, 점심시간 제외)","안녕하세요, 인터파크투어입니다. 예약번호 : 월 일 17시 이전 까지 취소 시 1인당 항공사수수료12만원+여행사취급수수료 3만원(소아2만원) 발생합니다
(발권대행수수료는 발권시 소진된 서비스 차지로 환불되지 않습니다 ) 환불을 원하시면 1:1 문의하기가 아닌 마이페이지내 취소/변경 > 예약 취소하기 버튼을 눌러 취소 접수 부탁 드립니다. 감사합니다. [결제일 이후 취소/환불] 1) 환불접수 가능시간 - 월~금 : 09시~17시 / 업무 외 시간, 토, 일, 공휴일 : 환불 접수 불가 업무 외 시간 취소요청 건은 영업일 기준으로 환불 접수됩니다.
  2) 전체 미사용 항공권 환불 절차
    ① 항공사수수료 확인
        - 마이페이지 >나의 예약/결제 내역 >국제선 항공권 >예약번호 클릭 >01 예약/여권등록 > 항공권 관련 규정에서 확인 가능합니다.
    ② 환불수수료 확인 후 환불 신청
         - 마이페이지 >나의 예약/결제 내역 >국제선 항공권 >예약번호 클릭 >[예약 취소하기] 눌러주시면 담당자 확인 후 환불안내 문자메세지가 발송됩니다.
    ③ 여행사 환불 취급수수료 결제
        - 취소확정시 마이페이지에서 [예약취소] 눌러주시면 여행사 환불 취급수수료 결제 문자 안내 드립니다.
          마이페이지 >나의예약/결제내역 >국제선항공권 >예약번호클릭 >취소요청 >환불정보를 클릭하시면 여행사 환불 취급수수료 결제 가능합니다.
    ④ 환불접수 (결제수단에 따라 환불절차 상이합니다.)
        - 카드결제건 환불 : 여행사 환불 취급수수료 결제가 완료되면, 항공사수수료는 카드금액에서 공제            후 환불 됩니다. 카드환불은 접수일기준 약 1-3주 소요되나, 항공사에 따라 환불소요기간이 더 길어질 수 있습니다.
        - 현금결제건 환불 : 취소 확정시 마이페이지에서 [예약취소] 눌러주시고 환불받을 계좌번호를 등록            해주세요.  남겨주신 계좌로 항공사수수료 + 여행사 환불취급수수료 + 발권수수료 공제 후 환불됩            니다.  현금환불은 접수일기준 약 2-4주 소요됩되나, 항공사에 따라 환불소요기간이 더 길어질 수              있습니다.
  3) 일부 사용 항공권 환불 절차
   - 왕복 항공권을 구입하시고 일부 구간만 사용하신 후 남은 귀국편에 대해 환불을 원하실 경우
    마이페이지에서 [예약취소] 눌러주시면 사용한 편도운임과 항공사수수료 확인 후 환불 문자 안내 드립니다.
   - 마이페이지 > 나의예약/결제내역 >국제선항공권 >예약번호클릭 >취소요청 >환불정보를 통해
     남은 구간 환불금 확인 후 여행사 환불취급수수료 결제하시면 환불접수됩니다.
 ※ 일부 구간 환불시 남는 환불금이 없는 경우가 많습니다. 반드시 담당자를 통해 환불 가능금액이 있는지 확인하시기 바랍니다.


■ 주의 사항 ■
환불 요청 관련 안내는 예약 시 입력하신 휴대전화 번호로 전송되며, 잘못된 정보 또는 수신이 불가한 정보로 인해
연락이 불가능 할 경우 발생되는 불이익에 대해 당사는 책임지지 않으니, 이점 유의하시기 바랍니다.
※ 항공사수수료는 구매하신 항공권마다 환불규정 상이하며, 일부 특가 항공권의 경우 환불 불가한 항공권이 있으니 반드시 요금규정 확인하시기 바랍니다.
※ 출발이 임박하여 취소/환불 요청이 있는 경우 바로 환불 접수가 불가할 수 있으며 노쇼, 환불, 변경 수수료 등 추가 금액이 발생할 수 있으니 영업일 기준 최소 3일 전(주말, 공휴일 제외)까지는 접수 바랍니다.
※ 항공권 환불 요청 시, 항공사에 별도 신청한 유료 부가서비스(사전 좌석지정, 수하물, 기내식 등) 사항은 반드시 항공사를 통해 취소하신 후, 당사에 환불 요청을 해주셔야 합니다.
※ 발권대행수수료는 발권 진행 업무 대행에 부과된 수수료이며, 항공권 취소/환불 요청 시 반환되지 않습니다.
※ 여행사 환불 대행 수수료는 당사에 현금 입금 또는 카드 결제해 주셔야 하며 입금 확인 후 항공사로 환불 접수됩니다.
※ 취소 확정 후에 항공사 공지가 변동된다 하더라도 패널티 면제가 불가하오니 참고 부탁드립니다.
※ NO-SHOW 항공권일 경우 환불이 불가하거나 NO-SHOW 수수료가 추가로 발생합니다. [인터파크 투어 고객센터]
※ 1:1문의 : 인터파크 투어 > 고객센터 > 1:1 문의하기
※ 전화 : 1588-3443 (해외 이용 시 +82-2-1588-3443) ※ 상담 가능 시간 항공 : 오전 9시 - 오후 5시 (주말, 공휴일, 점심시간 제외)"
576,INTERPARKTOUR,[인터파크 해외항공] 항공권(스케줄) 변경,"안녕하세요, 인터파크투어입니다. 예약번호 : 변경일정) 상기 일정으로 변경 시
1인당 요금차액 원 + 항공사 수수료  원 +여행사 취급수수료 3만원 발생합니다.
좌석은 실시간 조회되어 문의시점에 따라 가능여부 및 발생비용 상이합니다 감사합니다. +해외항공권 스케쥴 변경은 결제 당일 , 출발/도착편 또는 탑승일까지의 잔여 기간 등에 따라 취소 방법 및 취소수수료가 달라집니다. [ 결제 전 변경 ] • 결제 전 예약은 '스케쥴 변경'을 지원하지 않습니다.
• 결제 전 상태이므로 취소수수료는 부과되지 않습니다.
• [ 마이페이지 ]에서 직접 예약 취소 후 원하는 일정으로 새로 예약해 주세요.
• 항공권 가격은 실시간 변경되므로, 원하는 일정의 항공권 가격은 이전 예약과 다를 수 있습니다. [ 결제 후 변경 ] • 결제 후 항공권 스케쥴 변경은 항공사의 정책 또는 원하는 일정의 항공 좌석 유무 등의 확인이 필요합니다.
• 가능한 경우라도 '개인사유에 의한' 일정 변경은 항공사/여행사 각각의 변경수수료가 부과됩니다.
• 항공권의 가격 변동으로 원하는 일정의 항공권 가격이 이전 예약과 다를 수 있습니다.
• 발권 전에 예약 변경 가능 여부를 담당자에게 확인해주세요. [ 변경 수수료 안내 ] • 변경 가능한 경우
 - 항공요금 및 TAX 차액, 항공사 수수료, 여행사 재발행 수수료 3만원
• 변경 불가능한 경우
 - 항공사의 패널티 및 수수료, 여행사 수수료 3만원 및 새로운 항공권 운임
• 변경 후 항공권 금액이 낮아질 경우
 - 차액 환불 불가, 재발행 수수료 3만원 부과
• 변경 및 환불은 수수료 입금 후 진행됩니다. 감사합니다. [인터파크 투어 고객센터]
※ 1:1문의 : 인터파크 투어 > 고객센터 > 1:1 문의하기
※ 전화 : 1588-3443 (해외 이용 시 +82-2-1588-3443) ※ 상담 가능 시간 항공 : 오전 9시 - 오후 5시 (주말, 공휴일, 점심시간 제외)","안녕하세요, 인터파크투어입니다. 예약번호 : 변경일정) 상기 일정으로 변경 시
1인당 요금차액 원 + 항공사 수수료  원 +여행사 취급수수료 3만원 발생합니다.
좌석은 실시간 조회되어 문의시점에 따라 가능여부 및 발생비용 상이합니다 감사합니다. +해외항공권 스케쥴 변경은 결제 당일 , 출발/도착편 또는 탑승일까지의 잔여 기간 등에 따라 취소 방법 및 취소수수료가 달라집니다. [ 결제 전 변경 ] • 결제 전 예약은 '스케쥴 변경'을 지원하지 않습니다.
• 결제 전 상태이므로 취소수수료는 부과되지 않습니다.
• [ 마이페이지 ]에서 직접 예약 취소 후 원하는 일정으로 새로 예약해 주세요.
• 항공권 가격은 실시간 변경되므로, 원하는 일정의 항공권 가격은 이전 예약과 다를 수 있습니다. [ 결제 후 변경 ] • 결제 후 항공권 스케쥴 변경은 항공사의 정책 또는 원하는 일정의 항공 좌석 유무 등의 확인이 필요합니다.
• 가능한 경우라도 '개인사유에 의한' 일정 변경은 항공사/여행사 각각의 변경수수료가 부과됩니다.
• 항공권의 가격 변동으로 원하는 일정의 항공권 가격이 이전 예약과 다를 수 있습니다.
• 발권 전에 예약 변경 가능 여부를 담당자에게 확인해주세요. [ 변경 수수료 안내 ] • 변경 가능한 경우
 - 항공요금 및 TAX 차액, 항공사 수수료, 여행사 재발행 수수료 3만원
• 변경 불가능한 경우
 - 항공사의 패널티 및 수수료, 여행사 수수료 3만원 및 새로운 항공권 운임
• 변경 후 항공권 금액이 낮아질 경우
 - 차액 환불 불가, 재발행 수수료 3만원 부과
• 변경 및 환불은 수수료 입금 후 진행됩니다. 감사합니다. [인터파크 투어 고객센터]
※ 1:1문의 : 인터파크 투어 > 고객센터 > 1:1 문의하기
※ 전화 : 1588-3443 (해외 이용 시 +82-2-1588-3443) ※ 상담 가능 시간 항공 : 오전 9시 - 오후 5시 (주말, 공휴일, 점심시간 제외)"
577,INTERPARKTOUR,[인터파크 해외항공] 공동운항(코드쉐어)문의,"안녕하세요, 인터파크투어입니다. 공동운항 (코드쉐어)은 여러 항공사들이 협약하여 특정 노선에 대해 좌석 일부를 공유하여 운항하는 것입니다.
공동운항 스케줄을 이용할 때는 실제 운항하는 항공사 카운터에서 탑승 수속을 해야 합니다. ※ 참고
• 예시 :  대한항공을 통해 파리로 가는 항공편을 대한항공으로 예약했으나 실제 운항하는 항공사는 에어프랑스인 경우, 인천공항의 에어프랑스 카운터에서 좌석을 배정받고 에어프랑스 항공편을 이용합니다. [인터파크 투어 고객센터]
※ 1:1문의 : 인터파크 투어 > 고객센터 > 1:1 문의하기
※ 전화 : 1588-3443 (해외 이용 시 +82-2-1588-3443) ※ 상담 가능 시간 항공 : 오전 9시 - 오후 5시 (주말, 공휴일, 점심시간 제외)","안녕하세요, 인터파크투어입니다. 공동운항 (코드쉐어)은 여러 항공사들이 협약하여 특정 노선에 대해 좌석 일부를 공유하여 운항하는 것입니다.
공동운항 스케줄을 이용할 때는 실제 운항하는 항공사 카운터에서 탑승 수속을 해야 합니다. ※ 참고
• 예시 :  대한항공을 통해 파리로 가는 항공편을 대한항공으로 예약했으나 실제 운항하는 항공사는 에어프랑스인 경우, 인천공항의 에어프랑스 카운터에서 좌석을 배정받고 에어프랑스 항공편을 이용합니다. [인터파크 투어 고객센터]
※ 1:1문의 : 인터파크 투어 > 고객센터 > 1:1 문의하기
※ 전화 : 1588-3443 (해외 이용 시 +82-2-1588-3443) ※ 상담 가능 시간 항공 : 오전 9시 - 오후 5시 (주말, 공휴일, 점심시간 제외)"
578,INTERPARKTOUR,[인터파크 해외항공] 항공권 좌석배정 방법,"안녕하세요, 인터파크투어입니다. 예약한 항공사의 규정과 운임에 따라 달라지며, 경우에 따라 지정되지 않을 수도 있거나 유료로 배정될 수 있습니다. [ 좌석 지정 안내 ] • 마이페이지 > [예약/결제 내역] 에서 좌석 지정 가능한 항공사는 [ 온라인 좌석지정 ] 아이콘 클릭이 가능한 항공사입니다.
• 그 외 항공사는 항공사 홈페이지에서 예약 조회 후 [ 사전 좌석 배정 ]을 진행해주세요.
• 예약 조회는 인터파크 예약번호가 아닌 [ e-ticket ]에 기재된 항공권 번호 또는 항공사 예약번호를 확인해주세요.
• 온라인 좌석 지정은 일부 항공사에서만 가능하며, 예약이 불가능한 등급이나 발권 후 또는 유료로만 좌석을 배정할 수 있는 항공사도 있습니다. 아래 경우 인터파크 온라인 좌석 지정 서비스에서 확인되는 좌석과 실제 항공사에서 배정 가능한 좌석이 다를 수 있으므로 참고하시길 바랍니다. [ 좌석 지정 참고 안내 ] • 왕복 모두 숨은 경유지가 있거나, 숨은 경유지가 있는 스케줄 중 비행 편을 갈아타는 경우
• 비상구석, 아기 바구니석 등 특수석의 경우(여행사에서 배정 불가, 항공사 사이트 또는 공항에서 배정)
- 소아(24개월~만 12세 미만) : 좌석 지정 가능(부여된 좌석)
- 유아(24개월 미만) : 좌석 지정 불가(부모가 아이를 안고 탑승)
• 공동운항편인 경우 (예: KE5901편은 대한항공으로 표시되지만, 실제는 탑승 항공편은 에어 프랑스임) 감사합니다. [인터파크 투어 고객센터]
※ 1:1문의 : 인터파크 투어 > 고객센터 > 1:1 문의하기
※ 전화 : 1588-3443 (해외 이용 시 +82-2-1588-3443) ※ 상담 가능 시간 항공 : 오전 9시 - 오후 5시 (주말, 공휴일, 점심시간 제외)","안녕하세요, 인터파크투어입니다. 예약한 항공사의 규정과 운임에 따라 달라지며, 경우에 따라 지정되지 않을 수도 있거나 유료로 배정될 수 있습니다. [ 좌석 지정 안내 ] • 마이페이지 > [예약/결제 내역] 에서 좌석 지정 가능한 항공사는 [ 온라인 좌석지정 ] 아이콘 클릭이 가능한 항공사입니다.
• 그 외 항공사는 항공사 홈페이지에서 예약 조회 후 [ 사전 좌석 배정 ]을 진행해주세요.
• 예약 조회는 인터파크 예약번호가 아닌 [ e-ticket ]에 기재된 항공권 번호 또는 항공사 예약번호를 확인해주세요.
• 온라인 좌석 지정은 일부 항공사에서만 가능하며, 예약이 불가능한 등급이나 발권 후 또는 유료로만 좌석을 배정할 수 있는 항공사도 있습니다. 아래 경우 인터파크 온라인 좌석 지정 서비스에서 확인되는 좌석과 실제 항공사에서 배정 가능한 좌석이 다를 수 있으므로 참고하시길 바랍니다. [ 좌석 지정 참고 안내 ] • 왕복 모두 숨은 경유지가 있거나, 숨은 경유지가 있는 스케줄 중 비행 편을 갈아타는 경우
• 비상구석, 아기 바구니석 등 특수석의 경우(여행사에서 배정 불가, 항공사 사이트 또는 공항에서 배정)
- 소아(24개월~만 12세 미만) : 좌석 지정 가능(부여된 좌석)
- 유아(24개월 미만) : 좌석 지정 불가(부모가 아이를 안고 탑승)
• 공동운항편인 경우 (예: KE5901편은 대한항공으로 표시되지만, 실제는 탑승 항공편은 에어 프랑스임) 감사합니다. [인터파크 투어 고객센터]
※ 1:1문의 : 인터파크 투어 > 고객센터 > 1:1 문의하기
※ 전화 : 1588-3443 (해외 이용 시 +82-2-1588-3443) ※ 상담 가능 시간 항공 : 오전 9시 - 오후 5시 (주말, 공휴일, 점심시간 제외)"
579,INTERPARKTOUR,[인터파크 해외항공] 지연/결항 시 변경 및 환불 방법,"안녕하세요, 인터파크투어입니다. 항공편 결항으로 인한 변경 및 환불 요청 시 반드시  지연/결항 증빙 서류를 첨부하여
접수 요청하여 주시기 바랍니다. 결항/비운항 확인서는 해당 항공사 홈페이지 또는 고객센터를 통해 발급 받을 수 있으며,
발급 요청 전 예약 번호, 비행 날짜, 항공편 번호 등 예약 정보를 미리 확인하여 주시기 바랍니다. • 기상악화, 천재지변 또는 항공사의 사정으로 결항 확정 된 경우
• 항공편 지연이나 결항으로 다음 비행편에 탑승하지 못한 경우 해당 항공편의 환불/변경 가능 여부는 항공사 확인이 필요하며,
항공사 별 지침에 따라 수수료가 면제되며 접수 순서대로 항공권 변경/환불 처리가 진행됩니다. 감사합니다. [인터파크 투어 고객센터]
※ 1:1문의 : 인터파크 투어 > 고객센터 > 1:1 문의하기
※ 전화 : 1588-3443 (해외 이용 시 +82-2-1588-3443) ※ 상담 가능 시간 항공 : 오전 9시 - 오후 5시 (주말, 공휴일, 점심시간 제외)","안녕하세요, 인터파크투어입니다. 항공편 결항으로 인한 변경 및 환불 요청 시 반드시  지연/결항 증빙 서류를 첨부하여
접수 요청하여 주시기 바랍니다. 결항/비운항 확인서는 해당 항공사 홈페이지 또는 고객센터를 통해 발급 받을 수 있으며,
발급 요청 전 예약 번호, 비행 날짜, 항공편 번호 등 예약 정보를 미리 확인하여 주시기 바랍니다. • 기상악화, 천재지변 또는 항공사의 사정으로 결항 확정 된 경우
• 항공편 지연이나 결항으로 다음 비행편에 탑승하지 못한 경우 해당 항공편의 환불/변경 가능 여부는 항공사 확인이 필요하며,
항공사 별 지침에 따라 수수료가 면제되며 접수 순서대로 항공권 변경/환불 처리가 진행됩니다. 감사합니다. [인터파크 투어 고객센터]
※ 1:1문의 : 인터파크 투어 > 고객센터 > 1:1 문의하기
※ 전화 : 1588-3443 (해외 이용 시 +82-2-1588-3443) ※ 상담 가능 시간 항공 : 오전 9시 - 오후 5시 (주말, 공휴일, 점심시간 제외)"
580,INTERPARKTOUR,"[인터파크 해외항공] 탑승자 정보 (이름,성별,생년월일) 변경 / 구항공","안녕하세요, 인터파크투어입니다. 탑승객 정보 변경은 [ 마이페이지 > 탑승객 정보 변경요청 ]으로 여권 사본을 첨부하여 요청해주세요. [ 영문성/이름/성별 변경 안내 ] • 마이페이지 > 예약번호 클릭 > 01 예약/여권번호 등록 > 여권정보 > 파란박스안에 ‘등록 완료’ 버튼 선택 > 하단에 탑승객정보변경요청/수정 > 탑승객 정보변경 > [ 여권사본업로드 ] ※ 참고 • 업로드 칸은 승객 수만큼 생성되며, 영문 이름이 잘못된 경우 여권 사본을 업로드해야 최종 등록이 가능합니다.
• 영문 이름 변경은 동일한 발음으로 요청 가능하나, 최종 변경 가능 여부는 항공사의 결정에 따릅니다.
• 가능한 경우도 항공사의 정책에 따라 변경 수수료가 발생할 수 있습니다.
• 항공사가 변경을 허용하는 경우, 해당 항공사의 수수료(항공사별 상이) 별도로 인터파크의 재발행 수수료 3만원 (1인 기준)이 발생합니다.
• 변경이 불가능한 경우, 해당 탑승객의 예약 취소 후 새로운 항공권을 구매해야 하며, 이때 취소/환불 규정에 따라 수수료가 발생합니다. 감사합니다. [인터파크 투어 고객센터]
※ 1:1문의 : 인터파크 투어 > 고객센터 > 1:1 문의하기
※ 전화 : 1588-3443 (해외 이용 시 +82-2-1588-3443) ※ 상담 가능 시간 항공 : 오전 9시 - 오후 5시 (주말, 공휴일, 점심시간 제외)","안녕하세요, 인터파크투어입니다. 탑승객 정보 변경은 [ 마이페이지 > 탑승객 정보 변경요청 ]으로 여권 사본을 첨부하여 요청해주세요. [ 영문성/이름/성별 변경 안내 ] • 마이페이지 > 예약번호 클릭 > 01 예약/여권번호 등록 > 여권정보 > 파란박스안에 ‘등록 완료’ 버튼 선택 > 하단에 탑승객정보변경요청/수정 > 탑승객 정보변경 > [ 여권사본업로드 ] ※ 참고 • 업로드 칸은 승객 수만큼 생성되며, 영문 이름이 잘못된 경우 여권 사본을 업로드해야 최종 등록이 가능합니다.
• 영문 이름 변경은 동일한 발음으로 요청 가능하나, 최종 변경 가능 여부는 항공사의 결정에 따릅니다.
• 가능한 경우도 항공사의 정책에 따라 변경 수수료가 발생할 수 있습니다.
• 항공사가 변경을 허용하는 경우, 해당 항공사의 수수료(항공사별 상이) 별도로 인터파크의 재발행 수수료 3만원 (1인 기준)이 발생합니다.
• 변경이 불가능한 경우, 해당 탑승객의 예약 취소 후 새로운 항공권을 구매해야 하며, 이때 취소/환불 규정에 따라 수수료가 발생합니다. 감사합니다. [인터파크 투어 고객센터]
※ 1:1문의 : 인터파크 투어 > 고객센터 > 1:1 문의하기
※ 전화 : 1588-3443 (해외 이용 시 +82-2-1588-3443) ※ 상담 가능 시간 항공 : 오전 9시 - 오후 5시 (주말, 공휴일, 점심시간 제외)"
581,INTERPARKTOUR,[인터파크 해외항공] 항공사 마일리지 등록 방법,"안녕하세요, 인터파크투어입니다. 마일리지 적립이 가능한 요금의 항공권이라면 [ 마이페이지 ] 또는 항공사 홈페이지에서 마일리지 등록이 가능합니다. [ 마일리지 등록 ] • 마이페이지 > 예약/결제 > 항공 > 예약 > 정보등록 - 마일리지 [ 선택등록 ] 클릭
• 탑승자의 마일리지 번호 입력
• 출발 당일 공항에서 반드시 재확인하세요.
• 항공편 출발 후에는 자동으로 적립됩니다.
• 등록 시점의 시스템 연동 상황에 따라 간혹 누락이 발생할 수 있습니다.
• 마이페이지 내 입력이 되지 않는 경우는 출발 전 업무시간 내 문의해주세요. ※ 참고 • 할인 항공권 또는 공동 운항 편의 경우 제휴 항공사(스카이팀, 스타얼라이언스 등) 마일리지 적립이 불가하거나 적립률이 달라질 수 있습니다.
• 결제 전 해당 항공사 사이트에서 마일리지 적립 여부를 확인해주세요.
• 마일리지 적립률은 항공사 사정에 따라 사전 공지 없이 변경될 수 있습니다.
• 탑승 후 항공사 회원가입 시 마일리지 적립이 불가하니, 탑승 전에 회원 가입을 완료하세요. 감사합니다. [인터파크 투어 고객센터]
※ 1:1문의 : 인터파크 투어 > 고객센터 > 1:1 문의하기
※ 전화 : 1588-3443 (해외 이용 시 +82-2-1588-3443) ※ 상담 가능 시간 항공 : 오전 9시 - 오후 5시 (주말, 공휴일, 점심시간 제외)","안녕하세요, 인터파크투어입니다. 마일리지 적립이 가능한 요금의 항공권이라면 [ 마이페이지 ] 또는 항공사 홈페이지에서 마일리지 등록이 가능합니다. [ 마일리지 등록 ] • 마이페이지 > 예약/결제 > 항공 > 예약 > 정보등록 - 마일리지 [ 선택등록 ] 클릭
• 탑승자의 마일리지 번호 입력
• 출발 당일 공항에서 반드시 재확인하세요.
• 항공편 출발 후에는 자동으로 적립됩니다.
• 등록 시점의 시스템 연동 상황에 따라 간혹 누락이 발생할 수 있습니다.
• 마이페이지 내 입력이 되지 않는 경우는 출발 전 업무시간 내 문의해주세요. ※ 참고 • 할인 항공권 또는 공동 운항 편의 경우 제휴 항공사(스카이팀, 스타얼라이언스 등) 마일리지 적립이 불가하거나 적립률이 달라질 수 있습니다.
• 결제 전 해당 항공사 사이트에서 마일리지 적립 여부를 확인해주세요.
• 마일리지 적립률은 항공사 사정에 따라 사전 공지 없이 변경될 수 있습니다.
• 탑승 후 항공사 회원가입 시 마일리지 적립이 불가하니, 탑승 전에 회원 가입을 완료하세요. 감사합니다. [인터파크 투어 고객센터]
※ 1:1문의 : 인터파크 투어 > 고객센터 > 1:1 문의하기
※ 전화 : 1588-3443 (해외 이용 시 +82-2-1588-3443) ※ 상담 가능 시간 항공 : 오전 9시 - 오후 5시 (주말, 공휴일, 점심시간 제외)"
582,INTERPARKTOUR,인터파크 국내항공_템플릿,"안녕하세요. 인터파크 국내 항공입니다. [ 예약번호 /  월    일  항공 (출발 > 도착) ] 감사합니다. [인터파크 투어 고객센터]
-1:1문의 : 인터파크 투어 > 고객센터 > 1:1 문의하기
-전화 : 1588-3443 (해외 이용시 +82-2-1588-3443)
-상담 가능시간
항공 : 오전 9시 오후 5시 (주말,휴일,점심시간 제외)","안녕하세요. 인터파크 국내 항공입니다. [ 예약번호 /  월    일  항공 (출발 > 도착) ] 감사합니다. [인터파크 투어 고객센터]
-1:1문의 : 인터파크 투어 > 고객센터 > 1:1 문의하기
-전화 : 1588-3443 (해외 이용시 +82-2-1588-3443)
-상담 가능시간
항공 : 오전 9시 오후 5시 (주말,휴일,점심시간 제외)"
583,INTERPARKTOUR,국내항공_환불/취소 문의_수수료 문의,"안녕하세요. 인터파크 국내 항공입니다. [ 예약번호 /  월 일  항공 (출발 > 도착) ] 문의하신 예약 취소 관련하여 아래의 답변드립니다. 문의하신 항공권의 취소 수수료는 아래와 같습니다.
단, 취소 수수료는 안내 시점이 아닌 취소 시점에 따라 달라질 수 있으니 참고 부탁드립니다.
아래 안내된 취소 수수료를 확인하신 후 취소 원하시는 경우 금일 17시전까지 1:1문의로 회신 부탁드립니다. (회신이 없는 경우 취소 처리되지 않습니다.) - 항공사 취소 수수료(1인 기준) : - 취소 접수 시점 : - 발권 수수료(1인 편도 당 1천 원)은 환불 불가 취소 수수료에 대한 내용은 [인터파크 투어 > 마이페이지 > 예약/결제 내역 > 예약 건] 클릭 후 운임 규정 확인에서도 다시 확인하실 수 있는 점 참고 부탁드립니다. 또한, 국내선 항공편은 편도+편도로 예약되므로 다른 예약 건이 있으시다면, 해당 예약 건을 통해 재문의 부탁드립니다. 감사합니다. [인터파크 투어 고객센터]
-1:1문의 : 인터파크 투어 > 고객센터 > 1:1 문의하기
-전화 : 1588-3443 (해외 이용시 +82-2-1588-3443)
-상담 가능시간
항공 : 오전 9시 오후 5시 (주말,휴일,점심시간 제외)","안녕하세요. 인터파크 국내 항공입니다. [ 예약번호 /  월 일  항공 (출발 > 도착) ] 문의하신 예약 취소 관련하여 아래의 답변드립니다. 문의하신 항공권의 취소 수수료는 아래와 같습니다.
단, 취소 수수료는 안내 시점이 아닌 취소 시점에 따라 달라질 수 있으니 참고 부탁드립니다.
아래 안내된 취소 수수료를 확인하신 후 취소 원하시는 경우 금일 17시전까지 1:1문의로 회신 부탁드립니다. (회신이 없는 경우 취소 처리되지 않습니다.) - 항공사 취소 수수료(1인 기준) : - 취소 접수 시점 : - 발권 수수료(1인 편도 당 1천 원)은 환불 불가 취소 수수료에 대한 내용은 [인터파크 투어 > 마이페이지 > 예약/결제 내역 > 예약 건] 클릭 후 운임 규정 확인에서도 다시 확인하실 수 있는 점 참고 부탁드립니다. 또한, 국내선 항공편은 편도+편도로 예약되므로 다른 예약 건이 있으시다면, 해당 예약 건을 통해 재문의 부탁드립니다. 감사합니다. [인터파크 투어 고객센터]
-1:1문의 : 인터파크 투어 > 고객센터 > 1:1 문의하기
-전화 : 1588-3443 (해외 이용시 +82-2-1588-3443)
-상담 가능시간
항공 : 오전 9시 오후 5시 (주말,휴일,점심시간 제외)"
584,INTERPARKTOUR,국내항공_구매익일_부분 탑승객,"안녕하세요. 인터파크 국내 항공입니다. [ 예약번호 / 00월 00일 00:00 00항공 (출발 > 도착) ] 문의하신 부분 탑승객 예약 취소 관련하여 아래의 답변드립니다. 문의하신 항공권의 취소 수수료는 아래와 같습니다.
단, 취소 수수료는 안내 시점이 아닌 취소 시점에 따라 달라질 수 있으니 참고 부탁드립니다. 아래 안내된 취소 수수료를 확인하신 후 취소하실 분의 성함을 기재하시어 금일 17시 전까지 1:1문의로 회신 부탁드립니다. (회신이 없는 경우 취소 처리되지 않습니다.) - 항공사 취소 수수료(1인 기준) : - 취소 접수 시점 : - 발권 수수료(1인 편도 당 1천 원)은 환불 불가 취소 수수료에 대한 내용은 [인터파크 투어 > 마이페이지 > 예약/결제 내역 > 예약 건] 클릭 후 운임 규정 확인에서도 다시 확인하실 수 있는 점 참고 부탁드립니다. 또한, 국내선 항공편은 편도+편도로 예약되므로 다른 예약 건이 있으시다면, 해당 예약 건을 통해 재문의 부탁드립니다. 감사합니다. [인터파크 투어 고객센터]
-1:1문의 : 인터파크 투어 > 고객센터 > 1:1 문의하기
-전화 : 1588-3443 (해외 이용시 +82-2-1588-3443)
-상담 가능시간
항공 : 오전 9시 오후 5시 (주말,휴일,점심시간 제외)","안녕하세요. 인터파크 국내 항공입니다. [ 예약번호 / 00월 00일 00:00 00항공 (출발 > 도착) ] 문의하신 부분 탑승객 예약 취소 관련하여 아래의 답변드립니다. 문의하신 항공권의 취소 수수료는 아래와 같습니다.
단, 취소 수수료는 안내 시점이 아닌 취소 시점에 따라 달라질 수 있으니 참고 부탁드립니다. 아래 안내된 취소 수수료를 확인하신 후 취소하실 분의 성함을 기재하시어 금일 17시 전까지 1:1문의로 회신 부탁드립니다. (회신이 없는 경우 취소 처리되지 않습니다.) - 항공사 취소 수수료(1인 기준) : - 취소 접수 시점 : - 발권 수수료(1인 편도 당 1천 원)은 환불 불가 취소 수수료에 대한 내용은 [인터파크 투어 > 마이페이지 > 예약/결제 내역 > 예약 건] 클릭 후 운임 규정 확인에서도 다시 확인하실 수 있는 점 참고 부탁드립니다. 또한, 국내선 항공편은 편도+편도로 예약되므로 다른 예약 건이 있으시다면, 해당 예약 건을 통해 재문의 부탁드립니다. 감사합니다. [인터파크 투어 고객센터]
-1:1문의 : 인터파크 투어 > 고객센터 > 1:1 문의하기
-전화 : 1588-3443 (해외 이용시 +82-2-1588-3443)
-상담 가능시간
항공 : 오전 9시 오후 5시 (주말,휴일,점심시간 제외)"
585,INTERPARKTOUR,국내항공_변경 문의_변경불가,"안녕하세요. 인터파크 국내항공 입니다. [ 예약번호 / 00월 00일 00:00 00항공 (출발 > 도착) ] 문의하신 일정 변경 관련하여 아래의 답변드립니다. 국내선 항공권은 구매 완료 후 날짜 변경이 불가능하며, 일정 변경이 필요한 예약은 취소 후 재구매 하셔야 합니다. 변경이 불가하여 금일 취소 진행시 수수료 안내드리오니 확인 부탁드립니다. - 항공사 환불 수수료(1인 기준) : - 환불 시점 : - 발권 수수료(1인 편도 당 1천 원)은 환불 불가 단, 환불 수수료는 안내시점이 아닌 환불 실행 시점에 따라 달라질 수 있습니다. 취소 수수료에 대한 내용은 [인터파크 투어 > 마이페이지 > 예약/결제 내역 > 예약 건] 클릭 후 운임 규정 확인에서도 다시 확인하실 수 있는 점 참고 부탁드립니다. 출발 전 전체 승객 취소는 [상세 예약 내역]에서 직접 취소 부탁드립니다. 감사합니다. [인터파크 투어 고객센터]
-1:1문의 : 인터파크 투어 > 고객센터 > 1:1 문의하기
-전화 : 1588-3443 (해외 이용시 +82-2-1588-3443)
-상담 가능시간
항공 : 오전 9시 오후 5시 (주말,휴일,점심시간 제외)","안녕하세요. 인터파크 국내항공 입니다. [ 예약번호 / 00월 00일 00:00 00항공 (출발 > 도착) ] 문의하신 일정 변경 관련하여 아래의 답변드립니다. 국내선 항공권은 구매 완료 후 날짜 변경이 불가능하며, 일정 변경이 필요한 예약은 취소 후 재구매 하셔야 합니다. 변경이 불가하여 금일 취소 진행시 수수료 안내드리오니 확인 부탁드립니다. - 항공사 환불 수수료(1인 기준) : - 환불 시점 : - 발권 수수료(1인 편도 당 1천 원)은 환불 불가 단, 환불 수수료는 안내시점이 아닌 환불 실행 시점에 따라 달라질 수 있습니다. 취소 수수료에 대한 내용은 [인터파크 투어 > 마이페이지 > 예약/결제 내역 > 예약 건] 클릭 후 운임 규정 확인에서도 다시 확인하실 수 있는 점 참고 부탁드립니다. 출발 전 전체 승객 취소는 [상세 예약 내역]에서 직접 취소 부탁드립니다. 감사합니다. [인터파크 투어 고객센터]
-1:1문의 : 인터파크 투어 > 고객센터 > 1:1 문의하기
-전화 : 1588-3443 (해외 이용시 +82-2-1588-3443)
-상담 가능시간
항공 : 오전 9시 오후 5시 (주말,휴일,점심시간 제외)"
586,INTERPARKTOUR,공통_I/B 선인입으로 처리완료한 경우,"안녕하세요. 인터파크 국내항공 입니다. 고객님의 예약번호로 조회해 보니,
금일 유선상/1:1문의(으)로 해당 문의에 대한 답변이 완료된 것으로 확인됩니다. 이외 다른 문의 사항이 있으시면 언제든 문의주세요. 감사합니다. [인터파크 투어 고객센터]
-1:1문의 : 인터파크 투어 > 고객센터 > 1:1 문의하기
-전화 : 1588-3443 (해외 이용시 +82-2-1588-3443)
-상담 가능시간
항공 : 오전 9시 오후 5시 (주말,휴일,점심시간 제외)","안녕하세요. 인터파크 국내항공 입니다. 고객님의 예약번호로 조회해 보니,
금일 유선상/1:1문의(으)로 해당 문의에 대한 답변이 완료된 것으로 확인됩니다. 이외 다른 문의 사항이 있으시면 언제든 문의주세요. 감사합니다. [인터파크 투어 고객센터]
-1:1문의 : 인터파크 투어 > 고객센터 > 1:1 문의하기
-전화 : 1588-3443 (해외 이용시 +82-2-1588-3443)
-상담 가능시간
항공 : 오전 9시 오후 5시 (주말,휴일,점심시간 제외)"
587,INTERPARKTOUR,항공(공통)_항공사사이트  확인불가 문의,"안녕하세요. 인터파크 국내항공 입니다. 항공사에서 조회하는 방법 아래 안내드립니다. 항공사 공식 홈페이지에서 조회 시 '항공사 예약번호'로 확인이 가능합니다. ▶ 항공 예약 번호 :
▶ 확인 방법 : 추가로 궁금한 점이 있으시면 언제든 문의주세요. 감사합니다. [인터파크 투어 고객센터]
-1:1문의 : 인터파크 투어 > 고객센터 > 1:1 문의하기
-전화 : 1588-3443 (해외 이용시 +82-2-1588-3443)
-상담 가능시간
항공 : 오전 9시 오후 5시 (주말,휴일,점심시간 제외)","안녕하세요. 인터파크 국내항공 입니다. 항공사에서 조회하는 방법 아래 안내드립니다. 항공사 공식 홈페이지에서 조회 시 '항공사 예약번호'로 확인이 가능합니다. ▶ 항공 예약 번호 :
▶ 확인 방법 : 추가로 궁금한 점이 있으시면 언제든 문의주세요. 감사합니다. [인터파크 투어 고객센터]
-1:1문의 : 인터파크 투어 > 고객센터 > 1:1 문의하기
-전화 : 1588-3443 (해외 이용시 +82-2-1588-3443)
-상담 가능시간
항공 : 오전 9시 오후 5시 (주말,휴일,점심시간 제외)"
588,INTERPARKTOUR,(공통) _환불 문의_환불 완료,"안녕하세요. 인터파크 국내항공 입니다. 요청하신 예약건은 [ 2022-04-08 09:35:25 접수 ] 완료되었습니다.
취소 접수 요청 후 원상 복구는 불가하며, 취소 요청 완료 시 알림톡이 자동발송되오니 확인 부탁드립니다. 발권 시 결제 된 발권대행수수료는 환불되지 않습니다. 카드 환불 소요 기간은 최소 7일 ~ 최대 4주 소요되며(카드사 영업일 기준), 환불 내역 문의는 반드시 결제한 카드사로 문의하세요. 추가로 궁금한 점이 있으시면 언제든 문의주세요. 감사합니다. [인터파크 투어 고객센터]
-1:1문의 : 인터파크 투어 > 고객센터 > 1:1 문의하기
-전화 : 1588-3443 (해외 이용시 +82-2-1588-3443)
-상담 가능시간
항공 : 오전 9시 오후 5시 (주말,휴일,점심시간 제외)","안녕하세요. 인터파크 국내항공 입니다. 요청하신 예약건은 [ 2022-04-08 09:35:25 접수 ] 완료되었습니다.
취소 접수 요청 후 원상 복구는 불가하며, 취소 요청 완료 시 알림톡이 자동발송되오니 확인 부탁드립니다. 발권 시 결제 된 발권대행수수료는 환불되지 않습니다. 카드 환불 소요 기간은 최소 7일 ~ 최대 4주 소요되며(카드사 영업일 기준), 환불 내역 문의는 반드시 결제한 카드사로 문의하세요. 추가로 궁금한 점이 있으시면 언제든 문의주세요. 감사합니다. [인터파크 투어 고객센터]
-1:1문의 : 인터파크 투어 > 고객센터 > 1:1 문의하기
-전화 : 1588-3443 (해외 이용시 +82-2-1588-3443)
-상담 가능시간
항공 : 오전 9시 오후 5시 (주말,휴일,점심시간 제외)"
589,INTERPARKTOUR,국내항공_부가서비스_이티켓,"안녕하세요. 인터파크 국내항공 입니다. 문의하신 전자 항공권 발행에 대해 아래의 답변드립니다. 국내선 항공권은 별도의 전자 항공권이 발행되지 않습니다.
탑승권은 아래의 경로를 통해 출력 가능하오니 이용에 참고해 주세요. 1. 항공사 카운터 발급
항공사 카운터 방문 후 항공사 예약번호를 통해 발급 가능합니다.
단, 항공사에 따라 발급 수수료가 발생될 수 있는 점 참고 부탁드립니다. 2. 키오스크(무인발급기) 발급
탑승 당일 공항 내 무인발급기를 통해 항공사 예약번호 입력 후 출력 가능합니다. 3. 모바일 체크인(QR 코드)
항공사 홈페이지를 통해 출발 24시간 전 ~ 출발 30분 전까지 모바일로 체크인이 가능합니다.
단, 모바일을 통한 체크인 이후 관련 문의는 항공사를 통해 문의해 주시기 바랍니다. 추가로 궁금한 점이 있으시면 언제든 문의주세요.
감사합니다. [인터파크 투어 고객센터]
-1:1문의 : 인터파크 투어 > 고객센터 > 1:1 문의하기
-전화 : 1588-3443 (해외 이용시 +82-2-1588-3443)
-상담 가능시간
항공 : 오전 9시 오후 5시 (주말,휴일,점심시간 제외)","안녕하세요. 인터파크 국내항공 입니다. 문의하신 전자 항공권 발행에 대해 아래의 답변드립니다. 국내선 항공권은 별도의 전자 항공권이 발행되지 않습니다.
탑승권은 아래의 경로를 통해 출력 가능하오니 이용에 참고해 주세요. 1. 항공사 카운터 발급
항공사 카운터 방문 후 항공사 예약번호를 통해 발급 가능합니다.
단, 항공사에 따라 발급 수수료가 발생될 수 있는 점 참고 부탁드립니다. 2. 키오스크(무인발급기) 발급
탑승 당일 공항 내 무인발급기를 통해 항공사 예약번호 입력 후 출력 가능합니다. 3. 모바일 체크인(QR 코드)
항공사 홈페이지를 통해 출발 24시간 전 ~ 출발 30분 전까지 모바일로 체크인이 가능합니다.
단, 모바일을 통한 체크인 이후 관련 문의는 항공사를 통해 문의해 주시기 바랍니다. 추가로 궁금한 점이 있으시면 언제든 문의주세요.
감사합니다. [인터파크 투어 고객센터]
-1:1문의 : 인터파크 투어 > 고객센터 > 1:1 문의하기
-전화 : 1588-3443 (해외 이용시 +82-2-1588-3443)
-상담 가능시간
항공 : 오전 9시 오후 5시 (주말,휴일,점심시간 제외)"
590,INTERPARKTOUR,국내항공_ 정보변경_요청 및 완료,"안녕하세요. 인터파크 국내항공 입니다. 문의하신 [ ] 수정 요청 관련하여 아래의 답변드립니다. [ ] 수정이 가능하여 변경 처리 완료되었습니다.
인터파크 국내항공 or 항공사 홈페이지를 통해 변경된 내용 확인이 가능하오니 참고 부탁드립니다. 추가로 궁금한 점이 있으시면 언제든 문의주세요. 감사합니다. [인터파크 투어 고객센터]
-1:1문의 : 인터파크 투어 > 고객센터 > 1:1 문의하기
-전화 : 1588-3443 (해외 이용시 +82-2-1588-3443)
-상담 가능시간
항공 : 오전 9시 오후 5시 (주말,휴일,점심시간 제외)","안녕하세요. 인터파크 국내항공 입니다. 문의하신 [ ] 수정 요청 관련하여 아래의 답변드립니다. [ ] 수정이 가능하여 변경 처리 완료되었습니다.
인터파크 국내항공 or 항공사 홈페이지를 통해 변경된 내용 확인이 가능하오니 참고 부탁드립니다. 추가로 궁금한 점이 있으시면 언제든 문의주세요. 감사합니다. [인터파크 투어 고객센터]
-1:1문의 : 인터파크 투어 > 고객센터 > 1:1 문의하기
-전화 : 1588-3443 (해외 이용시 +82-2-1588-3443)
-상담 가능시간
항공 : 오전 9시 오후 5시 (주말,휴일,점심시간 제외)"
591,INTERPARKTOUR,국내항공_온라인 체크인 및 좌석 지정 안내,"안녕하세요. 인터파크 국내항공 입니다. 문의하신 모바일체크인 및 좌석배정 관련하여 아래의 답변드립니다. 이용하시는 항공사의 경우 출발 1일 전 모바일 체크인 가능시 무료좌석 배정이 가능하며, 이전 배정시 유료 부가서비스를 이용해 주셔야 합니다. 항공사에서 조회하는 방법 아래 안내드리오니 참고 하시어 좌석배정 진행 부탁드립니다. 항공사 공식 홈페이지에서 조회 시 '항공사 예약번호'로 확인이 가능합니다. ▶ 항공 예약 번호 :
▶ 확인 방법 : 추가로 궁금한 점이 있으시면 언제든 문의주세요. 감사합니다. [인터파크 투어 고객센터]
-1:1문의 : 인터파크 투어 > 고객센터 > 1:1 문의하기
-전화 : 1588-3443 (해외 이용시 +82-2-1588-3443)
-상담 가능시간
항공 : 오전 9시 오후 5시 (주말,휴일,점심시간 제외)","안녕하세요. 인터파크 국내항공 입니다. 문의하신 모바일체크인 및 좌석배정 관련하여 아래의 답변드립니다. 이용하시는 항공사의 경우 출발 1일 전 모바일 체크인 가능시 무료좌석 배정이 가능하며, 이전 배정시 유료 부가서비스를 이용해 주셔야 합니다. 항공사에서 조회하는 방법 아래 안내드리오니 참고 하시어 좌석배정 진행 부탁드립니다. 항공사 공식 홈페이지에서 조회 시 '항공사 예약번호'로 확인이 가능합니다. ▶ 항공 예약 번호 :
▶ 확인 방법 : 추가로 궁금한 점이 있으시면 언제든 문의주세요. 감사합니다. [인터파크 투어 고객센터]
-1:1문의 : 인터파크 투어 > 고객센터 > 1:1 문의하기
-전화 : 1588-3443 (해외 이용시 +82-2-1588-3443)
-상담 가능시간
항공 : 오전 9시 오후 5시 (주말,휴일,점심시간 제외)"
592,INTERPARKTOUR,국내항공_마일리지 적립요청,"안녕하세요. 인터파크 국내항공 입니다. 문의하신 마일리지 적립 및 신청 관련하여 아래의 답변드립니다. 마일리지 적립의 경우 탑승자 본인의 회원번호로만 가능하오니 성함/마일리지번호(회원번호)를 남겨주시면 등록 도움드리겠습니다. 마일리지 적립은 항공권 탑승이 완료된 후 적립되는 점 참고 부탁드립니다. 탑승완료 후 마일리지적립은 항공사 측 통하여 별도로 사후적립 요청 해주셔야 합니다. 추가로 궁금한 점이 있으시면 언제든 문의주세요. 감사합니다. [인터파크 투어 고객센터]
-1:1문의 : 인터파크 투어 > 고객센터 > 1:1 문의하기
-전화 : 1588-3443 (해외 이용시 +82-2-1588-3443)
-상담 가능시간
항공 : 오전 9시 오후 5시 (주말,휴일,점심시간 제외)","안녕하세요. 인터파크 국내항공 입니다. 문의하신 마일리지 적립 및 신청 관련하여 아래의 답변드립니다. 마일리지 적립의 경우 탑승자 본인의 회원번호로만 가능하오니 성함/마일리지번호(회원번호)를 남겨주시면 등록 도움드리겠습니다. 마일리지 적립은 항공권 탑승이 완료된 후 적립되는 점 참고 부탁드립니다. 탑승완료 후 마일리지적립은 항공사 측 통하여 별도로 사후적립 요청 해주셔야 합니다. 추가로 궁금한 점이 있으시면 언제든 문의주세요. 감사합니다. [인터파크 투어 고객센터]
-1:1문의 : 인터파크 투어 > 고객센터 > 1:1 문의하기
-전화 : 1588-3443 (해외 이용시 +82-2-1588-3443)
-상담 가능시간
항공 : 오전 9시 오후 5시 (주말,휴일,점심시간 제외)"
593,INTERPARKTOUR,항공(공통)_항공결제_결제문의 _3자카드결제,"안녕하세요. 인터파크 국내항공 입니다. 문의하신 제3자 카드 결제에 대한 답변드립니다. 항공권 구매는 탑승객 명의의 카드로 결제되어야 합니다. 만일 예약자가 탑승객에 포함되어 있다면
예약자 명의의 카드로도 결제가 가능합니다. 결제 진행 시에는 본인 확인을 위한 절차로 카드소유주의 생년월일과 비밀번호 앞 두자리가 필요하며,
일부 항공사의 경우, 본인 절차를 거친 후에도 유선을 통해 카드소유주 확인 후 카드결제가 진행될 수 있으니 참고 부탁드립니다. 제 3자 카드로 결제하신 경우 발권은 가능하나, 항공사에서 카드 소지자의 결제 동의 관련 증빙 서류를 요구할 수 있습니다. 가족카드: 가족관계증명서 법인카드: 재직증명서 / 사업자 등록증 사본 공항에서 예외적으로 검사시 해당 서류를 구비하지 못하여 이용을 못하실 경우
여행사에서 도움드릴 수 없는 점 양해 부탁드리며 가급적 탑승자/예약자 카드를 사용하시는 것을 권장드립니다. 추가로 궁금한 점이 있으시면 언제든 문의주세요. 감사합니다. [인터파크 투어 고객센터]
-1:1문의 : 인터파크 투어 > 고객센터 > 1:1 문의하기
-전화 : 1588-3443 (해외 이용시 +82-2-1588-3443)
-상담 가능시간
항공 : 오전 9시 오후 5시 (주말,휴일,점심시간 제외)","안녕하세요. 인터파크 국내항공 입니다. 문의하신 제3자 카드 결제에 대한 답변드립니다. 항공권 구매는 탑승객 명의의 카드로 결제되어야 합니다. 만일 예약자가 탑승객에 포함되어 있다면
예약자 명의의 카드로도 결제가 가능합니다. 결제 진행 시에는 본인 확인을 위한 절차로 카드소유주의 생년월일과 비밀번호 앞 두자리가 필요하며,
일부 항공사의 경우, 본인 절차를 거친 후에도 유선을 통해 카드소유주 확인 후 카드결제가 진행될 수 있으니 참고 부탁드립니다. 제 3자 카드로 결제하신 경우 발권은 가능하나, 항공사에서 카드 소지자의 결제 동의 관련 증빙 서류를 요구할 수 있습니다. 가족카드: 가족관계증명서 법인카드: 재직증명서 / 사업자 등록증 사본 공항에서 예외적으로 검사시 해당 서류를 구비하지 못하여 이용을 못하실 경우
여행사에서 도움드릴 수 없는 점 양해 부탁드리며 가급적 탑승자/예약자 카드를 사용하시는 것을 권장드립니다. 추가로 궁금한 점이 있으시면 언제든 문의주세요. 감사합니다. [인터파크 투어 고객센터]
-1:1문의 : 인터파크 투어 > 고객센터 > 1:1 문의하기
-전화 : 1588-3443 (해외 이용시 +82-2-1588-3443)
-상담 가능시간
항공 : 오전 9시 오후 5시 (주말,휴일,점심시간 제외)"
594,INTERPARKTOUR,국내항공_ 영수증/여정확인서 요청,"안녕하세요. 인터파크 국내항공입니다. [ 예약번호 /  월 일  항공 (출발 > 도착) ] 문의하신 항공권의 여정확인서 및 영수증 관련하여 아래 답변 드립니다. 예약시 입력하신 이메일 주소를 통하여 재발송 도움드렸습니다. 메일 발송까지는 다소 시간이 소요 될 수 있는 점 양해 부탁드립니다. 감사합니다. [인터파크 투어 고객센터]
-1:1문의 : 인터파크 투어 > 고객센터 > 1:1 문의하기
-전화 : 1588-3443 (해외 이용시 +82-2-1588-3443)
-상담 가능시간
항공 : 오전 9시 오후 5시 (주말,휴일,점심시간 제외)","안녕하세요. 인터파크 국내항공입니다. [ 예약번호 /  월 일  항공 (출발 > 도착) ] 문의하신 항공권의 여정확인서 및 영수증 관련하여 아래 답변 드립니다. 예약시 입력하신 이메일 주소를 통하여 재발송 도움드렸습니다. 메일 발송까지는 다소 시간이 소요 될 수 있는 점 양해 부탁드립니다. 감사합니다. [인터파크 투어 고객센터]
-1:1문의 : 인터파크 투어 > 고객센터 > 1:1 문의하기
-전화 : 1588-3443 (해외 이용시 +82-2-1588-3443)
-상담 가능시간
항공 : 오전 9시 오후 5시 (주말,휴일,점심시간 제외)"
595,INTERPARKTOUR,국내항공_ sc이용 확정 전 안내사항,"안녕하세요. 인터파크 국내항공입니다. [ 예약번호 /  월 일  항공 (출발 > 도착) ] 문의하신 스케쥴 이용 확정 관련하여 아래의 답변드립니다. 변경된 스케쥴 이용 확정 후 무료 취소는 불가하며 예약 시 동의하신 규정에 따라 수수료가 발생됩니다. 규정에 대한 내용은 [인터파크 투어 > 마이페이지 > 예약/결제내역 > 예약 건] 클릭 후 운임 규정 확인에서도 다시 확인하실 수 있는 점 참고 부탁드립니다. 변경된 스케쥴에 동의 하신다면 [1:1 문의]를 통해 재회신 부탁드립니다. 추가로 궁금한 점이 있으시면 언제든 문의주세요. 감사합니다. [인터파크 투어 고객센터]
-1:1문의 : 인터파크 투어 > 고객센터 > 1:1 문의하기
-전화 : 1588-3443 (해외 이용시 +82-2-1588-3443)
-상담 가능시간
항공 : 오전 9시 오후 5시 (주말,휴일,점심시간 제외)","안녕하세요. 인터파크 국내항공입니다. [ 예약번호 /  월 일  항공 (출발 > 도착) ] 문의하신 스케쥴 이용 확정 관련하여 아래의 답변드립니다. 변경된 스케쥴 이용 확정 후 무료 취소는 불가하며 예약 시 동의하신 규정에 따라 수수료가 발생됩니다. 규정에 대한 내용은 [인터파크 투어 > 마이페이지 > 예약/결제내역 > 예약 건] 클릭 후 운임 규정 확인에서도 다시 확인하실 수 있는 점 참고 부탁드립니다. 변경된 스케쥴에 동의 하신다면 [1:1 문의]를 통해 재회신 부탁드립니다. 추가로 궁금한 점이 있으시면 언제든 문의주세요. 감사합니다. [인터파크 투어 고객센터]
-1:1문의 : 인터파크 투어 > 고객센터 > 1:1 문의하기
-전화 : 1588-3443 (해외 이용시 +82-2-1588-3443)
-상담 가능시간
항공 : 오전 9시 오후 5시 (주말,휴일,점심시간 제외)"
596,INTERPARKTOUR,국내항공_SC 이용 확정,"안녕하세요. 인터파크 국내항공입니다. [ 예약번호 /  월 일  항공 (출발 > 도착) ] 문의하신 스케쥴 이용 확정 관련하여 아래의 답변드립니다. 변경된 시간으로 이용하신다고 하여 항공사 측으로 확정 진행하였습니다. 이후 취소하실 경우 예약해 주신 항공편 요금 규정대로 수수료 부과되오니 참고 부탁드립니다. 추가로 궁금한 점이 있으시면 언제든 문의주세요. 감사합니다. [인터파크 투어 고객센터]
-1:1문의 : 인터파크 투어 > 고객센터 > 1:1 문의하기
-전화 : 1588-3443 (해외 이용시 +82-2-1588-3443)
-상담 가능시간
항공 : 오전 9시 오후 5시 (주말,휴일,점심시간 제외)","안녕하세요. 인터파크 국내항공입니다. [ 예약번호 /  월 일  항공 (출발 > 도착) ] 문의하신 스케쥴 이용 확정 관련하여 아래의 답변드립니다. 변경된 시간으로 이용하신다고 하여 항공사 측으로 확정 진행하였습니다. 이후 취소하실 경우 예약해 주신 항공편 요금 규정대로 수수료 부과되오니 참고 부탁드립니다. 추가로 궁금한 점이 있으시면 언제든 문의주세요. 감사합니다. [인터파크 투어 고객센터]
-1:1문의 : 인터파크 투어 > 고객센터 > 1:1 문의하기
-전화 : 1588-3443 (해외 이용시 +82-2-1588-3443)
-상담 가능시간
항공 : 오전 9시 오후 5시 (주말,휴일,점심시간 제외)"
597,INTERPARKTOUR,국내항공_ 이름변경 접수 가능,"안녕하세요. 인터파크 국내항공입니다. [ 예약번호 /  월 일  항공 (출발 > 도착) ] 문의하신 탑승객 이름 수정 관련하여 아래 답변드립니다. 탑승객 이름은 항공사를 통해 변경 가능 여부 확인이 필요하며, 항공사 규정에 따라 변경이 되지 않고 취소 후 재구매가 필요하실 수도 있습니다. 탑승객 이름 수정이 가능할 경우, 항공사 변경 수수료가 발생됩니다. - 수수료 내역 :
항공사 변경 수수료 : 5,000원(1인당) > 변경 전 성함 :
> 변경 후 성함 : 탑승객 이름 수정은 1회만 가능하며, 수수료 발생에 동의하신다면, 상단의 변경 정보와 함께 [1:1 문의]로 재회신 부탁드립니다. 참고로, 항공사 이름 수정에 대한 심사는 최소 1일 ~ 최대 5일 소요될 수 있습니다. 추가로 궁금한 점이 있으시면 언제든 문의주세요. 감사합니다. [인터파크 투어 고객센터]
-1:1문의 : 인터파크 투어 > 고객센터 > 1:1 문의하기
-전화 : 1588-3443 (해외 이용시 +82-2-1588-3443)
-상담 가능시간
항공 : 오전 9시 오후 5시 (주말,휴일,점심시간 제외)","안녕하세요. 인터파크 국내항공입니다. [ 예약번호 /  월 일  항공 (출발 > 도착) ] 문의하신 탑승객 이름 수정 관련하여 아래 답변드립니다. 탑승객 이름은 항공사를 통해 변경 가능 여부 확인이 필요하며, 항공사 규정에 따라 변경이 되지 않고 취소 후 재구매가 필요하실 수도 있습니다. 탑승객 이름 수정이 가능할 경우, 항공사 변경 수수료가 발생됩니다. - 수수료 내역 :
항공사 변경 수수료 : 5,000원(1인당) > 변경 전 성함 :
> 변경 후 성함 : 탑승객 이름 수정은 1회만 가능하며, 수수료 발생에 동의하신다면, 상단의 변경 정보와 함께 [1:1 문의]로 재회신 부탁드립니다. 참고로, 항공사 이름 수정에 대한 심사는 최소 1일 ~ 최대 5일 소요될 수 있습니다. 추가로 궁금한 점이 있으시면 언제든 문의주세요. 감사합니다. [인터파크 투어 고객센터]
-1:1문의 : 인터파크 투어 > 고객센터 > 1:1 문의하기
-전화 : 1588-3443 (해외 이용시 +82-2-1588-3443)
-상담 가능시간
항공 : 오전 9시 오후 5시 (주말,휴일,점심시간 제외)"
598,INTERPARKTOUR,국내항공_이름변경 접수 불가,"안녕하세요. 인터파크 국내항공 입니다. 문의하신 탑승객 이름 수정 관련하여 아래 답변드립니다. 해당 항공사의 경우 탑승객 이름 수정 원하시는 경우 항공사로 직접 문의 하시어 수정 가능 여부 확인 및 접수 해주셔야 합니다. 수정이 가능하더라도 해당 항공사 내부 규정에 따른 이름 변경 수수료가 발생될 수 있는 점 참고 부탁드립니다. 항공사를 통해 변경한 내용은 저희 인터파크 홈페이지 혹은 어플내에는 반영이 되지 않을 수 있는 점 양해부탁드립니다. 추가로 궁금한 점이 있으시면 언제든 문의주세요. 감사합니다. [인터파크 투어 고객센터]
-1:1문의 : 인터파크 투어 > 고객센터 > 1:1 문의하기
-전화 : 1588-3443 (해외 이용시 +82-2-1588-3443)
-상담 가능시간
항공 : 오전 9시 오후 5시 (주말,휴일,점심시간 제외)","안녕하세요. 인터파크 국내항공 입니다. 문의하신 탑승객 이름 수정 관련하여 아래 답변드립니다. 해당 항공사의 경우 탑승객 이름 수정 원하시는 경우 항공사로 직접 문의 하시어 수정 가능 여부 확인 및 접수 해주셔야 합니다. 수정이 가능하더라도 해당 항공사 내부 규정에 따른 이름 변경 수수료가 발생될 수 있는 점 참고 부탁드립니다. 항공사를 통해 변경한 내용은 저희 인터파크 홈페이지 혹은 어플내에는 반영이 되지 않을 수 있는 점 양해부탁드립니다. 추가로 궁금한 점이 있으시면 언제든 문의주세요. 감사합니다. [인터파크 투어 고객센터]
-1:1문의 : 인터파크 투어 > 고객센터 > 1:1 문의하기
-전화 : 1588-3443 (해외 이용시 +82-2-1588-3443)
-상담 가능시간
항공 : 오전 9시 오후 5시 (주말,휴일,점심시간 제외)"
599,INTERPARKTOUR,국내항공_ 수하물 문의,"안녕하세요. 인터파크 국내항공 입니다. [] 문의하신 수하물에 대해 아래와 같이 확인하여 답변드립니다. * 기내 수하물(1인 기준) : 00KG
* 위탁 수하물(1인 기준, 유아 제외) : 00KG 해당 항공권의 수하물 규정에 대한 자세한 사항은 항공사 홈페이지를 통해 확인 부탁드리겠습니다. 추가로 궁금한 점이 있으시면 언제든 문의주세요. 감사합니다. [인터파크 투어 고객센터]
-1:1문의 : 인터파크 투어 > 고객센터 > 1:1 문의하기
-전화 : 1588-3443 (해외 이용시 +82-2-1588-3443)
-상담 가능시간
항공 : 오전 9시 오후 5시 (주말,휴일,점심시간 제외)","안녕하세요. 인터파크 국내항공 입니다. [] 문의하신 수하물에 대해 아래와 같이 확인하여 답변드립니다. * 기내 수하물(1인 기준) : 00KG
* 위탁 수하물(1인 기준, 유아 제외) : 00KG 해당 항공권의 수하물 규정에 대한 자세한 사항은 항공사 홈페이지를 통해 확인 부탁드리겠습니다. 추가로 궁금한 점이 있으시면 언제든 문의주세요. 감사합니다. [인터파크 투어 고객센터]
-1:1문의 : 인터파크 투어 > 고객센터 > 1:1 문의하기
-전화 : 1588-3443 (해외 이용시 +82-2-1588-3443)
-상담 가능시간
항공 : 오전 9시 오후 5시 (주말,휴일,점심시간 제외)"
600,INTERPARKTOUR,국내항공_ 타부서 문의 전환,"안녕하세요. 인터파크 국내항공 입니다. [] 문의하신 내용 관련 하여 아래 답변드립니다. 해당 내용 확인 결과 국내선 항공권 관련 문의가 아닌것으로 확인되어 저희가 도움을 드리기 어렵습니다. 번거로우시더라도 해당 담당부서로 재문의 부탁드립니다. 추가로 궁금한 점이 있으시면 언제든 문의주세요.
감사합니다. [인터파크 투어 고객센터]
-1:1문의 : 인터파크 투어 > 고객센터 > 1:1 문의하기
-전화 : 1588-3443 (해외 이용시 +82-2-1588-3443)
-상담 가능시간
항공 : 오전 9시 오후 5시 (주말,휴일,점심시간 제외)","안녕하세요. 인터파크 국내항공 입니다. [] 문의하신 내용 관련 하여 아래 답변드립니다. 해당 내용 확인 결과 국내선 항공권 관련 문의가 아닌것으로 확인되어 저희가 도움을 드리기 어렵습니다. 번거로우시더라도 해당 담당부서로 재문의 부탁드립니다. 추가로 궁금한 점이 있으시면 언제든 문의주세요.
감사합니다. [인터파크 투어 고객센터]
-1:1문의 : 인터파크 투어 > 고객센터 > 1:1 문의하기
-전화 : 1588-3443 (해외 이용시 +82-2-1588-3443)
-상담 가능시간
항공 : 오전 9시 오후 5시 (주말,휴일,점심시간 제외)"
601,INTERPARKTOUR,국내항공_롯데카드 무료 동반 항공권 문의,"안녕하세요. 인터파크 국내항공 입니다. [] 문의하신 롯데카드 동반자 무료 항공권 구매 관련하여 아래 답변드립니다. 롯데카드 동반 탑승객 무료 발권 원하시는 경우 1:1문의로 접수는 불가하여 담당자 전달하여 유선 안내 받으실 수 있도록 도움드리겠습니다. 원할한 상담 진행을 위해 아래 필요내용을 작성하시어 1:1문의 회신부탁드립니다. - 이름 :
- 전화번호 :
- 카드번호 : 상담 접수 후에는 담당자 확인 후 순차적으로 전화드릴 예정이오니 시간 소요되는 점 양해 부탁드립니다. 추가로 궁금한 점이 있으시면 언제든 문의주세요. 감사합니다. [인터파크 투어 고객센터]
-1:1문의 : 인터파크 투어 > 고객센터 > 1:1 문의하기
-전화 : 1588-3443 (해외 이용시 +82-2-1588-3443)
-상담 가능시간
항공 : 오전 9시 오후 5시 (주말,휴일,점심시간 제외)","안녕하세요. 인터파크 국내항공 입니다. [] 문의하신 롯데카드 동반자 무료 항공권 구매 관련하여 아래 답변드립니다. 롯데카드 동반 탑승객 무료 발권 원하시는 경우 1:1문의로 접수는 불가하여 담당자 전달하여 유선 안내 받으실 수 있도록 도움드리겠습니다. 원할한 상담 진행을 위해 아래 필요내용을 작성하시어 1:1문의 회신부탁드립니다. - 이름 :
- 전화번호 :
- 카드번호 : 상담 접수 후에는 담당자 확인 후 순차적으로 전화드릴 예정이오니 시간 소요되는 점 양해 부탁드립니다. 추가로 궁금한 점이 있으시면 언제든 문의주세요. 감사합니다. [인터파크 투어 고객센터]
-1:1문의 : 인터파크 투어 > 고객센터 > 1:1 문의하기
-전화 : 1588-3443 (해외 이용시 +82-2-1588-3443)
-상담 가능시간
항공 : 오전 9시 오후 5시 (주말,휴일,점심시간 제외)"
602,INTERPARKTOUR,국내항공_롯데카드 접수완료,"안녕하세요. 인터파크 국내항공 입니다. [] 문의하신 롯데카드 예약건 관련하여 아래 답변드립니다. 요청해주신 건은 담당자 전달완료 되었습니다. 상담 접수 후에는 담당자 확인 후 순차적으로 전화드릴 예정이오니 시간 소요되는 점 양해 부탁드립니다. 추가로 궁금한 점이 있으시면 언제든 문의주세요. 감사합니다. [인터파크 투어 고객센터]
-1:1문의 : 인터파크 투어 > 고객센터 > 1:1 문의하기
-전화 : 1588-3443 (해외 이용시 +82-2-1588-3443)
-상담 가능시간
항공 : 오전 9시 오후 5시 (주말,휴일,점심시간 제외)","안녕하세요. 인터파크 국내항공 입니다. [] 문의하신 롯데카드 예약건 관련하여 아래 답변드립니다. 요청해주신 건은 담당자 전달완료 되었습니다. 상담 접수 후에는 담당자 확인 후 순차적으로 전화드릴 예정이오니 시간 소요되는 점 양해 부탁드립니다. 추가로 궁금한 점이 있으시면 언제든 문의주세요. 감사합니다. [인터파크 투어 고객센터]
-1:1문의 : 인터파크 투어 > 고객센터 > 1:1 문의하기
-전화 : 1588-3443 (해외 이용시 +82-2-1588-3443)
-상담 가능시간
항공 : 오전 9시 오후 5시 (주말,휴일,점심시간 제외)"
603,INTERPARKTOUR,국내항공_회원/비회원 예약조회 불가 문의,"안녕하세요. 인터파크 국내항공 입니다. [] 문의하신 예약 조회 관련하여 아래 답변드립니다. 요청해주신 건은 확인 결과 정상적으로 예약은 완료 되었으나 비회원 예약건으로 확인되었습니다. 네이버를 통한 비회원 예약진행 해주신 경우 홈페이지 혹은 어플상에서 로그인 후 예약조회시 예약 조회가 불가합니다. 해당건의 확인 원하시는 경우 번거로우시겠으나 인터파크 투어 마이페이지에서 로그아웃 하신 후 로그인 화면에서 비회원 예약조회로 확인 부탁드립니다. 추가로 궁금한 점이 있으시면 언제든 문의주세요. 감사합니다. [인터파크 투어 고객센터]
-1:1문의 : 인터파크 투어 > 고객센터 > 1:1 문의하기
-전화 : 1588-3443 (해외 이용시 +82-2-1588-3443)
-상담 가능시간
항공 : 오전 9시 오후 5시 (주말,휴일,점심시간 제외)","안녕하세요. 인터파크 국내항공 입니다. [] 문의하신 예약 조회 관련하여 아래 답변드립니다. 요청해주신 건은 확인 결과 정상적으로 예약은 완료 되었으나 비회원 예약건으로 확인되었습니다. 네이버를 통한 비회원 예약진행 해주신 경우 홈페이지 혹은 어플상에서 로그인 후 예약조회시 예약 조회가 불가합니다. 해당건의 확인 원하시는 경우 번거로우시겠으나 인터파크 투어 마이페이지에서 로그아웃 하신 후 로그인 화면에서 비회원 예약조회로 확인 부탁드립니다. 추가로 궁금한 점이 있으시면 언제든 문의주세요. 감사합니다. [인터파크 투어 고객센터]
-1:1문의 : 인터파크 투어 > 고객센터 > 1:1 문의하기
-전화 : 1588-3443 (해외 이용시 +82-2-1588-3443)
-상담 가능시간
항공 : 오전 9시 오후 5시 (주말,휴일,점심시간 제외)"
604,INTERPARKTOUR,국내항공_유아승객 추가 요청/문의,"안녕하세요. 인터파크 국내항공 입니다. [] 문의하신 유아승객 추가 관련하여 아래의 답변드립니다. 유아승객 추가를 원하시는경우 아래의 양식을 통하여 재회신 주시면 등록 도움드리겠습니다. 유아보호자명/ 유아승객명/ 성별/ 생년월일 추가로 궁금한 점이 있으시면 언제든 문의주세요. 감사합니다. [인터파크 투어 고객센터]
-1:1문의 : 인터파크 투어 > 고객센터 > 1:1 문의하기
-전화 : 1588-3443 (해외 이용시 +82-2-1588-3443)
-상담 가능시간
항공 : 오전 9시 오후 5시 (주말,휴일,점심시간 제외)","안녕하세요. 인터파크 국내항공 입니다. [] 문의하신 유아승객 추가 관련하여 아래의 답변드립니다. 유아승객 추가를 원하시는경우 아래의 양식을 통하여 재회신 주시면 등록 도움드리겠습니다. 유아보호자명/ 유아승객명/ 성별/ 생년월일 추가로 궁금한 점이 있으시면 언제든 문의주세요. 감사합니다. [인터파크 투어 고객센터]
-1:1문의 : 인터파크 투어 > 고객센터 > 1:1 문의하기
-전화 : 1588-3443 (해외 이용시 +82-2-1588-3443)
-상담 가능시간
항공 : 오전 9시 오후 5시 (주말,휴일,점심시간 제외)"
605,INTERPARKTOUR,국내항공_ 신분할인 관련 문의,"안녕하세요. 인터파크 국내항공 입니다. [] 문의하신 신분 할인 관련하여 아래의 답변드립니다. 신분할인혜택의 적용은 일반석 항공권 결제 전 탑승자 정보 입력시 신분할인 선택에서 직접 선택이 가능하며 할인석 구매시에는 할인 혜택적용이 불가 할 수 있습니다. 단 제공되는 혜택의 내용은 각 항공사별로 상이하며, 탑승시 항공사 카운터에서 증빙자료를 제출해야 하오니 반드시 서류구비 후 이용 부탁드립니다. 신분할인 적용 및 증빙서류 관련 세부 문의 사항은 각 항공사로 문의 후 예약부탁드립니다. 또한 이미 결제및 예약이 완료된 항공권에 대해서는 신분할인 적용이 불가능하여 원하시는 경우에는 취소 후 재구매 부탁드립니다. 감사합니다. [인터파크 투어 고객센터]
-1:1문의 : 인터파크 투어 > 고객센터 > 1:1 문의하기
-전화 : 1588-3443 (해외 이용시 +82-2-1588-3443)
-상담 가능시간
항공 : 오전 9시 오후 5시 (주말,휴일,점심시간 제외)","안녕하세요. 인터파크 국내항공 입니다. [] 문의하신 신분 할인 관련하여 아래의 답변드립니다. 신분할인혜택의 적용은 일반석 항공권 결제 전 탑승자 정보 입력시 신분할인 선택에서 직접 선택이 가능하며 할인석 구매시에는 할인 혜택적용이 불가 할 수 있습니다. 단 제공되는 혜택의 내용은 각 항공사별로 상이하며, 탑승시 항공사 카운터에서 증빙자료를 제출해야 하오니 반드시 서류구비 후 이용 부탁드립니다. 신분할인 적용 및 증빙서류 관련 세부 문의 사항은 각 항공사로 문의 후 예약부탁드립니다. 또한 이미 결제및 예약이 완료된 항공권에 대해서는 신분할인 적용이 불가능하여 원하시는 경우에는 취소 후 재구매 부탁드립니다. 감사합니다. [인터파크 투어 고객센터]
-1:1문의 : 인터파크 투어 > 고객센터 > 1:1 문의하기
-전화 : 1588-3443 (해외 이용시 +82-2-1588-3443)
-상담 가능시간
항공 : 오전 9시 오후 5시 (주말,휴일,점심시간 제외)"
606,INTERPARKTOUR,[인터파크 해외항공] 기본 템플릿,"안녕하세요, 인터파크투어입니다. 예약번호 : 감사합니다. [인터파크 투어 고객센터]
※ 1:1문의 : 인터파크 투어 > 고객센터 > 1:1 문의하기
※ 전화 : 1588-3443 (해외 이용시 +82-2-1588-3443) ※ 상담 가능시간 항공 : 오전 9시 - 오후 5시 (주말,공휴일,점심시간 제외)","안녕하세요, 인터파크투어입니다. 예약번호 : 감사합니다. [인터파크 투어 고객센터]
※ 1:1문의 : 인터파크 투어 > 고객센터 > 1:1 문의하기
※ 전화 : 1588-3443 (해외 이용시 +82-2-1588-3443) ※ 상담 가능시간 항공 : 오전 9시 - 오후 5시 (주말,공휴일,점심시간 제외)"
607,INTERPARKTOUR,[인터파크 해외항공] 마일리지 등록 시 유의 사항,"안녕하세요, 인터파크투어입니다. 예약번호 : 마일리지 등록 처리해 드렸습니다. 감사합니다. ※ 마일리지 등록 유의사항 확인하기 • 마일리지 번호를 등록하셔도 전송 문제로 누락될 수 있으므로 공항에서 체크인 후 적립되셨는지 꼭 확인해 주시기 바랍니다.
• 누락된 마일리지 적립은 이용하신 탑승권 영수증과 이티켓을 꼭 소지하시어 여행 이후 해당 항공사에 적립 요청해 주시기 바랍니다.
• 적립률은 항공사 또는 항공 기본요금별로 차이가 있을 수 있으며 적립률 문의는 해당 항공사 사이트로 문의해 주시기 바랍니다.
• 마일리지 적립은 마일리지 회원으로 가입 후 가능하며 한국 출발 전, 탑승 수속 전에 미리 마일리지 발급받으셔야 가능합니다. [인터파크 투어 고객센터]
※ 1:1문의 : 인터파크 투어 > 고객센터 > 1:1 문의하기
※ 전화 : 1588-3443 (해외 이용 시 +82-2-1588-3443) ※ 상담 가능 시간 항공 : 오전 9시 - 오후 5시 (주말, 공휴일, 점심시간 제외)","안녕하세요, 인터파크투어입니다. 예약번호 : 마일리지 등록 처리해 드렸습니다. 감사합니다. ※ 마일리지 등록 유의사항 확인하기 • 마일리지 번호를 등록하셔도 전송 문제로 누락될 수 있으므로 공항에서 체크인 후 적립되셨는지 꼭 확인해 주시기 바랍니다.
• 누락된 마일리지 적립은 이용하신 탑승권 영수증과 이티켓을 꼭 소지하시어 여행 이후 해당 항공사에 적립 요청해 주시기 바랍니다.
• 적립률은 항공사 또는 항공 기본요금별로 차이가 있을 수 있으며 적립률 문의는 해당 항공사 사이트로 문의해 주시기 바랍니다.
• 마일리지 적립은 마일리지 회원으로 가입 후 가능하며 한국 출발 전, 탑승 수속 전에 미리 마일리지 발급받으셔야 가능합니다. [인터파크 투어 고객센터]
※ 1:1문의 : 인터파크 투어 > 고객센터 > 1:1 문의하기
※ 전화 : 1588-3443 (해외 이용 시 +82-2-1588-3443) ※ 상담 가능 시간 항공 : 오전 9시 - 오후 5시 (주말, 공휴일, 점심시간 제외)"
608,INTERPARKTOUR,[인터파크 해외항공] 취소 철회 요청 건,"안녕하세요, 인터파크투어입니다. 예약번호 :
취소 철회되었으니 확인 후 이용 바랍니다. 감사합니다. [인터파크 투어 고객센터]
※ 1:1문의 : 인터파크 투어 > 고객센터 > 1:1 문의하기
※ 전화 : 1588-3443 (해외 이용 시 +82-2-1588-3443) ※ 상담 가능 시간 항공 : 오전 9시 - 오후 5시 (주말, 공휴일, 점심시간 제외)","안녕하세요, 인터파크투어입니다. 예약번호 :
취소 철회되었으니 확인 후 이용 바랍니다. 감사합니다. [인터파크 투어 고객센터]
※ 1:1문의 : 인터파크 투어 > 고객센터 > 1:1 문의하기
※ 전화 : 1588-3443 (해외 이용 시 +82-2-1588-3443) ※ 상담 가능 시간 항공 : 오전 9시 - 오후 5시 (주말, 공휴일, 점심시간 제외)"
609,INTERPARKTOUR,[인터파크 해외항공] 비회원 예약 관련 문의,"안녕하세요, 인터파크투어입니다. 예약번호 :
비회원 예약으로 확인됩니다. [로그인 > 비회원 예약조회 > 예약자명 / 휴대번호 / 인증번호 입력 > 예약 확인]
위 방법으로 재 조회 부탁 드립니다. ※ 모바일 웹페이지로는 확인이 불가하며 PC, 인터파크 투어 앱으로 확인해주셔야합니다. ※ 비회원은 예약 후 연락처 수정 및 개인 회원(ID)로 연동은 불가 하오니 이용에 참고 바랍니다. 감사합니다. [인터파크 투어 고객센터]
※ 1:1문의 : 인터파크 투어 > 고객센터 > 1:1 문의하기
※ 전화 : 1588-3443 (해외 이용 시 +82-2-1588-3443) ※ 상담 가능 시간 항공 : 오전 9시 - 오후 5시 (주말, 공휴일, 점심시간 제외)","안녕하세요, 인터파크투어입니다. 예약번호 :
비회원 예약으로 확인됩니다. [로그인 > 비회원 예약조회 > 예약자명 / 휴대번호 / 인증번호 입력 > 예약 확인]
위 방법으로 재 조회 부탁 드립니다. ※ 모바일 웹페이지로는 확인이 불가하며 PC, 인터파크 투어 앱으로 확인해주셔야합니다. ※ 비회원은 예약 후 연락처 수정 및 개인 회원(ID)로 연동은 불가 하오니 이용에 참고 바랍니다. 감사합니다. [인터파크 투어 고객센터]
※ 1:1문의 : 인터파크 투어 > 고객센터 > 1:1 문의하기
※ 전화 : 1588-3443 (해외 이용 시 +82-2-1588-3443) ※ 상담 가능 시간 항공 : 오전 9시 - 오후 5시 (주말, 공휴일, 점심시간 제외)"
610,INTERPARKTOUR,[인터파크 해외항공] 수수료 결제 문의,"안녕하세요, 인터파크투어입니다. 예약번호 :
마이페이지> 예약번호 > 수수료 결제에서 진행바랍니다. 감사합니다. [인터파크 투어 고객센터]
※ 1:1문의 : 인터파크 투어 > 고객센터 > 1:1 문의하기
※ 전화 : 1588-3443 (해외 이용 시 +82-2-1588-3443) ※ 상담 가능 시간 항공 : 오전 9시 - 오후 5시 (주말, 공휴일, 점심시간 제외)","안녕하세요, 인터파크투어입니다. 예약번호 :
마이페이지> 예약번호 > 수수료 결제에서 진행바랍니다. 감사합니다. [인터파크 투어 고객센터]
※ 1:1문의 : 인터파크 투어 > 고객센터 > 1:1 문의하기
※ 전화 : 1588-3443 (해외 이용 시 +82-2-1588-3443) ※ 상담 가능 시간 항공 : 오전 9시 - 오후 5시 (주말, 공휴일, 점심시간 제외)"
611,INTERPARKTOUR,[인터파크 해외항공] 저비용항공사(LCC) 마일리지 안내,"안녕하세요. 인터파크투어입니다. 예약번호 : 예약하신 항공사 마일리지의 경우 여행사에서는 적립이 불가한 관계로 적립방법은 해당 항공사로 확인해주시기 바랍니다. 항공사 확인시 항공사 예약번호 :    로 확인부탁드립니다. 감사합니다. [인터파크 투어 고객센터]
※ 1:1문의 : 인터파크 투어 > 고객센터 > 1:1 문의하기
※ 전화 : 1588-3443 (해외 이용 시 +82-2-1588-3443) ※ 상담 가능 시간 항공 : 오전 9시 - 오후 5시 (주말, 공휴일, 점심시간 제외)","안녕하세요. 인터파크투어입니다. 예약번호 : 예약하신 항공사 마일리지의 경우 여행사에서는 적립이 불가한 관계로 적립방법은 해당 항공사로 확인해주시기 바랍니다. 항공사 확인시 항공사 예약번호 :    로 확인부탁드립니다. 감사합니다. [인터파크 투어 고객센터]
※ 1:1문의 : 인터파크 투어 > 고객센터 > 1:1 문의하기
※ 전화 : 1588-3443 (해외 이용 시 +82-2-1588-3443) ※ 상담 가능 시간 항공 : 오전 9시 - 오후 5시 (주말, 공휴일, 점심시간 제외)"
612,INTERPARKTOUR,[인터파크 해외항공] 카드증빙 확인,"안녕하세요, 인터파크투어입니다. 예약번호 : 보내주신 결제증빙서류 확인되었습니다.
출국당일 결제증빙서류와 결제카드는 소지하지 않으셔도 됩니다. 감사합니다. [인터파크 투어 고객센터]
※ 1:1문의 : 인터파크 투어 > 고객센터 > 1:1 문의하기
※ 전화 : 1588-3443 (해외 이용 시 +82-2-1588-3443) ※ 상담 가능 시간 항공 : 오전 9시 - 오후 5시 (주말, 공휴일, 점심시간 제외)","안녕하세요, 인터파크투어입니다. 예약번호 : 보내주신 결제증빙서류 확인되었습니다.
출국당일 결제증빙서류와 결제카드는 소지하지 않으셔도 됩니다. 감사합니다. [인터파크 투어 고객센터]
※ 1:1문의 : 인터파크 투어 > 고객센터 > 1:1 문의하기
※ 전화 : 1588-3443 (해외 이용 시 +82-2-1588-3443) ※ 상담 가능 시간 항공 : 오전 9시 - 오후 5시 (주말, 공휴일, 점심시간 제외)"
613,INTERPARKTOUR,[인터파크 해외항공] 결제시한 연장 후,"안녕하세요, 인터파크투어입니다. 예약번호 : 결제시한이  월  일  시까지 변경되었습니다.
이용을 원하시면 결제 시한 내 결제 요청 해주시기 바랍니다. 감사합니다. [인터파크 투어 고객센터]
※ 1:1문의 : 인터파크 투어 > 고객센터 > 1:1 문의하기
※ 전화 : 1588-3443 (해외 이용 시 +82-2-1588-3443) ※ 상담 가능 시간 항공 : 오전 9시 - 오후 5시 (주말, 공휴일, 점심시간 제외)","안녕하세요, 인터파크투어입니다. 예약번호 : 결제시한이  월  일  시까지 변경되었습니다.
이용을 원하시면 결제 시한 내 결제 요청 해주시기 바랍니다. 감사합니다. [인터파크 투어 고객센터]
※ 1:1문의 : 인터파크 투어 > 고객센터 > 1:1 문의하기
※ 전화 : 1588-3443 (해외 이용 시 +82-2-1588-3443) ※ 상담 가능 시간 항공 : 오전 9시 - 오후 5시 (주말, 공휴일, 점심시간 제외)"
614,INTERPARKTOUR,[인터파크 해외항공] 결제시한 연장 불가,"안녕하세요, 인터파크투어입니다. 예약번호 : 해당 예약 건은 결제 시한 연장이 불가 합니다.
새롭게 예약 하신 후 결제 진행 부탁 드립니다.
도움 드리지 못하여 대단히 죄송합니다. 감사합니다. [인터파크 투어 고객센터]
※ 1:1문의 : 인터파크 투어 > 고객센터 > 1:1 문의하기
※ 전화 : 1588-3443 (해외 이용 시 +82-2-1588-3443) ※ 상담 가능 시간 항공 : 오전 9시 - 오후 5시 (주말, 공휴일, 점심시간 제외)","안녕하세요, 인터파크투어입니다. 예약번호 : 해당 예약 건은 결제 시한 연장이 불가 합니다.
새롭게 예약 하신 후 결제 진행 부탁 드립니다.
도움 드리지 못하여 대단히 죄송합니다. 감사합니다. [인터파크 투어 고객센터]
※ 1:1문의 : 인터파크 투어 > 고객센터 > 1:1 문의하기
※ 전화 : 1588-3443 (해외 이용 시 +82-2-1588-3443) ※ 상담 가능 시간 항공 : 오전 9시 - 오후 5시 (주말, 공휴일, 점심시간 제외)"
615,INTERPARKTOUR,[인터파크 해외항공] 이티켓 확인 및 발송 문의,"안녕하세요, 인터파크투어입니다. 예약번호 : 등록하신 이메일로 이티켓 발송하였습니다.
확인 후 이용 부탁 드립니다.  (스팸메일함도 확인요망) 감사합니다. [인터파크 투어 고객센터] ※ 1:1문의 : 인터파크 투어 > 고객센터 > 1:1 문의하기
※ 전화 : 1588-3443 (해외 이용 시 +82-2-1588-3443) ※ 상담 가능 시간 항공 : 오전 9시 - 오후 5시 (주말, 공휴일, 점심시간 제외)","안녕하세요, 인터파크투어입니다. 예약번호 : 등록하신 이메일로 이티켓 발송하였습니다.
확인 후 이용 부탁 드립니다.  (스팸메일함도 확인요망) 감사합니다. [인터파크 투어 고객센터] ※ 1:1문의 : 인터파크 투어 > 고객센터 > 1:1 문의하기
※ 전화 : 1588-3443 (해외 이용 시 +82-2-1588-3443) ※ 상담 가능 시간 항공 : 오전 9시 - 오후 5시 (주말, 공휴일, 점심시간 제외)"
616,INTERPARKTOUR,[인터파크 해외항공] 항공사 예약번호 문의,"안녕하세요, 인터파크투어입니다. 예약번호 :
항공사 예약번호 :           입니다. 구매하신 항공사 사이트에서 고객님의 영문명과 항공사 예약번호를 기재하시면 예약내역 확인 가능합니다. 감사합니다. [인터파크 투어 고객센터]
※ 1:1문의 : 인터파크 투어 > 고객센터 > 1:1 문의하기
※ 전화 : 1588-3443 (해외 이용 시 +82-2-1588-3443) ※ 상담 가능 시간 항공 : 오전 9시 - 오후 5시 (주말, 공휴일, 점심시간 제외)","안녕하세요, 인터파크투어입니다. 예약번호 :
항공사 예약번호 :           입니다. 구매하신 항공사 사이트에서 고객님의 영문명과 항공사 예약번호를 기재하시면 예약내역 확인 가능합니다. 감사합니다. [인터파크 투어 고객센터]
※ 1:1문의 : 인터파크 투어 > 고객센터 > 1:1 문의하기
※ 전화 : 1588-3443 (해외 이용 시 +82-2-1588-3443) ※ 상담 가능 시간 항공 : 오전 9시 - 오후 5시 (주말, 공휴일, 점심시간 제외)"
622,INTERPARKTOUR,[인터파크 해외항공] 인보이스 발행 요청,"안녕하세요, 인터파크투어입니다. [인보이스 발급 안내] 감사합니다. [인터파크 투어 고객센터]
※ 1:1문의 : 인터파크 투어 > 고객센터 > 1:1 문의하기
※ 전화 : 1588-3443 (해외 이용 시 +82-2-1588-3443) ※ 상담 가능 시간 항공 : 오전 9시 - 오후 5시 (주말, 공휴일, 점심시간 제외)","안녕하세요, 인터파크투어입니다. [인보이스 발급 안내] 감사합니다. [인터파크 투어 고객센터]
※ 1:1문의 : 인터파크 투어 > 고객센터 > 1:1 문의하기
※ 전화 : 1588-3443 (해외 이용 시 +82-2-1588-3443) ※ 상담 가능 시간 항공 : 오전 9시 - 오후 5시 (주말, 공휴일, 점심시간 제외)"
623,INTERPARKTOUR,[인터파크 해외항공]  최저가 보상제 문의,"안녕하세요, 인터파크투어입니다. 항공권 최저가 보상제 문의 관련하여 안내하여 드립니다. • 신청 대상 : 인터파크투어를 통해 구매한 고객 대상 (비회원 구매 고객 제외)
• 신청 기간 : 항공권 구매일로부터 7일 이내(공휴일 포함)
• 조건
 - 동일 예약조건 (동일 항공사, 동일 스케줄, 동일 규정, 동일 항공편명 , 동일 인원수, 동일 예약클라스,  결제수단(청구할인, 카드할인등 제휴할인 제외)) 의 항공권 가격이 더 저렴한 경우(TAX 제외) ※보상 제외 조건 : 땡처리 항공권조건일 경우 최저가 보상이 불가능하며, 항공편명 및 인원 수 예약클라스 결제 수단이 모두 확인되도록 캡쳐하셔서 보내주시면 확인 후 회신드리드리도록 하겠습니다. 감사합니다. [인터파크 투어 고객센터]
※ 1:1문의 : 인터파크 투어 > 고객센터 > 1:1 문의하기
※ 전화 : 1588-3443 (해외 이용 시 +82-2-1588-3443)
※ 상담 가능 시간
   항공 : 오전 9시 - 오후 5시 (주말, 공휴일, 점심시간 제외)","안녕하세요, 인터파크투어입니다. 항공권 최저가 보상제 문의 관련하여 안내하여 드립니다. • 신청 대상 : 인터파크투어를 통해 구매한 고객 대상 (비회원 구매 고객 제외)
• 신청 기간 : 항공권 구매일로부터 7일 이내(공휴일 포함)
• 조건
 - 동일 예약조건 (동일 항공사, 동일 스케줄, 동일 규정, 동일 항공편명 , 동일 인원수, 동일 예약클라스,  결제수단(청구할인, 카드할인등 제휴할인 제외)) 의 항공권 가격이 더 저렴한 경우(TAX 제외) ※보상 제외 조건 : 땡처리 항공권조건일 경우 최저가 보상이 불가능하며, 항공편명 및 인원 수 예약클라스 결제 수단이 모두 확인되도록 캡쳐하셔서 보내주시면 확인 후 회신드리드리도록 하겠습니다. 감사합니다. [인터파크 투어 고객센터]
※ 1:1문의 : 인터파크 투어 > 고객센터 > 1:1 문의하기
※ 전화 : 1588-3443 (해외 이용 시 +82-2-1588-3443)
※ 상담 가능 시간
   항공 : 오전 9시 - 오후 5시 (주말, 공휴일, 점심시간 제외)"
624,INTERPARKTOUR,[인터파크 해외항공]  최저가 보상 접수 안내,"안녕하세요, 인터파크투어입니다. 예약번호 [      ] 최저가 보상접수가 완료되었습니다. •  최저가 보상 차액 [    ] 원
•  접수일로부터 2주내외로 구매하신 아이디 [ ID :   ]로 아이포인트 적립이 진행됩니다.
•  최저가보상은 1회만 접수 가능합니다.
•  아이포인트 적립 후 해당티켓 환불접수시 포인트회수되며 회수받을 포인트가 없을 경우 현금으로 환불접수가됩니다.
•  아이포인트 유효기간은 적립일로부터 6개월 입니다. 감사합니다. [인터파크 투어 고객센터]
※ 1:1문의 : 인터파크 투어 > 고객센터 > 1:1 문의하기
※ 전화 : 1588-3443 (해외 이용 시 +82-2-1588-3443)
※ 상담 가능 시간
  항공 : 오전 9시 - 오후 5시 (주말, 공휴일, 점심시간 제외)","안녕하세요, 인터파크투어입니다. 예약번호 [      ] 최저가 보상접수가 완료되었습니다. •  최저가 보상 차액 [    ] 원
•  접수일로부터 2주내외로 구매하신 아이디 [ ID :   ]로 아이포인트 적립이 진행됩니다.
•  최저가보상은 1회만 접수 가능합니다.
•  아이포인트 적립 후 해당티켓 환불접수시 포인트회수되며 회수받을 포인트가 없을 경우 현금으로 환불접수가됩니다.
•  아이포인트 유효기간은 적립일로부터 6개월 입니다. 감사합니다. [인터파크 투어 고객센터]
※ 1:1문의 : 인터파크 투어 > 고객센터 > 1:1 문의하기
※ 전화 : 1588-3443 (해외 이용 시 +82-2-1588-3443)
※ 상담 가능 시간
  항공 : 오전 9시 - 오후 5시 (주말, 공휴일, 점심시간 제외)"
625,INTERPARKTOUR,[인터파크 해외항공] 유/소아 예약 문의,"안녕하세요, 인터파크투어입니다. 소아(만 12세 미만) 및 유아(만 2세 미만) 승객은 성인 보호자 없이 단독으로 예약할 수 없습니다.
소아/유아 단독 예약이 필요하신 경우 항공사를 통해 진행 부탁드립니다. 감사합니다. [인터파크 투어 고객센터]
※ 1:1문의 : 인터파크 투어 > 고객센터 > 1:1 문의하기
※ 전화 : 1588-3443 (해외 이용 시 +82-2-1588-3443)
※ 상담 가능 시간
  항공 : 오전 9시 - 오후 5시 (주말, 공휴일, 점심시간 제외)","안녕하세요, 인터파크투어입니다. 소아(만 12세 미만) 및 유아(만 2세 미만) 승객은 성인 보호자 없이 단독으로 예약할 수 없습니다.
소아/유아 단독 예약이 필요하신 경우 항공사를 통해 진행 부탁드립니다. 감사합니다. [인터파크 투어 고객센터]
※ 1:1문의 : 인터파크 투어 > 고객센터 > 1:1 문의하기
※ 전화 : 1588-3443 (해외 이용 시 +82-2-1588-3443)
※ 상담 가능 시간
  항공 : 오전 9시 - 오후 5시 (주말, 공휴일, 점심시간 제외)"
626,INTERPARKTICKET,[인터파크 티켓] 취소불가(취소마감시간경과),"고객님, 안녕하세요. 인터파크 티켓을 찾아주셔서 감사합니다. 문의하신 예매 취소에 대한 답변입니다.
예약번호 :
공연제목 :
공연일시 : 공연 예매 취소 마감시간은 공연 하루 전 평일/일요일/공휴일
오후 5시이며, 토요일은 오전 11시까지입니다. 취소 마감 시간 이후에는 예매 취소가 어려운 점에 대해
예매 과정, 예매 완료 시, 예매 상세페이지 등 여러 경로에서
안내해 드리고 있습니다. 현재 예매하신 내역은 취소 마감 시간이 지나 취소 처리가 어려운 점
양해해 주시기 바랍니다. 만족스러운 도움을 드리지 못해 죄송합니다. 인터파크 티켓을 이용하는 모든 고객 여러분께 편리한
서비스와 다양한 혜택을 제공하도록 더 노력하겠습니다.
감사합니다.","고객님, 안녕하세요. 인터파크 티켓을 찾아주셔서 감사합니다. 문의하신 예매 취소에 대한 답변입니다.
예약번호 :
공연제목 :
공연일시 : 공연 예매 취소 마감시간은 공연 하루 전 평일/일요일/공휴일
오후 5시이며, 토요일은 오전 11시까지입니다. 취소 마감 시간 이후에는 예매 취소가 어려운 점에 대해
예매 과정, 예매 완료 시, 예매 상세페이지 등 여러 경로에서
안내해 드리고 있습니다. 현재 예매하신 내역은 취소 마감 시간이 지나 취소 처리가 어려운 점
양해해 주시기 바랍니다. 만족스러운 도움을 드리지 못해 죄송합니다. 인터파크 티켓을 이용하는 모든 고객 여러분께 편리한
서비스와 다양한 혜택을 제공하도록 더 노력하겠습니다.
감사합니다."
627,INTERPARKTICKET,[인터파크 티켓] 탈퇴,"고객님, 안녕하세요. 인터파크 티켓을 찾아주셔서 감사합니다. 문의하신회원 탈퇴에 대한 답변입니다.
예약번호 :
공연제목 :
공연일시 : 회원 탈퇴는 인터파크 티켓 어플 혹은 사이트 내에서 고객님께서
직접 탈퇴가 가능하며, 고객센터(1544-1555) 혹은 1:1 문의하기 통해서도
회원 탈퇴처리가 가능합니다. 탈퇴 시 적립금/혜택/유료회원서비스 등이 모두 소멸되며 예매내역이
모두 삭제됩니다. 또한, 탈퇴 후 동일한 아이디로 재가입 할 수 없으며
탈퇴 후 7일 이내 재가입 및 본인인증이 불가합니다. 고객센터(1544-1555) 혹은 1:1 문의하기 통하여 탈퇴 처리를
원하실 경우 위 내용 확인 후 재문의 부탁드립니다. 인터파크 티켓을 이용하는 모든 고객 여러분께 편리한
서비스와 다양한 혜택을 제공하도록 더 노력하겠습니다.
감사합니다.","고객님, 안녕하세요. 인터파크 티켓을 찾아주셔서 감사합니다. 문의하신회원 탈퇴에 대한 답변입니다.
예약번호 :
공연제목 :
공연일시 : 회원 탈퇴는 인터파크 티켓 어플 혹은 사이트 내에서 고객님께서
직접 탈퇴가 가능하며, 고객센터(1544-1555) 혹은 1:1 문의하기 통해서도
회원 탈퇴처리가 가능합니다. 탈퇴 시 적립금/혜택/유료회원서비스 등이 모두 소멸되며 예매내역이
모두 삭제됩니다. 또한, 탈퇴 후 동일한 아이디로 재가입 할 수 없으며
탈퇴 후 7일 이내 재가입 및 본인인증이 불가합니다. 고객센터(1544-1555) 혹은 1:1 문의하기 통하여 탈퇴 처리를
원하실 경우 위 내용 확인 후 재문의 부탁드립니다. 인터파크 티켓을 이용하는 모든 고객 여러분께 편리한
서비스와 다양한 혜택을 제공하도록 더 노력하겠습니다.
감사합니다."
628,INTERPARKTICKET,[인터파크 티켓] 본인인증(다른 아이디가 있다고 뜸),"고객님, 안녕하세요. 인터파크 티켓을 찾아주셔서 감사합니다. 문의하신 본인인증에 대한 답변입니다. 현재 확인되는 아이디는 본인 인증 절차를 거치지 않은 아이디입니다.
인터파크 2차 본인 인증은 전체 중 1개의 아이디에서만 가능하므로,
이미 인증되어 있는 아이디가 있을 경우 현재 아이디에 본인 인증이
어려운 점 안내드립니다. 본인 인증 진행 시, 이미 인증되어 있는 아이디가 노출된다면
확인되는 아이디로 로그인 후 직접 예매해 주시기 바랍니다. 또한, 비밀번호를 분실한 경우 로그인 화면에서
비밀번호 찾기 > 본인 인증으로 찾기로 비밀번호를 변경 후
로그인하실 수 있습니다. 다른 문의사항은 티켓 고객센터[1544-1555] 또는 1:1문의하기로
접수 바라며, 인터파크 티켓을 이용하는 모든 고객 여러분께
편리한 서비스와 다양한 혜택을 제공하도록 더 노력하겠습니다.
감사합니다.","고객님, 안녕하세요. 인터파크 티켓을 찾아주셔서 감사합니다. 문의하신 본인인증에 대한 답변입니다. 현재 확인되는 아이디는 본인 인증 절차를 거치지 않은 아이디입니다.
인터파크 2차 본인 인증은 전체 중 1개의 아이디에서만 가능하므로,
이미 인증되어 있는 아이디가 있을 경우 현재 아이디에 본인 인증이
어려운 점 안내드립니다. 본인 인증 진행 시, 이미 인증되어 있는 아이디가 노출된다면
확인되는 아이디로 로그인 후 직접 예매해 주시기 바랍니다. 또한, 비밀번호를 분실한 경우 로그인 화면에서
비밀번호 찾기 > 본인 인증으로 찾기로 비밀번호를 변경 후
로그인하실 수 있습니다. 다른 문의사항은 티켓 고객센터[1544-1555] 또는 1:1문의하기로
접수 바라며, 인터파크 티켓을 이용하는 모든 고객 여러분께
편리한 서비스와 다양한 혜택을 제공하도록 더 노력하겠습니다.
감사합니다."
629,INTERPARKTICKET,[인터파크 티켓] 본인인증(인증이 되어있는데 노출되는 경우),"고객님, 안녕하세요. 인터파크 티켓을 찾아주셔서 감사합니다. 문의하신 본인인증에 대한 답변입니다. 인터파크 티켓 이용 시 본인인증은 1년에 한 번
다시 한 번 인증을 갱신해주셔야 정상 이용이 가능합니다. 번거로우시더라도 마이페이지 > 회원정보 수정에서
본인인증 갱신 후 이용 바랍니다. 다른 문의사항은 티켓 고객센터[1544-1555] 또는 1:1문의하기로
접수 바라며, 인터파크 티켓을 이용하는 모든 고객 여러분께
편리한 서비스와 다양한 혜택을 제공하도록 더 노력하겠습니다.
감사합니다.","고객님, 안녕하세요. 인터파크 티켓을 찾아주셔서 감사합니다. 문의하신 본인인증에 대한 답변입니다. 인터파크 티켓 이용 시 본인인증은 1년에 한 번
다시 한 번 인증을 갱신해주셔야 정상 이용이 가능합니다. 번거로우시더라도 마이페이지 > 회원정보 수정에서
본인인증 갱신 후 이용 바랍니다. 다른 문의사항은 티켓 고객센터[1544-1555] 또는 1:1문의하기로
접수 바라며, 인터파크 티켓을 이용하는 모든 고객 여러분께
편리한 서비스와 다양한 혜택을 제공하도록 더 노력하겠습니다.
감사합니다."
630,INTERPARKTICKET,[인터파크 티켓] - 비밀번호찾기 (임시비밀번호발급),"고객님, 안녕하세요. 인터파크 티켓을 찾아주셔서 감사합니다. 문의하신 비밀번호 찾기에 대한 답변입니다. 현재 계정 로그아웃 후
로그인 > 비밀번호 찾기 > 현재 아이디 입력 > 본인인증으로 찾기
통하여 진행 시 본인인증 후 바로 비밀번호 변경이 가능합니다. 고객센터 혹은 1:1 문의하기 통하여
임시비밀번호 발급은 가능하나
발급까지 1시간 가량 시간 소요될 수 있으며, 임시비밀번호 발급을 원하실 경우
고객센터[1544-1555] 또는 1:1문의하기 통하여 재문의 바랍니다. 다른 문의사항은 티켓 고객센터[1544-1555] 또는 1:1문의하기로
접수 바라며, 인터파크 티켓을 이용하는 모든 고객 여러분께
편리한 서비스와 다양한 혜택을 제공하도록 더 노력하겠습니다.
감사합니다.","고객님, 안녕하세요. 인터파크 티켓을 찾아주셔서 감사합니다. 문의하신 비밀번호 찾기에 대한 답변입니다. 현재 계정 로그아웃 후
로그인 > 비밀번호 찾기 > 현재 아이디 입력 > 본인인증으로 찾기
통하여 진행 시 본인인증 후 바로 비밀번호 변경이 가능합니다. 고객센터 혹은 1:1 문의하기 통하여
임시비밀번호 발급은 가능하나
발급까지 1시간 가량 시간 소요될 수 있으며, 임시비밀번호 발급을 원하실 경우
고객센터[1544-1555] 또는 1:1문의하기 통하여 재문의 바랍니다. 다른 문의사항은 티켓 고객센터[1544-1555] 또는 1:1문의하기로
접수 바라며, 인터파크 티켓을 이용하는 모든 고객 여러분께
편리한 서비스와 다양한 혜택을 제공하도록 더 노력하겠습니다.
감사합니다."
631,INTERPARKTICKET,[인터파크 티켓] 취소요청일,"고객님, 안녕하세요. 인터파크 티켓을 찾아주셔서 감사합니다. 문의하신 예매 취소에 대한 답변입니다.
예약번호 :
공연제목 :
공연일시 : 티켓은 6월 24일부터 배송 시작 되었으며, 배송 기간은
주말, 공휴일 제외 4-5일 정도 소요 예정입니다. 배송이 시작된 티켓은 수령 후 반송하셔야 취소 가능합니다. 다만, 부득이 일괄 발송으로 배송을 받는 경우이기 때문에
이번 건에 한해서만 예외적으로 배송중인 티켓에 대해 1:1문의하기
접수하신 6월 25일 기준으로 취소 접수해 드리도록 하겠습니다.
[취소 접수는 고객센터로 연락해야만 가능하나, 현재 전화 연결이
원할하지 않아 이번 건에 한해서만 1:1문의하기로 진행해 드립니다.] 단, 취소 접수를 진행하더라도 바로 취소되지 않으며, 배송기사가
방문 시 반드시 수취 거절을 해주셔야합니다.
[가족 또는 직장 동료가 대리 수령도 가능하니 수취 거절에 대해
미리 전달해 주셔야 합니다.] 수취 거절 후 당사로 반송 도착할 경우 문자메시지가 발송되며.
반송 문자메시지 받으신 후 반드시 [문자 받은 당일] 고객센터
[1544-1555]로 연락하실 경우에만 1:1문의하기로 요청하신 6월 25일
기준으로 취소가 가능합니다. 반송 문자를 수신하였으나 익일 이후 연락을 하실 경우 연락하신 날짜
기준으로 수수료가 부과되며, 취소 마감시간 이전까지 연락이 없는 경우
취소가 되지 않는 점 참고 바랍니다. 마지막으로 티켓을 배송받으신 후에는 위의 안내드린 내용으로
도움드리기 어려우며, 배송받으신 티켓을 취소 마감 시간인
7월 19일 금요일 오후 5시까지 우체국 등기 이용하셔서 아래 주소로
반송해주셔야만 취소 가능합니다. 반송처 : 서울특별시 금천구 벚꽃로 278 SJ테크노빌 15층
           인터파크 티켓 환불담당자 이 경우의 취소수수료는 당사로 티켓 도착 기준으로 아래와 같이 부과됩니다.
2024.06.20~2024.07.10 장당 4000원 (티켓금액의 10% 한도)
2024.07.11~2024.07.13 티켓금액의 10%
2024.07.14~2024.07.17 티켓금액의 20%
2024.07.18~2024.07.19 티켓금액의 30% 인터파크 티켓을 이용하는 모든 고객 여러분께 편리한
서비스와 다양한 혜택을 제공하도록 더 노력하겠습니다.
감사합니다.","고객님, 안녕하세요. 인터파크 티켓을 찾아주셔서 감사합니다. 문의하신 예매 취소에 대한 답변입니다.
예약번호 :
공연제목 :
공연일시 : 티켓은 6월 24일부터 배송 시작 되었으며, 배송 기간은
주말, 공휴일 제외 4-5일 정도 소요 예정입니다. 배송이 시작된 티켓은 수령 후 반송하셔야 취소 가능합니다. 다만, 부득이 일괄 발송으로 배송을 받는 경우이기 때문에
이번 건에 한해서만 예외적으로 배송중인 티켓에 대해 1:1문의하기
접수하신 6월 25일 기준으로 취소 접수해 드리도록 하겠습니다.
[취소 접수는 고객센터로 연락해야만 가능하나, 현재 전화 연결이
원할하지 않아 이번 건에 한해서만 1:1문의하기로 진행해 드립니다.] 단, 취소 접수를 진행하더라도 바로 취소되지 않으며, 배송기사가
방문 시 반드시 수취 거절을 해주셔야합니다.
[가족 또는 직장 동료가 대리 수령도 가능하니 수취 거절에 대해
미리 전달해 주셔야 합니다.] 수취 거절 후 당사로 반송 도착할 경우 문자메시지가 발송되며.
반송 문자메시지 받으신 후 반드시 [문자 받은 당일] 고객센터
[1544-1555]로 연락하실 경우에만 1:1문의하기로 요청하신 6월 25일
기준으로 취소가 가능합니다. 반송 문자를 수신하였으나 익일 이후 연락을 하실 경우 연락하신 날짜
기준으로 수수료가 부과되며, 취소 마감시간 이전까지 연락이 없는 경우
취소가 되지 않는 점 참고 바랍니다. 마지막으로 티켓을 배송받으신 후에는 위의 안내드린 내용으로
도움드리기 어려우며, 배송받으신 티켓을 취소 마감 시간인
7월 19일 금요일 오후 5시까지 우체국 등기 이용하셔서 아래 주소로
반송해주셔야만 취소 가능합니다. 반송처 : 서울특별시 금천구 벚꽃로 278 SJ테크노빌 15층
           인터파크 티켓 환불담당자 이 경우의 취소수수료는 당사로 티켓 도착 기준으로 아래와 같이 부과됩니다.
2024.06.20~2024.07.10 장당 4000원 (티켓금액의 10% 한도)
2024.07.11~2024.07.13 티켓금액의 10%
2024.07.14~2024.07.17 티켓금액의 20%
2024.07.18~2024.07.19 티켓금액의 30% 인터파크 티켓을 이용하는 모든 고객 여러분께 편리한
서비스와 다양한 혜택을 제공하도록 더 노력하겠습니다.
감사합니다."
632,INTERPARKTICKET,[인터파크 티켓] 선반납,"고객님, 안녕하세요. 인터파크 티켓을 찾아주셔서 감사합니다. 문의하신 예매 취소에 대한 답변입니다.
예약번호 :
공연제목 :
공연일시 : 티켓은 분실 방지와 현장에서의 혼잡을 막고자 6월 20일
일괄 발송되었으며, 배송 기간은 주말, 공휴일 제외 4-5일 정도
소요 예정입니다. 배송이 시작된 티켓은 수령 후 반송하셔야 취소 가능합니다. 다만, 부득이 일괄 발송으로 배송을 받는 경우이기 때문에
이번 건에 한해서만 예외적으로 배송 업체 측으로 티켓 회수
요청하여 1:1문의하기로 요청하신 6월 25일 기준으로 취소 접수해
드리겠습니다.
[취소 접수는 고객센터로 연락해야만 가능하나, 현재 전화 연결이
원할하지 않아 이번 건에 한해서만 1:1문의하기로 진행해 드립니다.] 회수 요청을 하더라도 배송기사가 배송을 위해 방문할 수 있으며,
그 경우 티켓을 수령받지 않고 반드시 [수취 거절] 바랍니다.
[가족 또는 직장 동료가 대리 수령도 가능하니 수취 거절에 대해
미리 전달해 주셔야 합니다.] 그렇게 티켓이 당사로 회수 또는 반송 완료되면 처음 요청하신
날짜 기준으로 취소수수료, 예매수수료, 초기배송료 제외하고
환불이 가능합니다. 마지막으로 티켓을 배송받으신 후에는 위의 안내드린 내용으로
도움드리기 어려우며, 배송받으신 티켓을 취소 마감 시간인
7월 5일 금요일 오후 5시까지 우체국 등기 이용하셔서 아래 주소로
반송해주셔야만 취소 가능합니다. 반송처 : 서울특별시 금천구 벚꽃로 278 SJ테크노빌 15층
           인터파크 티켓 환불담당자 이 경우 취소수수료는 당사 도착 기준으로 아래와 같이 부과됩니다.
2024.05.07~2024.06.26 장당 4000원 (티켓금액의 10% 한도)
2024.06.27~2024.06.29 티켓금액의 10%
2024.06.30~2024.07.03 티켓금액의 20%
2024.07.04~2024.07.05 티켓금액의 30% 참고로, 공연 3일 전까지 취소 알림을 받지 못하셨을 경우에는
반드시 고객센터[1544-1555]로 연락해 주시기 바랍니다. 인터파크 티켓을 이용하는 모든 고객 여러분께 편리한
서비스와 다양한 혜택을 제공하도록 더 노력하겠습니다.
감사합니다.","고객님, 안녕하세요. 인터파크 티켓을 찾아주셔서 감사합니다. 문의하신 예매 취소에 대한 답변입니다.
예약번호 :
공연제목 :
공연일시 : 티켓은 분실 방지와 현장에서의 혼잡을 막고자 6월 20일
일괄 발송되었으며, 배송 기간은 주말, 공휴일 제외 4-5일 정도
소요 예정입니다. 배송이 시작된 티켓은 수령 후 반송하셔야 취소 가능합니다. 다만, 부득이 일괄 발송으로 배송을 받는 경우이기 때문에
이번 건에 한해서만 예외적으로 배송 업체 측으로 티켓 회수
요청하여 1:1문의하기로 요청하신 6월 25일 기준으로 취소 접수해
드리겠습니다.
[취소 접수는 고객센터로 연락해야만 가능하나, 현재 전화 연결이
원할하지 않아 이번 건에 한해서만 1:1문의하기로 진행해 드립니다.] 회수 요청을 하더라도 배송기사가 배송을 위해 방문할 수 있으며,
그 경우 티켓을 수령받지 않고 반드시 [수취 거절] 바랍니다.
[가족 또는 직장 동료가 대리 수령도 가능하니 수취 거절에 대해
미리 전달해 주셔야 합니다.] 그렇게 티켓이 당사로 회수 또는 반송 완료되면 처음 요청하신
날짜 기준으로 취소수수료, 예매수수료, 초기배송료 제외하고
환불이 가능합니다. 마지막으로 티켓을 배송받으신 후에는 위의 안내드린 내용으로
도움드리기 어려우며, 배송받으신 티켓을 취소 마감 시간인
7월 5일 금요일 오후 5시까지 우체국 등기 이용하셔서 아래 주소로
반송해주셔야만 취소 가능합니다. 반송처 : 서울특별시 금천구 벚꽃로 278 SJ테크노빌 15층
           인터파크 티켓 환불담당자 이 경우 취소수수료는 당사 도착 기준으로 아래와 같이 부과됩니다.
2024.05.07~2024.06.26 장당 4000원 (티켓금액의 10% 한도)
2024.06.27~2024.06.29 티켓금액의 10%
2024.06.30~2024.07.03 티켓금액의 20%
2024.07.04~2024.07.05 티켓금액의 30% 참고로, 공연 3일 전까지 취소 알림을 받지 못하셨을 경우에는
반드시 고객센터[1544-1555]로 연락해 주시기 바랍니다. 인터파크 티켓을 이용하는 모든 고객 여러분께 편리한
서비스와 다양한 혜택을 제공하도록 더 노력하겠습니다.
감사합니다."
633,INTERPARKTICKET,[인터파크 티켓] 대리수령 및 관람,"고객님, 안녕하세요. 인터파크 티켓을 찾아주셔서 감사합니다. 문의하신 대리 수령에 대한 답변입니다.
예약번호 :
공연제목 :
공연일시 : 원칙적으로 티켓은 본인 외 수령 및 관람이 불가한 것이 맞으나
예외적으로 예매자의 신분증 + 예매내역 확인 시
대리수령이 가능합니다. 관람자 현장 방문 시 증빙 꼭 지참 하시어 방문 바라며
증빙 미 확인 시 티켓 어려울 수 있는 점 양해 바랍니다. 다른 문의사항은 티켓 고객센터[1544-1555] 또는 1:1문의하기로
접수 바라며, 인터파크 티켓을 이용하는 모든 고객 여러분께
편리한 서비스와 다양한 혜택을 제공하도록 더 노력하겠습니다.
감사합니다.","고객님, 안녕하세요. 인터파크 티켓을 찾아주셔서 감사합니다. 문의하신 대리 수령에 대한 답변입니다.
예약번호 :
공연제목 :
공연일시 : 원칙적으로 티켓은 본인 외 수령 및 관람이 불가한 것이 맞으나
예외적으로 예매자의 신분증 + 예매내역 확인 시
대리수령이 가능합니다. 관람자 현장 방문 시 증빙 꼭 지참 하시어 방문 바라며
증빙 미 확인 시 티켓 어려울 수 있는 점 양해 바랍니다. 다른 문의사항은 티켓 고객센터[1544-1555] 또는 1:1문의하기로
접수 바라며, 인터파크 티켓을 이용하는 모든 고객 여러분께
편리한 서비스와 다양한 혜택을 제공하도록 더 노력하겠습니다.
감사합니다."
634,INTERPARKTICKET,"[인터파크 티켓] 중간답변(1차, 이후 고객 문의에 따라 유형 수정 필요)","고객님, 안녕하세요. 인터파크 티켓을 찾아주셔서 감사합니다. 문의하신 내용에 대한 답변입니다. 고객님 오랜 시간 기다려 주셨으나,
문의하신 사항은 확인 중에 있어 답변이 지연되고 있습니다.
확인이 완료되는대로 1:1문의하기를 통해 바로 답변드리겠습니다. 문의하신 사항에 빠르게 답변을 드리지 못해 죄송합니다. 인터파크 티켓을 이용하는 모든 고객 여러분께 편리한
서비스와 다양한 혜택을 제공하도록 더 노력하겠습니다.
감사합니다.","고객님, 안녕하세요. 인터파크 티켓을 찾아주셔서 감사합니다. 문의하신 내용에 대한 답변입니다. 고객님 오랜 시간 기다려 주셨으나,
문의하신 사항은 확인 중에 있어 답변이 지연되고 있습니다.
확인이 완료되는대로 1:1문의하기를 통해 바로 답변드리겠습니다. 문의하신 사항에 빠르게 답변을 드리지 못해 죄송합니다. 인터파크 티켓을 이용하는 모든 고객 여러분께 편리한
서비스와 다양한 혜택을 제공하도록 더 노력하겠습니다.
감사합니다."
635,INTERPARKTICKET,[인터파크 티켓] 트래픽 과다 (1차) → 상황별로 수정 필요,"고객님, 안녕하세요. 인터파크 티켓을 찾아주셔서 감사합니다. 문의하신 내용에 대한 답변입니다. 먼저, 오래 기다리셨을 공연 예매 시 불편을 드린 점 정말 죄송합니다. 해당 공연은 고객님께서도 아시다시피 워낙 인기가 많은
공연이기 때문에 굉장히 많은 인원이 동시에 접속하여 트래픽 과다
현상으로 확인하였습니다. 말씀하신 상황은 위에 안내드린 트래픽 과다의 사유로 발생되는 문제로,
해당 현상이 발생되었을 때는 새로고침 혹은 재접속을 해 주셔야 하는 점 양해 바랍니다. 또한, 어플리케이션이나 웹사이트가 최신버전이 아닌 경우에도 동일한
상황이 발생할 수 있습니다. 만족스러운 서비스로 보답해 드리지 못해 죄송합니다. 불편드린 점 다시 한번 사과드리며, 이번과 같은 불편을 다시
전해드리지 않도록 노력하겠습니다.
감사합니다.","고객님, 안녕하세요. 인터파크 티켓을 찾아주셔서 감사합니다. 문의하신 내용에 대한 답변입니다. 먼저, 오래 기다리셨을 공연 예매 시 불편을 드린 점 정말 죄송합니다. 해당 공연은 고객님께서도 아시다시피 워낙 인기가 많은
공연이기 때문에 굉장히 많은 인원이 동시에 접속하여 트래픽 과다
현상으로 확인하였습니다. 말씀하신 상황은 위에 안내드린 트래픽 과다의 사유로 발생되는 문제로,
해당 현상이 발생되었을 때는 새로고침 혹은 재접속을 해 주셔야 하는 점 양해 바랍니다. 또한, 어플리케이션이나 웹사이트가 최신버전이 아닌 경우에도 동일한
상황이 발생할 수 있습니다. 만족스러운 서비스로 보답해 드리지 못해 죄송합니다. 불편드린 점 다시 한번 사과드리며, 이번과 같은 불편을 다시
전해드리지 않도록 노력하겠습니다.
감사합니다."
636,INTERPARKTICKET,[인터파크 티켓] 한국어로만 상담 가능,"고객님, 안녕하세요. 인터파크 티켓을 찾아주셔서 감사합니다. 문의하신 내용에 대한 답변입니다. 고객센터[1544-1555] 또는 1:1문의하기
문의 내용은 한국어로만 상담이 가능하여
번거로우시겠지만 한국어로 문의 내용 확인하시어 재문의 부탁드리며 한국어가 어려우신 경우 인터파크 글로벌 이메일 통하여
문의를 부탁 드립니다.
[tickethelp@interparktriple.com] 인터파크 티켓을 이용하는 모든 고객 여러분께 편리한
서비스와 다양한 혜택을 제공하도록 더 노력하겠습니다.
감사합니다.","고객님, 안녕하세요. 인터파크 티켓을 찾아주셔서 감사합니다. 문의하신 내용에 대한 답변입니다. 고객센터[1544-1555] 또는 1:1문의하기
문의 내용은 한국어로만 상담이 가능하여
번거로우시겠지만 한국어로 문의 내용 확인하시어 재문의 부탁드리며 한국어가 어려우신 경우 인터파크 글로벌 이메일 통하여
문의를 부탁 드립니다.
[tickethelp@interparktriple.com] 인터파크 티켓을 이용하는 모든 고객 여러분께 편리한
서비스와 다양한 혜택을 제공하도록 더 노력하겠습니다.
감사합니다."
637,INTERPARKTOUR,[인터파크 해외항공] 신항공 영문 변경,"안녕하세요, 인터파크투어입니다. [ 영문성/이름 변경 안내 ] • 마이페이지 > 예약번호 클릭 > 탑승객 정보 > 이름변경 클릭 > 탑승객 이름 변경  >  여권 영문 성 / 여권 영문이름 기재 > 여권사본 파일 첨부 >  변경 요청하기 ※ 참고 사항 • 영문 이름 변경은 동일한 발음으로 요청 가능하나, 최종 변경 가능 여부는 항공사의 결정에 따릅니다.
• 영문변경 가능한 경우, 항공사의 정책에 따라 변경 수수료가 발생할 수 있습니다.
• 영문 변경 가능한 경우, 인터파크의 재발행 수수료 3만원 (!인 기준) 발생합니다.
• 영문 변경 불가능한 경우, 해당 탑승객의 예약을 취소 하신 후 새롭게 항공권을 구매해야 하며, 이때 구매하신 항공권의 취소/환불 규정에 따라 수수료가 발생합니다. 감사합니다. [인터파크 투어 고객센터]
※ 1:1문의 : 인터파크 투어 > 고객센터 > 1:1 문의하기
※ 전화 : 1588-3443 (해외 이용 시 +82-2-1588-3443)
※ 상담 가능 시간
   항공 : 오전 9시 - 오후 5시 (주말, 공휴일, 점심시간 제외)","안녕하세요, 인터파크투어입니다. [ 영문성/이름 변경 안내 ] • 마이페이지 > 예약번호 클릭 > 탑승객 정보 > 이름변경 클릭 > 탑승객 이름 변경  >  여권 영문 성 / 여권 영문이름 기재 > 여권사본 파일 첨부 >  변경 요청하기 ※ 참고 사항 • 영문 이름 변경은 동일한 발음으로 요청 가능하나, 최종 변경 가능 여부는 항공사의 결정에 따릅니다.
• 영문변경 가능한 경우, 항공사의 정책에 따라 변경 수수료가 발생할 수 있습니다.
• 영문 변경 가능한 경우, 인터파크의 재발행 수수료 3만원 (!인 기준) 발생합니다.
• 영문 변경 불가능한 경우, 해당 탑승객의 예약을 취소 하신 후 새롭게 항공권을 구매해야 하며, 이때 구매하신 항공권의 취소/환불 규정에 따라 수수료가 발생합니다. 감사합니다. [인터파크 투어 고객센터]
※ 1:1문의 : 인터파크 투어 > 고객센터 > 1:1 문의하기
※ 전화 : 1588-3443 (해외 이용 시 +82-2-1588-3443)
※ 상담 가능 시간
   항공 : 오전 9시 - 오후 5시 (주말, 공휴일, 점심시간 제외)"
638,INTERPARKTOUR,[인터파크 해외항공] 제주항공 무안국제공항 활주로 폐쇄  변경/환불 문의,"안녕하세요, 인터파크투어입니다. 무안국제공항에서 발생한 사고로 인하여 제주항공에서 고지된 특별 지침 안내드립니다. 1) 노선 : 무안발 출/도착 전노선 (변경1회 또는 취소 수수료 면제) ★ 무안발 외 노선의 경우 취소 수수료만 면제 , 변경 수수료는 면제불가 2) 구매기간 : ~24년 12월 29일
3) 탑승기간 : 24년 12월 29일 ~ 25년 3월 29일
4) 요청기간 : 24년 12월 29일~25년 1월 31일 1:1 문의로는 환불 접수 불가에 따라 위 안내드린 지침 내용에 따라 환불이 필요하신 경우 마이페이지에서 [예약취소]를 눌러  취소 요청 해주시기 바랍니다.  환불 요청 후 대략 1~2주 정도 소요되어 항공권 결제하신 카드로 환불됩니다. 감사합니다.
(발권대행수수료 환불불가/예약 원상복구 불가) ※ 무안국제공항 활주로 폐쇄 관련 안내 바로 가기  ▶ 감사합니다. [인터파크 투어 고객센터]
※ 1:1문의 : 인터파크 투어 > 고객센터 > 1:1 문의하기
※ 전화 : 1588-3443 (해외 이용 시 +82-2-1588-3443)
※ 상담 가능 시간
  항공 : 오전 9시 - 오후 5시 (주말, 공휴일, 점심시간 제외)","안녕하세요, 인터파크투어입니다. 무안국제공항에서 발생한 사고로 인하여 제주항공에서 고지된 특별 지침 안내드립니다. 1) 노선 : 무안발 출/도착 전노선 (변경1회 또는 취소 수수료 면제) ★ 무안발 외 노선의 경우 취소 수수료만 면제 , 변경 수수료는 면제불가 2) 구매기간 : ~24년 12월 29일
3) 탑승기간 : 24년 12월 29일 ~ 25년 3월 29일
4) 요청기간 : 24년 12월 29일~25년 1월 31일 1:1 문의로는 환불 접수 불가에 따라 위 안내드린 지침 내용에 따라 환불이 필요하신 경우 마이페이지에서 [예약취소]를 눌러  취소 요청 해주시기 바랍니다.  환불 요청 후 대략 1~2주 정도 소요되어 항공권 결제하신 카드로 환불됩니다. 감사합니다.
(발권대행수수료 환불불가/예약 원상복구 불가) ※ 무안국제공항 활주로 폐쇄 관련 안내 바로 가기  ▶ 감사합니다. [인터파크 투어 고객센터]
※ 1:1문의 : 인터파크 투어 > 고객센터 > 1:1 문의하기
※ 전화 : 1588-3443 (해외 이용 시 +82-2-1588-3443)
※ 상담 가능 시간
  항공 : 오전 9시 - 오후 5시 (주말, 공휴일, 점심시간 제외)"
639,INTERPARKTOUR,[인터파크 해외항공]  진에어 무안국제공항 활주로 폐쇄  변경/환불 문의,"안녕하세요, 인터파크투어입니다. 무안국제공항에서 발생한 사고로 인한 활주로 폐쇄에 따라 진에어에서 공지된 안내 내용입니다. - 대상 기간 : 2024년 12월 29일~ 2025년 3월 29일 (출/도착 기준)
- 대상 노선 : 무안-나리타/오사카, 타이베이, 제주 (출/도착 기준)
- 면제 지침 : 무안공항 비정상 운항에 따른 환불 및 변경 수수료 면제 가능 1:1 문의로는 환불 접수 불가에 따라 위 안내드린 지침 내용에 따라 환불이 필요하신 경우 마이페이지에서 [예약취소]를 눌러  취소 요청 해주시기 바랍니다.  환불 요청 후 대략 1~2주 정도 소요되어 항공권 결제하신 카드로 환불됩니다. 감사합니다.
(발권대행수수료 환불불가/예약 원상복구 불가) ※ 무안국제공항 활주로 폐쇄 관련 안내 바로 가기  ▶ 감사합니다. [인터파크 투어 고객센터]
※ 1:1문의 : 인터파크 투어 > 고객센터 > 1:1 문의하기
※ 전화 : 1588-3443 (해외 이용 시 +82-2-1588-3443)
※ 상담 가능 시간
  항공 : 오전 9시 - 오후 5시 (주말, 공휴일, 점심시간 제외)","안녕하세요, 인터파크투어입니다. 무안국제공항에서 발생한 사고로 인한 활주로 폐쇄에 따라 진에어에서 공지된 안내 내용입니다. - 대상 기간 : 2024년 12월 29일~ 2025년 3월 29일 (출/도착 기준)
- 대상 노선 : 무안-나리타/오사카, 타이베이, 제주 (출/도착 기준)
- 면제 지침 : 무안공항 비정상 운항에 따른 환불 및 변경 수수료 면제 가능 1:1 문의로는 환불 접수 불가에 따라 위 안내드린 지침 내용에 따라 환불이 필요하신 경우 마이페이지에서 [예약취소]를 눌러  취소 요청 해주시기 바랍니다.  환불 요청 후 대략 1~2주 정도 소요되어 항공권 결제하신 카드로 환불됩니다. 감사합니다.
(발권대행수수료 환불불가/예약 원상복구 불가) ※ 무안국제공항 활주로 폐쇄 관련 안내 바로 가기  ▶ 감사합니다. [인터파크 투어 고객센터]
※ 1:1문의 : 인터파크 투어 > 고객센터 > 1:1 문의하기
※ 전화 : 1588-3443 (해외 이용 시 +82-2-1588-3443)
※ 상담 가능 시간
  항공 : 오전 9시 - 오후 5시 (주말, 공휴일, 점심시간 제외)"
640,INTERPARKTOUR,[인터파크 해외항공]  환불 처리 소요 기간 확인 요청,"안녕하세요, 인터파크투어입니다. 예약번호 : 환불 요청하신 부분 확인 되었으며
환불은 대략 접수일로 부터 약 1~2주 정도 소요되어 항공권 결제하신 카드로환불됩니다. 감사합니다. (발권대행수수료  1인/ 1만원 환불불가/예약 원상복구 불가) [인터파크 투어 고객센터] ※ 1:1문의 : 인터파크 투어 > 고객센터 > 1:1 문의하기
※ 전화 : 1588-3443 (해외 이용 시 +82-2-1588-3443)
※ 상담 가능 시간 항공 : 오전 9시 - 오후 5시 (주말, 공휴일, 점심시간 제외)","안녕하세요, 인터파크투어입니다. 예약번호 : 환불 요청하신 부분 확인 되었으며
환불은 대략 접수일로 부터 약 1~2주 정도 소요되어 항공권 결제하신 카드로환불됩니다. 감사합니다. (발권대행수수료  1인/ 1만원 환불불가/예약 원상복구 불가) [인터파크 투어 고객센터] ※ 1:1문의 : 인터파크 투어 > 고객센터 > 1:1 문의하기
※ 전화 : 1588-3443 (해외 이용 시 +82-2-1588-3443)
※ 상담 가능 시간 항공 : 오전 9시 - 오후 5시 (주말, 공휴일, 점심시간 제외)"
641,INTERPARKTOUR,[인터파크 해외항공] 무안공항 활주로 사고로 인한 기본 템플릿,"안녕하세요. 인터파크 투어입니다. 제주항공 무안공항 활주로 화재 사고로 인한 취소 또는 이용에 대한 문의가 폭증한 상태입니다.
1:1문의로 요청 주신 사항에 대해 처리가 평소보다 지연되고 있는 점 양해 부탁 말씀드립니다. 예약번호 : 감사합니다. [인터파크 투어 고객센터]
※ 1:1문의 : 인터파크 투어 > 고객센터 > 1:1 문의하기
※ 전화 : 1588-3443 (해외 이용시 +82-2-1588-3443) ※ 상담 가능시간 항공 : 오전 9시 - 오후 5시 (주말,공휴일,점심시간 제외)","안녕하세요. 인터파크 투어입니다. 제주항공 무안공항 활주로 화재 사고로 인한 취소 또는 이용에 대한 문의가 폭증한 상태입니다.
1:1문의로 요청 주신 사항에 대해 처리가 평소보다 지연되고 있는 점 양해 부탁 말씀드립니다. 예약번호 : 감사합니다. [인터파크 투어 고객센터]
※ 1:1문의 : 인터파크 투어 > 고객센터 > 1:1 문의하기
※ 전화 : 1588-3443 (해외 이용시 +82-2-1588-3443) ※ 상담 가능시간 항공 : 오전 9시 - 오후 5시 (주말,공휴일,점심시간 제외)"
642,INTERPARKTOUR,[인터파크 해외항공] 결제일 이후 취소/환불 (믹스 항공편의 경우),"안녕하세요, 인터파크투어입니다. 월 일 17시 이전 까지 취소 시 가는편 예약 번호   : 1인당 항공사 수수료 만원 + 여행사 수수료 15,000원
오는편 예약번호    : 1인당 항공사 수수료  (한화 약원) + 여행사 수수료 15,000원 (발권대행수수료는 발권시 소진된 서비스 차지로 환불되지 않습니다 ) 환불을 원하시면 1:1 문의하기가 아닌 마이페이지내 취소/변경 > 예약 취소하기 버튼을 눌러 취소 접수 부탁 드립니다. ※ 믹스 항공권의 경우 각 진행 요망 감사합니다. [인터파크 투어 고객센터]
※ 1:1문의 : 인터파크 투어 > 고객센터 > 1:1 문의하기
※ 전화 : 1588-3443 (해외 이용시 +82-2-1588-3443) ※ 상담 가능시간 항공 : 오전 9시 - 오후 5시 (주말,공휴일,점심시간 제외)","안녕하세요, 인터파크투어입니다. 월 일 17시 이전 까지 취소 시 가는편 예약 번호   : 1인당 항공사 수수료 만원 + 여행사 수수료 15,000원
오는편 예약번호    : 1인당 항공사 수수료  (한화 약원) + 여행사 수수료 15,000원 (발권대행수수료는 발권시 소진된 서비스 차지로 환불되지 않습니다 ) 환불을 원하시면 1:1 문의하기가 아닌 마이페이지내 취소/변경 > 예약 취소하기 버튼을 눌러 취소 접수 부탁 드립니다. ※ 믹스 항공권의 경우 각 진행 요망 감사합니다. [인터파크 투어 고객센터]
※ 1:1문의 : 인터파크 투어 > 고객센터 > 1:1 문의하기
※ 전화 : 1588-3443 (해외 이용시 +82-2-1588-3443) ※ 상담 가능시간 항공 : 오전 9시 - 오후 5시 (주말,공휴일,점심시간 제외)"
643,INTERPARKTOUR,[인터파크 해외항공] 신항공 영수증요청,"안녕하세요, 인터파크투어입니다. 카드 영수증 및 대행수수료는 마이페이지 내 확인 가능합니다. - 카드 영수증 , 대행수수료 영수증  : 사이트에서 출력 가능 마이페이지 > 해당 예약번호 클릭 > 영수증 보기 > [항공권 영수증] [대행 수수료 영수증] 각각 출력 가능합니다.


감사합니다. [인터파크 투어 고객센터]
※ 1:1문의 : 인터파크 투어 > 고객센터 > 1:1 문의하기
※ 전화 : 1588-3443 (해외 이용 시 +82-2-1588-3443) ※ 상담 가능 시간 항공 : 오전 9시 - 오후 5시 (주말, 공휴일, 점심시간 제외)","안녕하세요, 인터파크투어입니다. 카드 영수증 및 대행수수료는 마이페이지 내 확인 가능합니다. - 카드 영수증 , 대행수수료 영수증  : 사이트에서 출력 가능 마이페이지 > 해당 예약번호 클릭 > 영수증 보기 > [항공권 영수증] [대행 수수료 영수증] 각각 출력 가능합니다.


감사합니다. [인터파크 투어 고객센터]
※ 1:1문의 : 인터파크 투어 > 고객센터 > 1:1 문의하기
※ 전화 : 1588-3443 (해외 이용 시 +82-2-1588-3443) ※ 상담 가능 시간 항공 : 오전 9시 - 오후 5시 (주말, 공휴일, 점심시간 제외)"
655,INTERPARKTOUR,[인터파크 해외항공] 최저가 보상 확정 회신 요청안내,"안녕하세요, 인터파크투어입니다. 예약번호 : ID :    로 최저가 보상금액 :   원 최저가 보상  월 일까지 확정 회신 주시면 신청도와드리겠습니다. ● 최저가보상은 1회만 접수 가능합니다.
● 구매하신 ID 로 접수일로 부터 2주내에 차액만큼 아이포인트 적립이 진행됩니다. 감사합니다. [인터파크 투어 고객센터]
※ 1:1문의 : 인터파크 투어 > 고객센터 > 1:1 문의하기
※ 전화 : 1588-3443 (해외 이용시 +82-2-1588-3443) ※ 상담 가능시간 항공 : 오전 9시 - 오후 5시 (주말,공휴일,점심시간 제외)","안녕하세요, 인터파크투어입니다. 예약번호 : ID : 로 최저가 보상금액 : 원 최저가 보상 월 일까지 확정 회신 주시면 신청도와드리겠습니다. ● 최저가보상은 1회만 접수 가능합니다. ● 구매하신 ID 로 접수일로 부터 2주내에 차액만큼 아이포인트 적립이 진행됩니다. 감사합니다. [인터파크 투어 고객센터] ※ 1:1문의 : 인터파크 투어 > 고객센터 > 1:1 문의하기 ※ 전화 : 1588-3443 (해외 이용시 +82-2-1588-3443) ※ 상담 가능시간 항공 : 오전 9시 - 오후 5시 (주말,공휴일,점심시간 제외)"
